time_sec,FP1
0.0,14.599
0.004,11.281
0.008,30.232
0.012,33.26
0.016,8.836
0.02,10.773
0.024,18.099
0.028,10.646
0.032,10.129
0.036,1.801
0.04,15.048
0.044,13.959
0.048,7.415
0.052,13.625
0.056,4.114
0.06,-12.694
0.064,-10.446
0.068,-28.956
0.072,-21.116
0.076,-33.052
0.08,-35.303
0.084,-36.687
0.088,-15.386
0.092,-17.747
0.096,-10.063
0.1,0.114
0.104,15.078
0.108,19.019
0.112,21.737
0.116,21.589
0.12,33.164
0.124,9.924
0.128,6.525
0.132,2.605
0.136,13.836
0.14,18.752
0.144,9.919
0.148,4.575
0.152,3.637
0.156,12.292
0.16,7.776
0.164,-0.639
0.168,-17.626
0.172,-16.936
0.176,-22.213
0.18,-22.629
0.184,-15.098
0.188,-14.691
0.192,-3.073
0.196,1.049
0.2,11.364
0.204,20.827
0.208,8.12
0.212,18.2
0.216,15.291
0.22,10.398
0.224,9.032
0.228,19.263
0.232,-2.431
0.236,10.838
0.24,-10.624
0.244,0.362
0.248,4.078
0.252,5.864
0.256,3.386
0.26,-1.334
0.264,-17.188
0.268,-25.104
0.272,-20.516
0.276,-32.552
0.28,-41.569
0.284,-37.072
0.288,-28.587
0.292,-7.987
0.296,-0.442
0.3,13.902
0.304,13.119
0.308,23.222
0.312,29.304
0.316,21.406
0.32,25.167
0.324,12.981
0.328,12.323
0.332,10.065
0.336,2.653
0.34,16.161
0.344,8.795
0.348,12.252
0.352,14.052
0.356,9.75
0.36,5.381
0.364,-8.365
0.368,-19.045
0.372,-23.474
0.376,-41.284
0.38,-41.084
0.384,-38.153
0.388,-30.207
0.392,-11.174
0.396,-12.588
0.4,0.321
0.404,20.743
0.408,11.901
0.412,22.146
0.416,7.69
0.42,10.677
0.424,1.222
0.428,3.013
0.432,10.508
0.436,-10.552
0.44,7.37
0.444,6.855
0.448,0.748
0.452,-6.917
0.456,2.423
0.46,-7.189
0.464,-7.338
0.468,-15.679
0.472,-8.787
0.476,-27.062
0.48,-33.714
0.484,-20.904
0.488,-14.103
0.492,3.857
0.496,9.515
0.5,15.016
0.504,31.307
0.508,14.719
0.512,20.617
0.516,17.032
0.52,18.072
0.524,6.063
0.528,18.258
0.532,8.486
0.536,-3.141
0.54,-0.112
0.544,10.245
0.548,13.591
0.552,20.581
0.556,23.685
0.56,-2.504
0.564,-21.312
0.568,-38.341
0.572,-26.002
0.576,-39.156
0.58,-37.146
0.584,-36.136
0.588,-26.293
0.592,-7.983
0.596,-5.38
0.6,1.662
0.604,2.534
0.608,2.698
0.612,14.545
0.616,17.712
0.62,30.174
0.624,14.218
0.628,18.485
0.632,5.121
0.636,-0.571
0.64,1.999
0.644,5.029
0.648,28.324
0.652,3.662
0.656,13.795
0.66,-5.393
0.664,2.469
0.668,-9.222
0.672,-20.046
0.676,-23.473
0.68,-29.617
0.684,-18.501
0.688,-20.119
0.692,-18.309
0.696,-9.715
0.7,10.432
0.704,28.409
0.708,21.058
0.712,19.809
0.716,21.34
0.72,25.957
0.724,12.988
0.728,4.016
0.732,13.345
0.736,6.522
0.74,15.125
0.744,4.507
0.748,-7.02
0.752,-9.771
0.756,10.904
0.76,6.109
0.764,-15.834
0.768,-24.471
0.772,-15.688
0.776,-39.878
0.78,-38.521
0.784,-22.859
0.788,-24.388
0.792,-12.006
0.796,-2.889
0.8,11.079
0.804,27.796
0.808,22.678
0.812,29.451
0.816,7.48
0.82,21.123
0.824,11.531
0.828,5.477
0.832,6.094
0.836,9.547
0.84,19.592
0.844,1.939
0.848,12.397
0.852,6.332
0.856,3.556
0.86,8.08
0.864,-3.273
0.868,-4.959
0.872,-24.073
0.876,-33.353
0.88,-31.298
0.884,-25.631
0.888,-20.817
0.892,-23.047
0.896,-4.62
0.9,5.172
0.904,30.489
0.908,29.766
0.912,9.42
0.916,12.86
0.92,0.613
0.924,4.096
0.928,8.25
0.932,13.432
0.936,-2.566
0.94,-1.338
0.944,-12.225
0.948,4.2
0.952,-3.848
0.956,-2.39
0.96,-9.968
0.964,-9.953
0.968,-29.916
0.972,-33.337
0.976,-8.113
0.98,-35.826
0.984,-31.112
0.988,-1.167
0.992,16.224
0.996,-6.539
1.0,9.215
1.004,22.333
1.008,38.058
1.012,17.84
1.016,22.482
1.02,27.409
1.024,20.555
1.028,10.167
1.032,9.193
1.036,-2.374
1.04,6.107
1.044,5.606
1.048,8.744
1.052,0.165
1.056,4.146
1.06,2.282
1.064,-12.152
1.068,-18.471
1.072,-27.718
1.076,-32.652
1.08,-39.596
1.084,-28.708
1.088,-25.945
1.092,0.234
1.096,5.951
1.1,6.017
1.104,4.715
1.108,7.197
1.112,27.964
1.116,20.245
1.12,19.872
1.124,-0.781
1.128,18.042
1.132,12.751
1.136,0.025
1.14,5.948
1.144,12.94
1.148,11.716
1.152,7.895
1.156,6.259
1.16,-0.186
1.164,-3.763
1.168,-0.53
1.172,-39.326
1.176,-25.042
1.18,-22.967
1.184,-19.702
1.188,-19.455
1.192,-22.558
1.196,3.132
1.2,22.87
1.204,3.506
1.208,26.688
1.212,18.13
1.216,18.563
1.22,7.086
1.224,8.557
1.228,17.704
1.232,9.156
1.236,16.95
1.24,12.259
1.244,6.554
1.248,16.727
1.252,4.686
1.256,4.32
1.26,-10.053
1.264,-13.865
1.268,-26.985
1.272,-19.463
1.276,-40.448
1.28,-25.105
1.284,-29.531
1.288,-11.861
1.292,-5.958
1.296,12.983
1.3,14.225
1.304,3.96
1.308,21.418
1.312,14.923
1.316,19.735
1.32,33.603
1.324,23.377
1.328,9.636
1.332,5.009
1.336,12.482
1.34,2.533
1.344,7.181
1.348,14.648
1.352,19.448
1.356,11.048
1.36,-18.272
1.364,-5.143
1.368,-15.082
1.372,-19.525
1.376,-14.856
1.38,-46.013
1.384,-32.3
1.388,-17.502
1.392,-27.025
1.396,6.463
1.4,6.293
1.404,17.122
1.408,10.184
1.412,22.756
1.416,23.707
1.42,14.183
1.424,10.697
1.428,7.888
1.432,-3.121
1.436,2.086
1.44,2.675
1.444,8.021
1.448,13.499
1.452,-3.817
1.456,0.846
1.46,8.899
1.464,-15.148
1.468,-22.432
1.472,-19.983
1.476,-18.392
1.48,-25.435
1.484,-11.707
1.488,-9.008
1.492,-0.282
1.496,7.267
1.5,30.782
1.504,17.959
1.508,8.201
1.512,38.569
1.516,20.783
1.52,22.054
1.524,27.553
1.528,0.358
1.532,0.251
1.536,-4.185
1.54,1.659
1.544,11.254
1.548,11.08
1.552,6.817
1.556,-10.928
1.56,-24.3
1.564,-12.961
1.568,-25.059
1.572,-24.468
1.576,-27.037
1.58,-32.718
1.584,-25.159
1.588,-23.333
1.592,-12.27
1.596,-12.273
1.6,1.494
1.604,12.393
1.608,22.66
1.612,15.285
1.616,22.312
1.62,13.904
1.624,12.235
1.628,17.259
1.632,-6.829
1.636,-1.464
1.64,-2.137
1.644,-7.838
1.648,5.87
1.652,16.228
1.656,4.808
1.66,3.412
1.664,3.73
1.668,-1.68
1.672,-19.346
1.676,-12.318
1.68,-23.642
1.684,-28.769
1.688,-21.235
1.692,-20.349
1.696,-6.597
1.7,6.187
1.704,22.205
1.708,33.544
1.712,9.7
1.716,22.196
1.72,7.185
1.724,15.031
1.728,6.255
1.732,-10.152
1.736,10.518
1.74,-2.001
1.744,-1.23
1.748,-5.782
1.752,-4.06
1.756,1.119
1.76,-9.194
1.764,-11.768
1.768,-18.51
1.772,-16.815
1.776,-33.764
1.78,-43.178
1.784,-19.468
1.788,-23.883
1.792,-3.048
1.796,1.485
1.8,7.329
1.804,19.327
1.808,37.561
1.812,40.915
1.816,24.436
1.82,22.794
1.824,26.887
1.828,8.462
1.832,15.784
1.836,12.013
1.84,14.776
1.844,5.884
1.848,-0.564
1.852,-6.378
1.856,-2.762
1.86,-3.611
1.864,-9.923
1.868,-0.161
1.872,-13.989
1.876,-35.482
1.88,-26.725
1.884,-30.828
1.888,-24.504
1.892,-12.89
1.896,-0.391
1.9,0.632
1.904,18.86
1.908,5.616
1.912,16.297
1.916,35.941
1.92,14.105
1.924,20.288
1.928,6.458
1.932,8.432
1.936,2.812
1.94,2.531
1.944,-1.282
1.948,8.943
1.952,-2.161
1.956,7.17
1.96,5.73
1.964,-6.267
1.968,-18.144
1.972,-17.969
1.976,-27.617
1.98,-18.042
1.984,-36.989
1.988,-18.548
1.992,-22.943
1.996,-9.127
2.0,23.072
2.004,26.762
2.008,18.473
2.012,13.715
2.016,0.728
2.02,16.843
2.024,36.44
2.028,16.655
2.032,5.787
2.036,12.346
2.04,-4.475
2.044,5.358
2.048,7.682
2.052,3.918
2.056,6.7
2.06,-3.062
2.064,-8.049
2.068,-26.792
2.072,-20.961
2.076,-19.621
2.08,-41.585
2.084,-38.341
2.088,-14.48
2.092,-18.042
2.096,4.594
2.1,-0.61
2.104,22.46
2.108,17.148
2.112,20.501
2.116,30.66
2.12,13.137
2.124,5.646
2.128,7.034
2.132,12.734
2.136,-3.618
2.14,14.82
2.144,6.52
2.148,20.479
2.152,-8.921
2.156,0.795
2.16,-11.662
2.164,-11.594
2.168,-10.321
2.172,-20.227
2.176,-25.174
2.18,-25.652
2.184,-20.443
2.188,-24.548
2.192,-2.85
2.196,5.81
2.2,12.131
2.204,20.229
2.208,22.149
2.212,37.038
2.216,18.357
2.22,13.053
2.224,5.205
2.228,-0.954
2.232,-5.461
2.236,-4.019
2.24,2.274
2.244,5.716
2.248,3.185
2.252,-4.95
2.256,4.898
2.26,-1.765
2.264,-15.675
2.268,-26.629
2.272,-22.992
2.276,-29.518
2.28,-42.948
2.284,-28.549
2.288,-19.135
2.292,-19.162
2.296,-0.063
2.3,-3.26
2.304,27.226
2.308,31.937
2.312,22.279
2.316,26.789
2.32,2.234
2.324,9.026
2.328,12.877
2.332,4.542
2.336,17.935
2.34,28.243
2.344,3.138
2.348,5.453
2.352,12.089
2.356,19.066
2.36,-9.721
2.364,-5.585
2.368,-1.088
2.372,-36.051
2.376,-38.034
2.38,-32.896
2.384,-31.736
2.388,-15.729
2.392,-12.439
2.396,-19.544
2.4,7.47
2.404,5.729
2.408,24.947
2.412,11.225
2.416,10.066
2.42,16.649
2.424,14.926
2.428,9.31
2.432,-9.699
2.436,7.571
2.44,-4.38
2.444,6.836
2.448,-5.889
2.452,8.222
2.456,-4.607
2.46,-13.214
2.464,-3.488
2.468,-13.921
2.472,-26.513
2.476,-13.538
2.48,-29.051
2.484,-22.081
2.488,-13.711
2.492,-11.974
2.496,6.603
2.5,7.893
2.504,16.307
2.508,35.13
2.512,17.41
2.516,5.142
2.52,34.078
2.524,37.471
2.528,9.934
2.532,-5.231
2.536,6.142
2.54,5.723
2.544,6.217
2.548,-2.021
2.552,9.244
2.556,4.57
2.56,-17.775
2.564,-7.802
2.568,-4.863
2.572,-26.768
2.576,-35.351
2.58,-34.96
2.584,-26.318
2.588,-39.012
2.592,-15.196
2.596,-9.76
2.6,17.713
2.604,9.426
2.608,29.439
2.612,9.605
2.616,22.841
2.62,18.586
2.624,6.223
2.628,12.042
2.632,18.815
2.636,6.318
2.64,-3.816
2.644,10.69
2.648,4.077
2.652,7.494
2.656,6.435
2.66,-11.815
2.664,-17.909
2.668,-8.445
2.672,-22.975
2.676,-43.665
2.68,-18.1
2.684,-19.891
2.688,-22.19
2.692,-19.039
2.696,7.195
2.7,11.846
2.704,34.837
2.708,23.139
2.712,23.859
2.716,17.718
2.72,22.043
2.724,16.234
2.728,17.318
2.732,0.325
2.736,-0.392
2.74,-0.993
2.744,9.368
2.748,14.763
2.752,-2.497
2.756,-5.702
2.76,-5.168
2.764,-16.364
2.768,-13.789
2.772,-45.394
2.776,-37.636
2.78,-37.623
2.784,-46.568
2.788,-28.94
2.792,-19.286
2.796,-3.191
2.8,17.282
2.804,14.576
2.808,13.707
2.812,23.844
2.816,32.275
2.82,13.705
2.824,10.992
2.828,19.696
2.832,11.347
2.836,17.4
2.84,12.156
2.844,18.164
2.848,3.872
2.852,10.109
2.856,4.492
2.86,-9.669
2.864,-20.085
2.868,-10.173
2.872,-25.644
2.876,-35.964
2.88,-30.276
2.884,-18.547
2.888,-40.475
2.892,-26.345
2.896,-12.727
2.9,15.036
2.904,12.61
2.908,20.89
2.912,7.125
2.916,6.203
2.92,15.903
2.924,9.288
2.928,10.115
2.932,2.284
2.936,5.492
2.94,5.16
2.944,11.176
2.948,11.957
2.952,-8.308
2.956,-16.133
2.96,5.061
2.964,0.303
2.968,-24.019
2.972,-36.48
2.976,-24.355
2.98,-18.079
2.984,-7.957
2.988,-11.732
2.992,-9.99
2.996,-4.311
3.0,12.253
3.004,17.206
3.008,16.108
3.012,42.125
3.016,38.726
3.02,30.279
3.024,9.71
3.028,20.017
3.032,15.381
3.036,12.166
3.04,18.01
3.044,12.82
3.048,12.806
3.052,9.702
3.056,3.1
3.06,-20.088
3.064,-12.727
3.068,-25.734
3.072,-38.382
3.076,-19.198
3.08,-19.992
3.084,-20.366
3.088,-23.125
3.092,-5.706
3.096,-6.54
3.1,4.553
3.104,2.071
3.108,19.272
3.112,18.918
3.116,7.722
3.12,15.621
3.124,12.537
3.128,25.003
3.132,16.269
3.136,9.0
3.14,11.71
3.144,11.184
3.148,9.673
3.152,1.573
3.156,5.879
3.16,-4.139
3.164,-14.987
3.168,-8.212
3.172,-15.663
3.176,-37.441
3.18,-25.36
3.184,-14.104
3.188,-8.006
3.192,-0.298
3.196,0.82
3.2,2.291
3.204,7.107
3.208,22.535
3.212,23.792
3.216,29.352
3.22,24.309
3.224,10.175
3.228,-2.65
3.232,1.942
3.236,4.83
3.24,1.223
3.244,-1.582
3.248,4.799
3.252,-2.857
3.256,-7.328
3.26,-5.189
3.264,-17.614
3.268,-19.453
3.272,-25.194
3.276,-40.137
3.28,-35.213
3.284,-16.503
3.288,-30.528
3.292,-28.898
3.296,-16.477
3.3,8.611
3.304,16.784
3.308,21.012
3.312,34.013
3.316,2.499
3.32,24.68
3.324,30.768
3.328,6.205
3.332,10.081
3.336,6.197
3.34,5.11
3.344,9.94
3.348,23.572
3.352,24.905
3.356,3.49
3.36,15.299
3.364,-7.293
3.368,-1.629
3.372,-23.583
3.376,-26.737
3.38,-26.583
3.384,-2.14
3.388,-15.419
3.392,-20.03
3.396,2.408
3.4,0.452
3.404,6.431
3.408,22.02
3.412,16.495
3.416,17.388
3.42,12.432
3.424,11.515
3.428,9.125
3.432,-11.71
3.436,8.599
3.44,-3.961
3.444,-6.585
3.448,5.034
3.452,5.323
3.456,-3.702
3.46,3.696
3.464,-19.936
3.468,-19.109
3.472,-26.28
3.476,-25.52
3.48,-23.295
3.484,-30.401
3.488,-10.068
3.492,-6.512
3.496,-12.302
3.5,-3.508
3.504,19.502
3.508,22.461
3.512,24.908
3.516,24.22
3.52,22.995
3.524,24.658
3.528,4.288
3.532,0.888
3.536,-0.121
3.54,10.324
3.544,17.696
3.548,3.436
3.552,-15.406
3.556,-13.258
3.56,-12.484
3.564,-17.857
3.568,-24.552
3.572,-27.835
3.576,-35.146
3.58,-25.429
3.584,-36.648
3.588,-32.065
3.592,-12.68
3.596,-18.921
3.6,6.048
3.604,11.64
3.608,14.916
3.612,31.141
3.616,13.165
3.62,32.513
3.624,11.372
3.628,0.406
3.632,9.675
3.636,0.298
3.64,3.706
3.644,14.007
3.648,15.741
3.652,5.255
3.656,14.987
3.66,11.09
3.664,6.506
3.668,-8.067
3.672,-7.886
3.676,-38.193
3.68,-26.922
3.684,-29.006
3.688,-15.526
3.692,-13.076
3.696,-0.821
3.7,24.109
3.704,14.419
3.708,23.088
3.712,18.9
3.716,19.659
3.72,15.557
3.724,14.82
3.728,16.626
3.732,17.674
3.736,5.569
3.74,7.556
3.744,-6.166
3.748,2.073
3.752,8.697
3.756,4.624
3.76,-5.987
3.764,-7.307
3.768,-17.479
3.772,-17.777
3.776,-28.707
3.78,-34.209
3.784,-25.319
3.788,-44.676
3.792,-8.902
3.796,-30.769
3.8,-5.409
3.804,20.151
3.808,25.773
3.812,15.0
3.816,18.184
3.82,32.477
3.824,14.405
3.828,33.171
3.832,13.104
3.836,15.484
3.84,25.2
3.844,13.599
3.848,4.134
3.852,9.328
3.856,5.893
3.86,-10.86
3.864,-9.624
3.868,-21.596
3.872,-15.442
3.876,-27.508
3.88,-31.769
3.884,-28.421
3.888,-20.444
3.892,-9.438
3.896,-13.342
3.9,-4.986
3.904,19.187
3.908,11.453
3.912,4.911
3.916,18.71
3.92,16.027
3.924,-3.424
3.928,7.561
3.932,9.67
3.936,6.262
3.94,8.951
3.944,-6.281
3.948,8.149
3.952,2.23
3.956,-2.017
3.96,4.012
3.964,2.635
3.968,-1.499
3.972,-11.083
3.976,-26.025
3.98,-22.704
3.984,-16.204
3.988,-14.893
3.992,-5.97
3.996,9.424
4.0,11.687
4.004,13.766
4.008,20.913
4.012,30.806
4.016,24.468
4.02,23.912
4.024,22.437
4.028,10.178
4.032,16.314
4.036,11.656
4.04,-1.866
4.044,19.275
4.048,2.88
4.052,-8.634
4.056,-7.987
4.06,-13.988
4.064,-12.978
4.068,-23.476
4.072,-30.838
4.076,-27.695
4.08,-31.105
4.084,-28.711
4.088,-21.888
4.092,-11.582
4.096,-23.5
4.1,0.015
4.104,-6.623
4.108,16.384
4.112,18.398
4.116,26.507
4.12,25.532
4.124,14.798
4.128,6.62
4.132,12.997
4.136,4.685
4.14,9.709
4.144,18.72
4.148,6.834
4.152,16.678
4.156,12.507
4.16,-5.808
4.164,2.807
4.168,-6.713
4.172,-17.978
4.176,-29.246
4.18,-31.253
4.184,-26.371
4.188,-12.139
4.192,-16.149
4.196,4.009
4.2,-0.883
4.204,14.144
4.208,20.655
4.212,40.319
4.216,8.035
4.22,27.285
4.224,12.432
4.228,10.593
4.232,5.442
4.236,6.65
4.24,1.61
4.244,14.674
4.248,-0.876
4.252,10.232
4.256,-7.459
4.26,-8.162
4.264,-22.973
4.268,-17.765
4.272,-15.819
4.276,-31.641
4.28,-32.938
4.284,-36.922
4.288,-23.066
4.292,-24.707
4.296,-8.885
4.3,10.193
4.304,27.089
4.308,44.427
4.312,19.607
4.316,35.364
4.32,23.463
4.324,17.067
4.328,18.688
4.332,13.614
4.336,13.103
4.34,8.998
4.344,1.366
4.348,-0.197
4.352,15.432
4.356,3.964
4.36,-4.711
4.364,-7.51
4.368,-9.299
4.372,-21.394
4.376,-33.034
4.38,-19.697
4.384,-14.938
4.388,-18.273
4.392,-6.583
4.396,4.591
4.4,12.387
4.404,15.262
4.408,19.538
4.412,20.403
4.416,6.38
4.42,17.926
4.424,-2.024
4.428,-0.631
4.432,14.214
4.436,9.988
4.44,15.794
4.444,2.78
4.448,-3.717
4.452,2.727
4.456,2.662
4.46,-2.321
4.464,-0.13
4.468,-18.744
4.472,-18.785
4.476,-33.056
4.48,-21.924
4.484,-22.313
4.488,-21.861
4.492,-8.903
4.496,1.36
4.5,10.0
4.504,33.771
4.508,23.441
4.512,23.784
4.516,7.665
4.52,14.037
4.524,14.972
4.528,7.69
4.532,21.317
4.536,7.306
4.54,18.32
4.544,8.23
4.548,7.184
4.552,3.897
4.556,0.404
4.56,7.931
4.564,-31.952
4.568,-37.297
4.572,-32.489
4.576,-32.536
4.58,-28.303
4.584,-27.455
4.588,-28.24
4.592,-8.359
4.596,1.605
4.6,4.403
4.604,18.52
4.608,18.277
4.612,13.943
4.616,23.725
4.62,16.916
4.624,13.186
4.628,22.406
4.632,-10.492
4.636,-2.433
4.64,0.224
4.644,7.924
4.648,9.259
4.652,-1.826
4.656,-0.794
4.66,-5.057
4.664,14.675
4.668,2.112
4.672,-22.087
4.676,-26.056
4.68,-33.572
4.684,-37.335
4.688,-17.415
4.692,-16.487
4.696,-0.17
4.7,-3.75
4.704,9.681
4.708,20.967
4.712,23.687
4.716,22.393
4.72,4.945
4.724,18.071
4.728,0.902
4.732,9.558
4.736,3.007
4.74,-8.172
4.744,0.512
4.748,5.698
4.752,6.078
4.756,-3.432
4.76,4.574
4.764,-6.338
4.768,-23.459
4.772,-21.379
4.776,-15.552
4.78,-15.68
4.784,-37.829
4.788,-28.644
4.792,-0.085
4.796,-10.048
4.8,-2.202
4.804,12.647
4.808,25.315
4.812,23.48
4.816,18.677
4.82,16.119
4.824,12.578
4.828,8.191
4.832,31.372
4.836,14.6
4.84,19.359
4.844,8.638
4.848,10.665
4.852,4.497
4.856,-15.036
4.86,-10.966
4.864,-22.063
4.868,-33.657
4.872,-32.399
4.876,-17.186
4.88,-29.862
4.884,-17.247
4.888,-18.942
4.892,-8.112
4.896,-12.551
4.9,7.538
4.904,16.179
4.908,10.138
4.912,20.722
4.916,19.689
4.92,7.924
4.924,-0.16
4.928,-3.748
4.932,4.477
4.936,5.883
4.94,-2.445
4.944,5.166
4.948,10.065
4.952,9.597
4.956,14.261
4.96,7.263
4.964,-17.209
4.968,-2.385
4.972,-25.849
4.976,-16.788
4.98,-24.982
4.984,-25.635
4.988,-30.324
4.992,-8.389
4.996,-9.641
5.0,19.899
5.004,31.735
5.008,17.853
5.012,28.151
5.016,18.641
5.02,16.163
5.024,23.272
5.028,12.868
5.032,24.181
5.036,4.768
5.04,16.007
5.044,8.516
5.048,13.253
5.052,1.03
5.056,-0.023
5.06,-6.743
5.064,-20.084
5.068,-15.988
5.072,-22.941
5.076,-27.904
5.08,-21.528
5.084,-19.645
5.088,-28.166
5.092,-13.527
5.096,-11.625
5.1,3.118
5.104,6.021
5.108,29.056
5.112,21.345
5.116,16.399
5.12,25.58
5.124,-4.19
5.128,-5.49
5.132,15.482
5.136,9.392
5.14,11.724
5.144,0.219
5.148,11.11
5.152,26.261
5.156,13.681
5.16,3.188
5.164,-8.496
5.168,-15.459
5.172,-35.827
5.176,-21.086
5.18,-17.615
5.184,-34.675
5.188,-21.771
5.192,-17.764
5.196,-7.214
5.2,9.479
5.204,-0.899
5.208,24.692
5.212,26.789
5.216,17.045
5.22,-4.336
5.224,3.262
5.228,17.167
5.232,-17.729
5.236,0.312
5.24,-6.601
5.244,9.478
5.248,-2.625
5.252,4.406
5.256,2.22
5.26,7.009
5.264,-16.021
5.268,-18.397
5.272,-39.26
5.276,-21.499
5.28,-37.447
5.284,-32.491
5.288,-21.409
5.292,-24.468
5.296,0.248
5.3,16.118
5.304,18.88
5.308,9.242
5.312,23.309
5.316,29.817
5.32,6.489
5.324,9.679
5.328,22.24
5.332,15.28
5.336,15.516
5.34,27.141
5.344,16.299
5.348,17.415
5.352,31.892
5.356,4.467
5.36,-6.325
5.364,-4.155
5.368,-12.147
5.372,-27.05
5.376,-36.044
5.38,-11.028
5.384,-24.957
5.388,-28.088
5.392,-7.045
5.396,-6.217
5.4,1.323
5.404,14.848
5.408,4.416
5.412,19.067
5.416,30.463
5.42,16.05
5.424,5.812
5.428,1.669
5.432,0.503
5.436,1.235
5.44,0.872
5.444,12.284
5.448,-8.365
5.452,11.547
5.456,-1.192
5.46,0.063
5.464,-18.215
5.468,-5.225
5.472,-11.636
5.476,-17.471
5.48,-37.644
5.484,-15.705
5.488,-12.624
5.492,-19.859
5.496,2.639
5.5,15.077
5.504,24.049
5.508,25.647
5.512,28.065
5.516,36.233
5.52,30.999
5.524,-5.86
5.528,10.637
5.532,8.947
5.536,-5.391
5.54,8.766
5.544,17.727
5.548,-1.806
5.552,7.298
5.556,-6.953
5.56,-11.195
5.564,-1.576
5.568,-25.625
5.572,-24.446
5.576,-47.622
5.58,-18.925
5.584,-26.418
5.588,-26.626
5.592,-11.907
5.596,-17.915
5.6,12.391
5.604,8.227
5.608,14.463
5.612,14.502
5.616,13.498
5.62,21.588
5.624,15.223
5.628,15.837
5.632,9.045
5.636,13.014
5.64,6.369
5.644,28.668
5.648,-1.247
5.652,20.32
5.656,18.031
5.66,-4.987
5.664,12.85
5.668,-4.338
5.672,-11.024
5.676,-22.923
5.68,-26.117
5.684,-23.745
5.688,-13.355
5.692,2.705
5.696,1.959
5.7,1.76
5.704,22.372
5.708,27.147
5.712,25.995
5.716,25.018
5.72,13.342
5.724,3.801
5.728,0.358
5.732,-8.589
5.736,4.987
5.74,2.172
5.744,-0.479
5.748,-20.869
5.752,-8.804
5.756,6.663
5.76,-12.997
5.764,-11.513
5.768,-32.531
5.772,-15.87
5.776,-32.174
5.78,-29.043
5.784,-9.399
5.788,-9.1
5.792,-14.417
5.796,-6.328
5.8,5.774
5.804,20.616
5.808,21.111
5.812,21.138
5.816,35.619
5.82,20.599
5.824,36.673
5.828,15.953
5.832,27.402
5.836,15.079
5.84,19.969
5.844,6.754
5.848,5.322
5.852,13.883
5.856,14.086
5.86,0.38
5.864,-17.869
5.868,-26.541
5.872,-34.254
5.876,-41.926
5.88,-28.631
5.884,-18.571
5.888,-22.337
5.892,-32.456
5.896,-6.87
5.9,2.044
5.904,27.117
5.908,3.094
5.912,13.121
5.916,28.806
5.92,15.92
5.924,13.329
5.928,6.642
5.932,6.425
5.936,9.487
5.94,-2.581
5.944,11.978
5.948,-5.483
5.952,7.278
5.956,3.276
5.96,-7.883
5.964,-9.381
5.968,-20.834
5.972,-30.175
5.976,-27.976
5.98,-34.358
5.984,-19.756
5.988,-25.063
5.992,-1.321
5.996,-6.618
6.0,7.631
6.004,14.604
6.008,34.83
6.012,28.377
6.016,22.75
6.02,25.18
6.024,0.219
6.028,12.831
6.032,26.244
6.036,9.684
6.04,8.556
6.044,12.122
6.048,14.051
6.052,-11.373
6.056,-13.085
6.06,-4.137
6.064,-19.115
6.068,-10.789
6.072,-30.665
6.076,-48.129
6.08,-43.968
6.084,-53.237
6.088,-27.039
6.092,-18.018
6.096,-10.032
6.1,11.562
6.104,20.407
6.108,14.733
6.112,1.357
6.116,23.081
6.12,20.474
6.124,15.65
6.128,18.474
6.132,-0.203
6.136,24.978
6.14,2.045
6.144,16.824
6.148,-2.203
6.152,2.791
6.156,19.218
6.16,-0.257
6.164,1.735
6.168,-10.406
6.172,-19.633
6.176,-12.236
6.18,-26.272
6.184,-36.316
6.188,-22.905
6.192,-4.095
6.196,3.673
6.2,-3.485
6.204,9.982
6.208,15.124
6.212,17.834
6.216,8.046
6.22,10.482
6.224,5.404
6.228,13.476
6.232,10.968
6.236,1.925
6.24,-0.297
6.244,4.161
6.248,-3.757
6.252,-8.0
6.256,-9.825
6.26,-12.759
6.264,-23.706
6.268,-20.109
6.272,-21.542
6.276,-43.719
6.28,-31.162
6.284,-29.765
6.288,-18.499
6.292,-12.068
6.296,-13.211
6.3,-1.721
6.304,16.772
6.308,30.183
6.312,6.586
6.316,26.647
6.32,31.03
6.324,17.053
6.328,19.629
6.332,7.495
6.336,11.265
6.34,-0.702
6.344,-6.204
6.348,19.694
6.352,2.326
6.356,2.533
6.36,-11.033
6.364,-18.857
6.368,-17.049
6.372,-28.673
6.376,-24.762
6.38,-25.887
6.384,-25.005
6.388,-20.321
6.392,-1.75
6.396,-13.885
6.4,2.907
6.404,19.411
6.408,24.868
6.412,4.872
6.416,12.66
6.42,23.185
6.424,12.887
6.428,7.288
6.432,2.044
6.436,0.196
6.44,6.2
6.444,2.934
6.448,5.16
6.452,5.28
6.456,-3.579
6.46,1.304
6.464,14.115
6.468,-30.07
6.472,-19.009
6.476,-31.229
6.48,-20.907
6.484,-21.966
6.488,-9.768
6.492,2.388
6.496,4.373
6.5,21.217
6.504,0.846
6.508,36.952
6.512,28.736
6.516,33.067
6.52,11.432
6.524,10.43
6.528,14.344
6.532,10.127
6.536,10.89
6.54,16.689
6.544,-6.385
6.548,14.677
6.552,4.673
6.556,-1.257
6.56,-17.588
6.564,-9.371
6.568,-40.598
6.572,-22.956
6.576,-44.589
6.58,-33.396
6.584,-32.193
6.588,-15.81
6.592,-17.94
6.596,-12.189
6.6,-1.122
6.604,21.002
6.608,20.386
6.612,15.35
6.616,16.251
6.62,3.493
6.624,16.283
6.628,-3.456
6.632,15.13
6.636,9.937
6.64,28.816
6.644,2.029
6.648,10.475
6.652,24.619
6.656,16.618
6.66,-3.74
6.664,-3.192
6.668,-12.286
6.672,-16.538
6.676,-28.736
6.68,-25.093
6.684,-34.854
6.688,-15.399
6.692,-4.904
6.696,-1.311
6.7,-3.869
6.704,23.685
6.708,22.694
6.712,14.95
6.716,16.809
6.72,3.504
6.724,3.03
6.728,3.001
6.732,14.323
6.736,-2.024
6.74,7.961
6.744,-1.265
6.748,4.759
6.752,0.043
6.756,4.681
6.76,-11.959
6.764,-26.978
6.768,-32.461
6.772,-31.635
6.776,-41.014
6.78,-28.082
6.784,-31.732
6.788,-2.235
6.792,-25.866
6.796,0.047
6.8,-0.645
6.804,12.589
6.808,23.085
6.812,5.697
6.816,25.776
6.82,36.736
6.824,14.649
6.828,17.306
6.832,21.319
6.836,10.909
6.84,7.617
6.844,-5.655
6.848,17.28
6.852,9.3
6.856,-1.924
6.86,1.071
6.864,-12.247
6.868,-19.886
6.872,-17.986
6.876,-38.492
6.88,-21.128
6.884,-38.753
6.888,-27.531
6.892,1.011
6.896,3.675
6.9,4.127
6.904,2.825
6.908,10.517
6.912,16.832
6.916,15.459
6.92,11.593
6.924,8.575
6.928,4.01
6.932,-7.751
6.936,-0.866
6.94,11.212
6.944,-5.993
6.948,3.984
6.952,-1.907
6.956,2.736
6.96,-6.062
6.964,2.62
6.968,-11.801
6.972,-32.096
6.976,-19.777
6.98,-31.723
6.984,-26.954
6.988,-13.352
6.992,-10.95
6.996,9.977
7.0,5.965
7.004,14.649
7.008,18.978
7.012,21.21
7.016,33.238
7.02,26.221
7.024,30.756
7.028,31.318
7.032,2.018
7.036,9.189
7.04,-1.397
7.044,1.516
7.048,1.846
7.052,-3.85
7.056,-8.041
7.06,-6.974
7.064,-23.129
7.068,-14.548
7.072,-35.485
7.076,-10.176
7.08,-37.435
7.084,-30.664
7.088,-35.529
7.092,-2.862
7.096,2.32
7.1,5.306
7.104,0.045
7.108,17.781
7.112,9.464
7.116,29.842
7.12,22.504
7.124,13.939
7.128,-8.868
7.132,1.248
7.136,14.41
7.14,19.423
7.144,19.704
7.148,-1.44
7.152,12.645
7.156,15.211
7.16,-11.437
7.164,-5.047
7.168,-10.111
7.172,-21.199
7.176,-37.964
7.18,-26.984
7.184,-24.688
7.188,-17.664
7.192,-13.012
7.196,-3.036
7.2,8.734
7.204,19.316
7.208,17.342
7.212,17.481
7.216,19.793
7.22,0.142
7.224,15.049
7.228,7.299
7.232,4.813
7.236,10.778
7.24,-12.783
7.244,-12.749
7.248,4.966
7.252,1.117
7.256,-0.942
7.26,-11.377
7.264,-9.083
7.268,-13.944
7.272,-23.508
7.276,-33.109
7.28,-48.225
7.284,-21.852
7.288,-11.458
7.292,-6.808
7.296,-8.619
7.3,13.769
7.304,23.421
7.308,34.424
7.312,17.291
7.316,22.07
7.32,27.491
7.324,18.736
7.328,6.289
7.332,16.436
7.336,16.849
7.34,12.969
7.344,14.307
7.348,10.083
7.352,22.032
7.356,-1.028
7.36,-4.64
7.364,-7.49
7.368,-8.627
7.372,-34.815
7.376,-38.268
7.38,-45.809
7.384,-27.31
7.388,-31.176
7.392,-17.449
7.396,-0.053
7.4,-1.786
7.404,12.2
7.408,12.357
7.412,21.623
7.416,18.96
7.42,6.785
7.424,7.473
7.428,14.075
7.432,6.932
7.436,-7.909
7.44,9.14
7.444,-3.723
7.448,16.801
7.452,12.844
7.456,4.165
7.46,-1.695
7.464,-10.871
7.468,-10.426
7.472,-24.567
7.476,-23.263
7.48,-18.551
7.484,-26.833
7.488,-20.792
7.492,-16.571
7.496,-5.682
7.5,-2.466
7.504,25.439
7.508,38.7
7.512,37.138
7.516,11.436
7.52,26.989
7.524,28.453
7.528,9.522
7.532,11.075
7.536,-7.438
7.54,10.146
7.544,-0.772
7.548,8.483
7.552,-7.882
7.556,4.717
7.56,2.377
7.564,-19.661
7.568,-30.38
7.572,-45.392
7.576,-34.784
7.58,-38.476
7.584,-43.648
7.588,-21.542
7.592,-20.111
7.596,-15.242
7.6,-1.506
7.604,19.39
7.608,20.919
7.612,17.395
7.616,23.096
7.62,6.743
7.624,13.434
7.628,11.801
7.632,5.357
7.636,12.392
7.64,3.477
7.644,14.909
7.648,15.711
7.652,-13.105
7.656,16.61
7.66,-22.551
7.664,-9.912
7.668,-4.099
7.672,-21.331
7.676,-34.876
7.68,-33.129
7.684,-13.855
7.688,-31.852
7.692,0.528
7.696,0.068
7.7,-0.488
7.704,11.112
7.708,11.64
7.712,27.688
7.716,24.913
7.72,1.756
7.724,8.004
7.728,0.398
7.732,14.843
7.736,-7.709
7.74,15.673
7.744,2.775
7.748,-6.52
7.752,-4.244
7.756,-8.717
7.76,-17.877
7.764,-13.639
7.768,-31.229
7.772,-44.823
7.776,-34.059
7.78,-45.786
7.784,-34.023
7.788,-28.504
7.792,-18.934
7.796,14.426
7.8,8.83
7.804,18.5
7.808,7.742
7.812,19.068
7.816,25.604
7.82,13.317
7.824,25.541
7.828,5.606
7.832,10.828
7.836,7.532
7.84,13.58
7.844,7.427
7.848,9.985
7.852,8.317
7.856,0.302
7.86,3.939
7.864,-5.67
7.868,-16.367
7.872,-26.28
7.876,-21.413
7.88,-31.394
7.884,-30.025
7.888,-21.392
7.892,-0.8
7.896,-16.067
7.9,9.505
7.904,-4.796
7.908,16.489
7.912,28.847
7.916,19.069
7.92,13.685
7.924,4.339
7.928,5.974
7.932,1.769
7.936,-3.021
7.94,1.576
7.944,6.541
7.948,-0.637
7.952,-1.799
7.956,-9.036
7.96,0.173
7.964,-4.836
7.968,-14.001
7.972,-13.88
7.976,-24.444
7.98,-22.39
7.984,-19.907
7.988,-16.595
7.992,-11.263
7.996,20.547
8.0,8.545
8.004,14.273
8.008,27.701
8.012,27.75
8.016,13.206
8.02,30.172
8.024,16.323
8.028,4.289
8.032,19.774
8.036,13.631
8.04,-2.104
8.044,21.954
8.048,12.157
8.052,4.526
8.056,13.095
8.06,-4.545
8.064,-13.62
8.068,-26.567
8.072,-23.489
8.076,-28.839
8.08,-33.706
8.084,-37.56
8.088,-24.127
8.092,-17.069
8.096,-17.304
8.1,-8.844
8.104,15.34
8.108,-4.719
8.112,20.078
8.116,14.318
8.12,26.497
8.124,9.228
8.128,15.899
8.132,5.94
8.136,9.818
8.14,15.615
8.144,7.13
8.148,19.268
8.152,2.283
8.156,9.444
8.16,9.211
8.164,0.296
8.168,3.03
8.172,-24.901
8.176,-34.18
8.18,-32.334
8.184,-16.786
8.188,-12.496
8.192,-7.686
8.196,-8.475
8.2,15.186
8.204,5.979
8.208,29.049
8.212,43.617
8.216,21.985
8.22,20.174
8.224,7.29
8.228,-7.178
8.232,-0.327
8.236,-5.651
8.24,-8.737
8.244,16.82
8.248,4.958
8.252,4.212
8.256,-4.776
8.26,-9.063
8.264,-6.681
8.268,-21.664
8.272,-23.134
8.276,-32.59
8.28,-34.101
8.284,-39.261
8.288,-37.053
8.292,-14.057
8.296,-1.13
8.3,-1.911
8.304,16.261
8.308,22.383
8.312,7.051
8.316,16.56
8.32,24.771
8.324,21.373
8.328,5.998
8.332,14.387
8.336,20.399
8.34,18.482
8.344,11.788
8.348,8.408
8.352,5.171
8.356,9.92
8.36,1.619
8.364,-2.542
8.368,-14.604
8.372,-16.286
8.376,-27.029
8.38,-23.229
8.384,-20.605
8.388,-28.666
8.392,-28.837
8.396,7.004
8.4,5.4
8.404,-3.366
8.408,9.041
8.412,22.421
8.416,12.922
8.42,8.224
8.424,20.029
8.428,-2.653
8.432,-2.6
8.436,4.958
8.44,7.018
8.444,8.924
8.448,12.791
8.452,6.24
8.456,5.761
8.46,-5.026
8.464,-8.697
8.468,-14.994
8.472,-19.88
8.476,-18.967
8.48,-21.085
8.484,-21.984
8.488,-22.336
8.492,-6.475
8.496,2.61
8.5,13.706
8.504,37.253
8.508,20.039
8.512,29.113
8.516,32.992
8.52,21.975
8.524,35.779
8.528,10.152
8.532,12.856
8.536,2.235
8.54,5.2
8.544,9.728
8.548,13.657
8.552,7.16
8.556,10.447
8.56,-6.579
8.564,-16.053
8.568,0.347
8.572,-24.989
8.576,-38.408
8.58,-39.378
8.584,-38.781
8.588,-17.674
8.592,-19.426
8.596,-5.617
8.6,2.423
8.604,16.671
8.608,9.322
8.612,9.83
8.616,19.937
8.62,20.838
8.624,15.836
8.628,4.147
8.632,14.535
8.636,2.957
8.64,5.548
8.644,3.279
8.648,21.705
8.652,15.3
8.656,11.927
8.66,11.808
8.664,17.517
8.668,-25.976
8.672,-24.7
8.676,-28.076
8.68,-31.185
8.684,-30.691
8.688,-18.877
8.692,-18.237
8.696,3.189
8.7,9.465
8.704,19.625
8.708,23.84
8.712,25.582
8.716,16.066
8.72,32.478
8.724,13.109
8.728,-7.596
8.732,-3.524
8.736,-10.832
8.74,2.978
8.744,2.067
8.748,-0.972
8.752,17.262
8.756,2.088
8.76,-1.872
8.764,-21.846
8.768,-29.399
8.772,-27.085
8.776,-29.638
8.78,-46.214
8.784,-29.448
8.788,-21.119
8.792,-13.686
8.796,-8.089
8.8,4.062
8.804,15.122
8.808,22.68
8.812,29.138
8.816,32.528
8.82,19.158
8.824,14.628
8.828,18.729
8.832,18.006
8.836,8.747
8.84,18.588
8.844,20.387
8.848,22.486
8.852,24.432
8.856,-0.754
8.86,0.169
8.864,-7.487
8.868,-16.443
8.872,-28.031
8.876,-39.67
8.88,-28.766
8.884,-33.718
8.888,-21.541
8.892,-20.725
8.896,-14.141
8.9,5.221
8.904,11.557
8.908,19.385
8.912,33.733
8.916,17.378
8.92,16.201
8.924,0.202
8.928,-4.57
8.932,16.448
8.936,-4.121
8.94,-4.457
8.944,4.641
8.948,4.779
8.952,-2.569
8.956,-0.594
8.96,6.882
8.964,-15.647
8.968,-27.003
8.972,-14.06
8.976,-21.209
8.98,-30.49
8.984,-34.996
8.988,-21.82
8.992,-7.454
8.996,12.159
9.0,3.868
9.004,18.924
9.008,29.63
9.012,6.685
9.016,32.714
9.02,11.731
9.024,19.732
9.028,15.15
9.032,18.94
9.036,13.033
9.04,-11.006
9.044,1.458
9.048,7.992
9.052,3.047
9.056,4.195
9.06,0.495
9.064,-8.528
9.068,-22.999
9.072,-42.914
9.076,-36.296
9.08,-30.493
9.084,-39.963
9.088,-20.116
9.092,-9.244
9.096,-5.621
9.1,-21.58
9.104,0.594
9.108,31.185
9.112,14.063
9.116,2.27
9.12,25.913
9.124,13.282
9.128,19.462
9.132,11.331
9.136,12.577
9.14,12.624
9.144,16.41
9.148,29.515
9.152,18.001
9.156,-5.555
9.16,5.403
9.164,4.148
9.168,-2.68
9.172,-22.206
9.176,-13.827
9.18,-16.957
9.184,-1.49
9.188,-22.48
9.192,-12.564
9.196,-1.94
9.2,5.129
9.204,8.656
9.208,-2.324
9.212,17.28
9.216,22.009
9.22,11.563
9.224,26.716
9.228,7.411
9.232,14.823
9.236,5.183
9.24,9.451
9.244,5.275
9.248,13.726
9.252,1.622
9.256,1.665
9.26,-4.75
9.264,-16.704
9.268,-18.166
9.272,-9.505
9.276,-33.185
9.28,-28.008
9.284,-17.943
9.288,-12.109
9.292,-11.871
9.296,-20.649
9.3,12.512
9.304,-1.219
9.308,33.713
9.312,25.655
9.316,31.879
9.32,14.296
9.324,5.857
9.328,17.314
9.332,12.85
9.336,8.288
9.34,12.942
9.344,34.69
9.348,18.828
9.352,18.602
9.356,12.929
9.36,11.894
9.364,-9.098
9.368,-32.097
9.372,-24.345
9.376,-21.291
9.38,-37.265
9.384,-28.982
9.388,-27.764
9.392,-2.356
9.396,0.651
9.4,8.559
9.404,15.322
9.408,14.453
9.412,17.827
9.416,5.678
9.42,-5.171
9.424,10.023
9.428,8.317
9.432,13.459
9.436,15.837
9.44,16.455
9.444,-3.031
9.448,2.683
9.452,8.494
9.456,22.101
9.46,8.888
9.464,-0.244
9.468,-18.956
9.472,-28.667
9.476,-18.836
9.48,-34.331
9.484,-24.246
9.488,-16.781
9.492,5.727
9.496,-0.004
9.5,-7.353
9.504,23.636
9.508,18.637
9.512,26.076
9.516,23.751
9.52,19.001
9.524,23.399
9.528,0.914
9.532,6.128
9.536,14.098
9.54,3.1
9.544,-5.134
9.548,12.235
9.552,13.592
9.556,0.014
9.56,-21.506
9.564,-7.748
9.568,-34.564
9.572,-25.673
9.576,-39.752
9.58,-43.102
9.584,-34.775
9.588,-26.633
9.592,-21.665
9.596,-1.926
9.6,-0.638
9.604,18.661
9.608,18.345
9.612,12.855
9.616,11.215
9.62,2.851
9.624,15.501
9.628,7.786
9.632,-9.862
9.636,4.622
9.64,2.512
9.644,23.436
9.648,-2.326
9.652,-1.298
9.656,15.967
9.66,12.684
9.664,-10.944
9.668,-17.359
9.672,-13.863
9.676,-41.764
9.68,-39.268
9.684,-24.316
9.688,-4.08
9.692,-11.99
9.696,1.316
9.7,18.121
9.704,32.632
9.708,15.163
9.712,20.623
9.716,33.63
9.72,3.332
9.724,19.454
9.728,-0.843
9.732,5.315
9.736,1.151
9.74,-4.825
9.744,-4.823
9.748,4.987
9.752,9.139
9.756,-3.342
9.76,-7.119
9.764,-9.828
9.768,-29.178
9.772,-21.462
9.776,-24.467
9.78,-10.534
9.784,-31.014
9.788,-24.896
9.792,-5.813
9.796,4.971
9.8,4.098
9.804,13.311
9.808,26.282
9.812,17.679
9.816,20.597
9.82,22.23
9.824,26.244
9.828,10.391
9.832,-1.62
9.836,-3.113
9.84,2.19
9.844,2.045
9.848,10.915
9.852,0.695
9.856,0.556
9.86,-6.135
9.864,-11.102
9.868,-5.079
9.872,-17.541
9.876,-27.656
9.88,-33.195
9.884,-31.037
9.888,-19.607
9.892,-9.699
9.896,-12.605
9.9,3.638
9.904,-5.904
9.908,16.445
9.912,22.343
9.916,12.919
9.92,26.852
9.924,1.772
9.928,7.465
9.932,3.499
9.936,2.464
9.94,2.98
9.944,5.81
9.948,12.285
9.952,15.673
9.956,1.828
9.96,3.57
9.964,-14.813
9.968,-9.726
9.972,-27.697
9.976,-16.422
9.98,-7.841
9.984,-23.315
9.988,-33.403
9.992,-11.401
9.996,12.689
10.0,16.586
10.004,21.592
10.008,32.298
10.012,29.611
10.016,34.186
10.02,28.546
10.024,29.25
10.028,16.047
10.032,17.506
10.036,6.168
10.04,3.201
10.044,21.391
10.048,8.616
10.052,11.046
10.056,1.364
10.06,-10.512
10.064,-13.308
10.068,-9.797
10.072,-23.701
10.076,-46.344
10.08,-35.546
10.084,-16.981
10.088,-26.877
10.092,-30.915
10.096,8.508
10.1,8.39
10.104,10.259
10.108,13.124
10.112,27.094
10.116,13.807
10.12,25.217
10.124,17.513
10.128,12.58
10.132,10.279
10.136,7.508
10.14,18.085
10.144,3.908
10.148,-1.679
10.152,15.148
10.156,12.137
10.16,5.672
10.164,-1.722
10.168,-14.866
10.172,-12.493
10.176,-23.511
10.18,-28.276
10.184,-24.565
10.188,-0.314
10.192,-22.384
10.196,4.507
10.2,-4.382
10.204,14.911
10.208,16.309
10.212,4.078
10.216,22.166
10.22,12.469
10.224,-5.561
10.228,14.02
10.232,15.975
10.236,15.013
10.24,5.711
10.244,3.41
10.248,13.401
10.252,14.633
10.256,6.765
10.26,-15.213
10.264,-12.787
10.268,-17.889
10.272,-41.857
10.276,-27.267
10.28,-13.179
10.284,-22.886
10.288,-9.444
10.292,-10.501
10.296,-2.168
10.3,11.429
10.304,10.01
10.308,14.243
10.312,34.43
10.316,34.86
10.32,13.584
10.324,26.021
10.328,14.532
10.332,15.838
10.336,15.902
10.34,20.22
10.344,13.212
10.348,23.434
10.352,12.681
10.356,11.171
10.36,-6.608
10.364,9.692
10.368,-11.9
10.372,-17.133
10.376,-40.651
10.38,-36.089
10.384,-17.668
10.388,-19.934
10.392,-29.683
10.396,2.962
10.4,-1.004
10.404,21.64
10.408,14.049
10.412,17.884
10.416,24.591
10.42,5.14
10.424,0.879
10.428,4.154
10.432,10.403
10.436,-7.381
10.44,-9.45
10.444,11.543
10.448,0.677
10.452,1.513
10.456,-13.009
10.46,-8.385
10.464,-9.26
10.468,-8.411
10.472,-27.771
10.476,-11.888
10.48,-31.003
10.484,-27.803
10.488,-3.564
10.492,-5.325
10.496,-1.582
10.5,10.92
10.504,30.425
10.508,35.958
10.512,19.201
10.516,24.105
10.52,21.912
10.524,9.186
10.528,12.731
10.532,10.306
10.536,17.747
10.54,17.672
10.544,5.103
10.548,5.175
10.552,9.922
10.556,-4.308
10.56,-1.11
10.564,-14.099
10.568,-29.04
10.572,-35.798
10.576,-21.076
10.58,-35.075
10.584,-18.117
10.588,-29.275
10.592,-14.181
10.596,12.505
10.6,-5.528
10.604,-4.363
10.608,26.389
10.612,11.821
10.616,17.977
10.62,11.343
10.624,15.321
10.628,3.018
10.632,7.676
10.636,12.507
10.64,1.654
10.644,5.23
10.648,8.517
10.652,-1.198
10.656,3.707
10.66,2.78
10.664,-8.18
10.668,-14.473
10.672,-18.952
10.676,-28.393
10.68,-18.85
10.684,-10.582
10.688,-20.195
10.692,-4.623
10.696,-1.408
10.7,11.975
10.704,28.303
10.708,23.847
10.712,6.57
10.716,22.686
10.72,25.372
10.724,9.46
10.728,15.269
10.732,-1.026
10.736,-8.793
10.74,3.969
10.744,-11.01
10.748,0.857
10.752,11.469
10.756,-17.582
10.76,-17.916
10.764,-22.654
10.768,-21.912
10.772,-30.306
10.776,-19.829
10.78,-23.729
10.784,-24.043
10.788,-20.066
10.792,-8.819
10.796,-8.478
10.8,15.236
10.804,7.64
10.808,28.636
10.812,33.789
10.816,25.568
10.82,20.103
10.824,21.479
10.828,-7.665
10.832,15.537
10.836,11.313
10.84,11.86
10.844,18.203
10.848,11.554
10.852,1.084
10.856,5.046
10.86,0.599
10.864,-6.658
10.868,-14.363
10.872,-14.522
10.876,-36.474
10.88,-28.101
10.884,-17.252
10.888,-36.106
10.892,-12.935
10.896,-10.027
10.9,0.381
10.904,3.111
10.908,13.395
10.912,30.976
10.916,5.044
10.92,2.963
10.924,-1.593
10.928,19.545
10.932,0.087
10.936,3.061
10.94,0.672
10.944,-2.602
10.948,3.62
10.952,24.317
10.956,12.982
10.96,-9.776
10.964,-4.018
10.968,-22.506
10.972,-35.812
10.976,-16.991
10.98,-16.245
10.984,-13.97
10.988,-19.622
10.992,-8.351
10.996,8.832
11.0,15.293
11.004,16.451
11.008,11.276
11.012,26.646
11.016,33.076
11.02,11.61
11.024,22.186
11.028,15.829
11.032,16.265
11.036,15.601
11.04,2.457
11.044,-5.199
11.048,2.618
11.052,11.72
11.056,-3.962
11.06,-11.372
11.064,-27.966
11.068,-7.264
11.072,-21.538
11.076,-26.493
11.08,-26.082
11.084,-26.626
11.088,-27.121
11.092,-17.821
11.096,-10.057
11.1,24.009
11.104,15.266
11.108,12.385
11.112,22.159
11.116,10.056
11.12,28.067
11.124,7.887
11.128,14.631
11.132,17.643
11.136,11.986
11.14,10.476
11.144,10.917
11.148,10.844
11.152,5.619
11.156,3.491
11.16,13.667
11.164,-5.852
11.168,-18.588
11.172,-22.924
11.176,-14.344
11.18,-18.974
11.184,-17.587
11.188,-18.54
11.192,-3.918
11.196,-4.64
11.2,6.974
11.204,23.535
11.208,26.772
11.212,12.903
11.216,12.209
11.22,16.379
11.224,25.042
11.228,-8.021
11.232,6.722
11.236,-7.917
11.24,-2.235
11.244,0.126
11.248,-0.589
11.252,-3.096
11.256,-2.246
11.26,-11.962
11.264,-26.097
11.268,-15.167
11.272,-21.357
11.276,-24.277
11.28,-43.689
11.284,-25.614
11.288,-15.824
11.292,-20.214
11.296,-1.508
11.3,7.448
11.304,31.274
11.308,37.349
11.312,10.985
11.316,43.833
11.32,14.191
11.324,26.122
11.328,22.992
11.332,5.154
11.336,16.166
11.34,11.405
11.344,16.985
11.348,13.998
11.352,19.776
11.356,6.781
11.36,-1.285
11.364,1.191
11.368,-11.015
11.372,-16.982
11.376,-33.102
11.38,-37.869
11.384,-32.113
11.388,-27.196
11.392,-8.083
11.396,2.464
11.4,2.105
11.404,21.797
11.408,25.699
11.412,18.193
11.416,8.584
11.42,24.923
11.424,8.334
11.428,6.735
11.432,1.068
11.436,-3.852
11.44,-7.854
11.444,10.016
11.448,-0.766
11.452,29.127
11.456,-6.843
11.46,-13.012
11.464,-5.118
11.468,-3.619
11.472,-21.084
11.476,-20.569
11.48,-40.275
11.484,-27.758
11.488,-24.452
11.492,-22.177
11.496,3.77
11.5,-5.782
11.504,9.023
11.508,19.931
11.512,19.085
11.516,27.615
11.52,23.635
11.524,24.227
11.528,19.195
11.532,19.39
11.536,8.61
11.54,10.44
11.544,11.829
11.548,8.02
11.552,1.43
11.556,-2.286
11.56,-12.36
11.564,-10.023
11.568,-22.037
11.572,-33.449
11.576,-37.95
11.58,-43.507
11.584,-23.409
11.588,-24.537
11.592,-23.413
11.596,-0.168
11.6,-1.553
11.604,-0.433
11.608,24.266
11.612,14.138
11.616,14.872
11.62,16.36
11.624,22.316
11.628,10.783
11.632,-0.478
11.636,13.259
11.64,5.84
11.644,25.934
11.648,11.287
11.652,-7.648
11.656,9.946
11.66,17.387
11.664,7.623
11.668,2.346
11.672,-26.951
11.676,-15.85
11.68,-30.155
11.684,-20.276
11.688,-26.663
11.692,-13.66
11.696,-4.902
11.7,16.24
11.704,22.182
11.708,21.992
11.712,9.954
11.716,16.561
11.72,9.54
11.724,18.191
11.728,16.729
11.732,12.946
11.736,-2.95
11.74,-19.077
11.744,-11.094
11.748,14.149
11.752,-2.036
11.756,-8.309
11.76,5.461
11.764,-4.276
11.768,-21.21
11.772,-29.727
11.776,-32.079
11.78,-29.546
11.784,-15.205
11.788,-17.852
11.792,-6.157
11.796,7.772
11.8,-0.979
11.804,22.576
11.808,19.597
11.812,4.171
11.816,6.856
11.82,13.368
11.824,22.527
11.828,16.138
11.832,14.594
11.836,27.828
11.84,2.112
11.844,12.331
11.848,14.588
11.852,4.315
11.856,6.404
11.86,-12.741
11.864,3.702
11.868,-21.111
11.872,-6.585
11.876,-28.045
11.88,-21.283
11.884,-27.998
11.888,-22.475
11.892,-19.045
11.896,-4.391
11.9,5.89
11.904,4.075
11.908,13.751
11.912,11.365
11.916,33.556
11.92,11.602
11.924,21.184
11.928,4.161
11.932,5.86
11.936,-7.304
11.94,0.318
11.944,6.638
11.948,18.189
11.952,6.427
11.956,12.915
11.96,2.173
11.964,3.82
11.968,-16.326
11.972,-2.479
11.976,-29.03
11.98,-31.658
11.984,-32.019
11.988,2.786
11.992,-0.461
11.996,0.161
12.0,22.153
12.004,25.102
12.008,39.958
12.012,13.352
12.016,22.321
12.02,17.49
12.024,1.287
12.028,21.659
12.032,8.101
12.036,14.542
12.04,26.891
12.044,4.911
12.048,3.517
12.052,5.557
12.056,8.272
12.06,-10.353
12.064,-18.443
12.068,-12.827
12.072,-25.114
12.076,-49.01
12.08,-43.627
12.084,-19.23
12.088,-21.951
12.092,-22.608
12.096,-7.999
12.1,3.037
12.104,16.705
12.108,5.23
12.112,11.707
12.116,20.326
12.12,15.232
12.124,17.75
12.128,0.787
12.132,11.972
12.136,17.641
12.14,13.615
12.144,11.943
12.148,10.529
12.152,3.554
12.156,6.511
12.16,11.908
12.164,-5.936
12.168,-19.42
12.172,-22.731
12.176,-21.54
12.18,-27.367
12.184,-18.187
12.188,-12.297
12.192,-1.393
12.196,11.897
12.2,17.018
12.204,8.303
12.208,12.549
12.212,20.152
12.216,15.444
12.22,6.403
12.224,7.7
12.228,3.508
12.232,-0.88
12.236,0.565
12.24,12.267
12.244,4.635
12.248,22.55
12.252,2.538
12.256,-4.624
12.26,-7.647
12.264,-12.346
12.268,-17.923
12.272,-10.766
12.276,-37.784
12.28,-24.491
12.284,-26.343
12.288,-33.8
12.292,-5.799
12.296,8.559
12.3,1.521
12.304,16.465
12.308,8.15
12.312,14.229
12.316,32.265
12.32,17.782
12.324,9.406
12.328,17.063
12.332,8.94
12.336,8.454
12.34,18.18
12.344,3.257
12.348,4.909
12.352,11.438
12.356,13.933
12.36,9.963
12.364,-12.898
12.368,-8.16
12.372,-29.11
12.376,-13.176
12.38,-38.577
12.384,-16.943
12.388,-27.481
12.392,1.734
12.396,-0.614
12.4,-4.782
12.404,6.172
12.408,21.001
12.412,24.667
12.416,14.593
12.42,12.678
12.424,14.889
12.428,6.78
12.432,-6.563
12.436,-3.237
12.44,5.776
12.444,14.677
12.448,18.429
12.452,10.887
12.456,4.144
12.46,3.038
12.464,-14.533
12.468,-17.08
12.472,-28.194
12.476,-35.137
12.48,-22.858
12.484,-20.854
12.488,-10.361
12.492,-2.648
12.496,4.775
12.5,16.614
12.504,19.259
12.508,27.532
12.512,19.926
12.516,27.402
12.52,26.538
12.524,11.719
12.528,13.591
12.532,5.275
12.536,4.413
12.54,-0.987
12.544,17.863
12.548,15.412
12.552,8.907
12.556,16.151
12.56,-7.333
12.564,10.859
12.568,-23.105
12.572,-26.102
12.576,-35.835
12.58,-30.845
12.584,-24.555
12.588,-26.078
12.592,-2.297
12.596,-4.723
12.6,5.095
12.604,3.547
12.608,19.444
12.612,17.363
12.616,13.277
12.62,9.819
12.624,34.549
12.628,8.515
12.632,-2.541
12.636,3.322
12.64,9.308
12.644,15.204
12.648,15.734
12.652,15.646
12.656,1.928
12.66,4.553
12.664,-11.992
12.668,-17.259
12.672,-26.135
12.676,-32.654
12.68,-15.865
12.684,-16.561
12.688,-8.666
12.692,-8.19
12.696,6.723
12.7,-5.039
12.704,22.681
12.708,21.195
12.712,25.775
12.716,22.094
12.72,7.613
12.724,-0.751
12.728,1.607
12.732,9.015
12.736,8.612
12.74,-8.104
12.744,-4.807
12.748,-3.01
12.752,-1.684
12.756,-13.2
12.76,-19.057
12.764,-20.972
12.768,-20.715
12.772,-36.825
12.776,-31.948
12.78,-22.895
12.784,-38.42
12.788,-22.883
12.792,-3.767
12.796,-4.928
12.8,3.789
12.804,25.845
12.808,19.504
12.812,33.135
12.816,27.313
12.82,18.77
12.824,22.114
12.828,17.791
12.832,21.286
12.836,7.833
12.84,12.595
12.844,12.058
12.848,17.785
12.852,2.004
12.856,14.313
12.86,3.789
12.864,-18.113
12.868,-5.992
12.872,-4.964
12.876,-19.771
12.88,-18.091
12.884,-26.888
12.888,-35.521
12.892,-29.125
12.896,-3.304
12.9,-1.389
12.904,3.033
12.908,14.249
12.912,21.171
12.916,3.537
12.92,8.729
12.924,20.901
12.928,-2.877
12.932,10.743
12.936,-0.611
12.94,8.261
12.944,13.732
12.948,11.431
12.952,11.924
12.956,-7.367
12.96,5.957
12.964,-16.021
12.968,-13.777
12.972,-19.535
12.976,-21.266
12.98,-22.831
12.984,-29.089
12.988,-26.662
12.992,-0.038
12.996,4.32
13.0,21.356
13.004,19.243
13.008,12.987
13.012,33.464
13.016,21.481
13.02,23.927
13.024,11.897
13.028,26.331
13.032,3.251
13.036,5.926
13.04,8.872
13.044,-1.001
13.048,9.53
13.052,17.502
13.056,-3.55
13.06,-2.658
13.064,-35.391
13.068,-21.596
13.072,-30.648
13.076,-39.2
13.08,-25.172
13.084,-33.85
13.088,-26.586
13.092,-19.528
13.096,-21.971
13.1,-6.125
13.104,18.508
13.108,-0.784
13.112,12.304
13.116,14.945
13.12,29.98
13.124,19.324
13.128,6.165
13.132,19.551
13.136,2.984
13.14,17.793
13.144,-0.041
13.148,19.882
13.152,6.984
13.156,-1.141
13.16,0.093
13.164,-2.765
13.168,-16.26
13.172,-14.362
13.176,-27.811
13.18,-19.416
13.184,-18.532
13.188,-16.967
13.192,-12.035
13.196,1.721
13.2,13.453
13.204,32.271
13.208,27.293
13.212,28.566
13.216,43.762
13.22,19.637
13.224,15.11
13.228,12.936
13.232,-3.577
13.236,-0.459
13.24,-1.21
13.244,8.222
13.248,1.382
13.252,2.28
13.256,6.396
13.26,-0.775
13.264,-15.691
13.268,-26.765
13.272,-18.298
13.276,-24.831
13.28,-44.213
13.284,-30.511
13.288,-19.907
13.292,-5.734
13.296,5.699
13.3,10.65
13.304,21.219
13.308,22.466
13.312,18.909
13.316,21.791
13.32,21.665
13.324,17.999
13.328,0.143
13.332,9.939
13.336,12.67
13.34,10.014
13.344,10.576
13.348,16.056
13.352,1.574
13.356,-6.847
13.36,-2.727
13.364,-1.465
13.368,-2.158
13.372,-16.579
13.376,-39.531
13.38,-31.366
13.384,-25.518
13.388,-20.809
13.392,-10.058
13.396,-12.681
13.4,3.866
13.404,13.712
13.408,21.357
13.412,9.8
13.416,12.398
13.42,-9.31
13.424,3.85
13.428,1.53
13.432,-4.371
13.436,4.591
13.44,3.447
13.444,-13.12
13.448,7.225
13.452,-2.776
13.456,5.731
13.46,-13.208
13.464,-8.959
13.468,-18.119
13.472,-19.176
13.476,-24.15
13.48,-27.568
13.484,-34.628
13.488,-27.68
13.492,-11.688
13.496,2.768
13.5,7.295
13.504,24.602
13.508,21.995
13.512,18.015
13.516,22.219
13.52,22.997
13.524,19.675
13.528,28.203
13.532,4.913
13.536,8.038
13.54,11.422
13.544,7.549
13.548,2.881
13.552,-7.787
13.556,-3.713
13.56,-14.409
13.564,-27.208
13.568,-27.65
13.572,-36.52
13.576,-27.982
13.58,-29.015
13.584,-38.471
13.588,-27.248
13.592,-31.377
13.596,-10.591
13.6,6.123
13.604,17.419
13.608,10.391
13.612,26.85
13.616,6.017
13.62,6.05
13.624,18.853
13.628,23.992
13.632,13.063
13.636,8.585
13.64,-7.841
13.644,-5.349
13.648,12.331
13.652,7.368
13.656,-1.759
13.66,2.354
13.664,-4.063
13.668,-4.747
13.672,-17.7
13.676,-13.32
13.68,-24.315
13.684,-22.993
13.688,-7.965
13.692,-16.332
13.696,23.024
13.7,12.053
13.704,18.823
13.708,23.978
13.712,35.775
13.716,25.394
13.72,2.669
13.724,22.461
13.728,4.577
13.732,5.352
13.736,-7.142
13.74,7.049
13.744,-2.17
13.748,3.577
13.752,-1.099
13.756,13.096
13.76,8.178
13.764,-14.026
13.768,-20.894
13.772,-30.367
13.776,-22.174
13.78,-33.995
13.784,-31.376
13.788,-13.403
13.792,-16.271
13.796,-1.884
13.8,-4.272
13.804,22.17
13.808,37.48
13.812,30.069
13.816,35.576
13.82,14.744
13.824,20.167
13.828,7.682
13.832,11.297
13.836,18.398
13.84,13.08
13.844,1.249
13.848,1.632
13.852,-0.844
13.856,10.109
13.86,16.569
13.864,3.322
13.868,-30.826
13.872,-11.468
13.876,-20.294
13.88,-41.869
13.884,-29.997
13.888,-13.465
13.892,-9.969
13.896,-15.817
13.9,8.232
13.904,-6.751
13.908,12.969
13.912,25.35
13.916,15.306
13.92,8.329
13.924,15.937
13.928,13.524
13.932,14.266
13.936,10.261
13.94,12.546
13.944,10.817
13.948,7.625
13.952,5.367
13.956,-0.052
13.96,-12.652
13.964,-16.842
13.968,-18.11
13.972,-19.669
13.976,-13.621
13.98,-25.861
13.984,-14.31
13.988,-7.228
13.992,-8.868
13.996,7.591
14.0,10.213
14.004,30.178
14.008,29.316
14.012,16.211
14.016,25.736
14.02,34.375
14.024,15.627
14.028,16.758
14.032,14.631
14.036,0.332
14.04,12.098
14.044,-3.414
14.048,1.881
14.052,13.213
14.056,3.228
14.06,-8.255
14.064,-9.824
14.068,-21.766
14.072,-28.043
14.076,-27.398
14.08,-39.643
14.084,-30.917
14.088,-27.664
14.092,-29.196
14.096,-14.0
14.1,15.476
14.104,13.897
14.108,5.507
14.112,6.112
14.116,17.245
14.12,28.52
14.124,11.681
14.128,21.079
14.132,11.931
14.136,12.678
14.14,-0.966
14.144,18.331
14.148,8.617
14.152,17.137
14.156,0.574
14.16,3.246
14.164,-2.168
14.168,-13.534
14.172,-15.557
14.176,-25.278
14.18,-29.571
14.184,-9.226
14.188,-8.088
14.192,-14.591
14.196,5.056
14.2,3.11
14.204,6.299
14.208,28.048
14.212,7.125
14.216,26.469
14.22,13.487
14.224,9.541
14.228,10.582
14.232,9.145
14.236,-3.519
14.24,8.581
14.244,3.948
14.248,-7.273
14.252,-0.185
14.256,8.747
14.26,5.732
14.264,-8.659
14.268,-30.928
14.272,-23.455
14.276,-24.215
14.28,-25.558
14.284,-21.726
14.288,-18.325
14.292,-12.544
14.296,-6.449
14.3,-6.805
14.304,19.254
14.308,23.442
14.312,28.76
14.316,13.181
14.32,26.673
14.324,34.713
14.328,15.855
14.332,12.626
14.336,14.692
14.34,28.524
14.344,4.361
14.348,13.778
14.352,3.808
14.356,1.802
14.36,-0.339
14.364,3.201
14.368,-1.251
14.372,-19.251
14.376,-30.798
14.38,-9.565
14.384,-30.992
14.388,-26.798
14.392,-28.572
14.396,5.825
14.4,11.092
14.404,29.692
14.408,3.635
14.412,27.911
14.416,15.72
14.42,18.769
14.424,-4.36
14.428,17.47
14.432,10.077
14.436,2.955
14.44,9.056
14.444,-1.171
14.448,0.865
14.452,0.943
14.456,-12.976
14.46,3.941
14.464,0.334
14.468,-21.465
14.472,-18.815
14.476,-27.272
14.48,-22.9
14.484,-27.359
14.488,-22.93
14.492,1.4
14.496,2.323
14.5,28.338
14.504,19.971
14.508,16.82
14.512,35.551
14.516,29.491
14.52,27.006
14.524,26.601
14.528,7.954
14.532,9.246
14.536,7.254
14.54,-2.313
14.544,5.628
14.548,17.577
14.552,6.506
14.556,-10.395
14.56,-18.266
14.564,-0.077
14.568,-22.007
14.572,-33.323
14.576,-34.844
14.58,-45.642
14.584,-19.855
14.588,-28.311
14.592,-5.572
14.596,-6.223
14.6,14.367
14.604,12.873
14.608,22.922
14.612,24.188
14.616,23.129
14.62,18.814
14.624,11.313
14.628,25.946
14.632,1.86
14.636,8.943
14.64,9.839
14.644,14.05
14.648,7.86
14.652,12.751
14.656,5.737
14.66,-10.826
14.664,-4.908
14.668,-21.106
14.672,-32.668
14.676,-22.052
14.68,-20.476
14.684,-17.856
14.688,-11.942
14.692,-23.965
14.696,-10.38
14.7,24.839
14.704,7.399
14.708,24.664
14.712,15.262
14.716,19.691
14.72,10.443
14.724,15.725
14.728,8.398
14.732,0.909
14.736,-5.31
14.74,4.982
14.744,-6.66
14.748,6.195
14.752,22.186
14.756,8.498
14.76,-1.934
14.764,-15.083
14.768,-36.916
14.772,-37.958
14.776,-20.76
14.78,-37.681
14.784,-33.599
14.788,-22.557
14.792,-20.461
14.796,-11.396
14.8,7.975
14.804,9.404
14.808,16.025
14.812,18.05
14.816,28.06
14.82,19.656
14.824,16.848
14.828,20.003
14.832,11.983
14.836,9.994
14.84,16.029
14.844,17.896
14.848,10.976
14.852,10.851
14.856,-0.077
14.86,-6.827
14.864,-1.424
14.868,-12.099
14.872,-19.194
14.876,-25.538
14.88,-29.137
14.884,-22.0
14.888,-14.749
14.892,-7.082
14.896,-6.15
14.9,14.442
14.904,12.177
14.908,19.81
14.912,18.503
14.916,17.135
14.92,6.434
14.924,14.433
14.928,28.488
14.932,0.787
14.936,3.834
14.94,0.325
14.944,1.049
14.948,17.856
14.952,-0.733
14.956,-1.947
14.96,-15.653
14.964,-15.26
14.968,-29.521
14.972,-16.547
14.976,-2.75
14.98,-28.46
14.984,-35.672
14.988,-8.663
14.992,-12.832
14.996,13.229
15.0,9.905
15.004,14.546
15.008,22.805
15.012,31.797
15.016,22.625
15.02,17.217
15.024,15.486
15.028,3.002
15.032,13.44
15.036,-5.668
15.04,4.46
15.044,13.812
15.048,9.311
15.052,9.33
15.056,-0.147
15.06,3.538
15.064,-5.998
15.068,-17.716
15.072,-20.723
15.076,-26.649
15.08,-37.339
15.084,-41.991
15.088,-21.803
15.092,-12.142
15.096,2.088
15.1,-4.56
15.104,3.568
15.108,19.775
15.112,17.866
15.116,3.057
15.12,19.032
15.124,-1.644
15.128,3.061
15.132,19.929
15.136,23.507
15.14,-0.005
15.144,8.195
15.148,11.637
15.152,24.483
15.156,3.144
15.16,-1.985
15.164,7.406
15.168,-15.3
15.172,-13.016
15.176,-34.964
15.18,-25.749
15.184,-35.347
15.188,-24.923
15.192,-1.791
15.196,0.109
15.2,6.498
15.204,9.787
15.208,18.012
15.212,23.167
15.216,26.917
15.22,-5.492
15.224,4.579
15.228,8.577
15.232,3.704
15.236,6.319
15.24,4.98
15.244,0.602
15.248,-1.439
15.252,-0.79
15.256,6.886
15.26,-13.536
15.264,-14.9
15.268,-19.939
15.272,-14.897
15.276,-33.424
15.28,-23.693
15.284,-18.15
15.288,-21.741
15.292,-13.651
15.296,-4.214
15.3,6.332
15.304,23.371
15.308,23.801
15.312,26.182
15.316,14.879
15.32,13.773
15.324,35.424
15.328,13.805
15.332,6.921
15.336,23.669
15.34,14.52
15.344,17.176
15.348,11.048
15.352,7.656
15.356,4.821
15.36,-11.004
15.364,-8.281
15.368,-13.29
15.372,-8.033
15.376,-27.097
15.38,-48.18
15.384,-28.323
15.388,-0.313
15.392,-7.441
15.396,-11.831
15.4,8.075
15.404,4.413
15.408,3.921
15.412,13.459
15.416,15.891
15.42,-2.657
15.424,-0.371
15.428,5.808
15.432,0.52
15.436,6.425
15.44,-5.823
15.444,10.666
15.448,-3.969
15.452,17.793
15.456,-11.88
15.46,-11.693
15.464,-5.86
15.468,-2.54
15.472,-19.081
15.476,-20.644
15.48,-25.386
15.484,-30.549
15.488,-19.784
15.492,-16.712
15.496,-7.396
15.5,15.375
15.504,10.615
15.508,26.785
15.512,15.32
15.516,26.815
15.52,17.281
15.524,28.329
15.528,15.766
15.532,20.15
15.536,2.58
15.54,8.462
15.544,-0.112
15.548,3.577
15.552,2.51
15.556,-5.433
15.56,-15.544
15.564,-24.704
15.568,-40.003
15.572,-36.594
15.576,-27.632
15.58,-46.612
15.584,-42.185
15.588,-10.839
15.592,-21.603
15.596,-4.068
15.6,8.069
15.604,16.119
15.608,3.917
15.612,16.587
15.616,5.197
15.62,35.601
15.624,0.416
15.628,2.24
15.632,0.79
15.636,-3.065
15.64,20.541
15.644,30.21
15.648,7.49
15.652,-0.331
15.656,-10.808
15.66,-0.123
15.664,-7.515
15.668,-17.512
15.672,-17.022
15.676,-19.986
15.68,-21.794
15.684,-24.599
15.688,-25.292
15.692,-3.178
15.696,0.609
15.7,16.158
15.704,22.097
15.708,8.404
15.712,9.284
15.716,13.009
15.72,7.059
15.724,17.275
15.728,10.114
15.732,13.289
15.736,6.264
15.74,4.509
15.744,12.639
15.748,6.533
15.752,1.719
15.756,9.54
15.76,-6.759
15.764,-16.832
15.768,-28.108
15.772,-21.756
15.776,-21.126
15.78,-31.768
15.784,-17.542
15.788,-36.991
15.792,-12.408
15.796,-1.903
15.8,2.562
15.804,35.607
15.808,21.424
15.812,21.038
15.816,24.089
15.82,5.49
15.824,12.198
15.828,23.093
15.832,8.088
15.836,5.589
15.84,22.741
15.844,23.273
15.848,16.288
15.852,6.565
15.856,4.262
15.86,-6.375
15.864,-15.536
15.868,-24.014
15.872,-27.781
15.876,-36.063
15.88,-42.017
15.884,-25.816
15.888,-20.353
15.892,-0.766
15.896,-10.691
15.9,5.715
15.904,12.851
15.908,12.721
15.912,22.201
15.916,21.361
15.92,14.94
15.924,6.777
15.928,2.865
15.932,-7.157
15.936,-3.181
15.94,-1.081
15.944,-4.038
15.948,9.02
15.952,14.224
15.956,-5.419
15.96,-0.685
15.964,-17.472
15.968,-18.293
15.972,-27.124
15.976,-20.332
15.98,-30.957
15.984,-14.245
15.988,-17.828
15.992,-12.213
15.996,-7.193
16.0,14.187
16.004,26.762
16.008,26.415
16.012,43.646
16.016,35.882
16.02,18.73
16.024,14.532
16.028,16.934
16.032,3.56
16.036,17.956
16.04,10.905
16.044,9.788
16.048,12.382
16.052,18.39
16.056,1.741
16.06,-6.724
16.064,-1.326
16.068,-13.544
16.072,-30.711
16.076,-32.611
16.08,-32.261
16.084,-28.345
16.088,-36.019
16.092,-28.851
16.096,-13.735
16.1,-4.787
16.104,5.669
16.108,21.173
16.112,17.084
16.116,19.714
16.12,6.236
16.124,9.482
16.128,15.321
16.132,13.875
16.136,3.112
16.14,11.013
16.144,28.421
16.148,11.155
16.152,4.687
16.156,5.697
16.16,2.567
16.164,-6.193
16.168,-12.553
16.172,-30.341
16.176,-30.848
16.18,-25.574
16.184,-23.392
16.188,-21.009
16.192,-9.921
16.196,0.997
16.2,16.166
16.204,14.983
16.208,22.971
16.212,16.425
16.216,23.63
16.22,18.515
16.224,18.16
16.228,13.012
16.232,9.205
16.236,2.304
16.24,4.799
16.244,11.549
16.248,-2.441
16.252,-3.853
16.256,-0.852
16.26,-4.358
16.264,-20.991
16.268,-22.004
16.272,-28.132
16.276,-48.744
16.28,-33.12
16.284,-29.264
16.288,-22.514
16.292,-0.637
16.296,-11.308
16.3,1.781
16.304,-4.361
16.308,18.106
16.312,21.134
16.316,19.801
16.32,30.374
16.324,25.162
16.328,15.85
16.332,10.154
16.336,20.43
16.34,12.107
16.344,6.004
16.348,-1.578
16.352,6.675
16.356,12.215
16.36,18.27
16.364,-7.085
16.368,-21.781
16.372,-32.316
16.376,-23.37
16.38,-43.624
16.384,-23.169
16.388,-15.688
16.392,-10.882
16.396,-7.102
16.4,7.866
16.404,11.717
16.408,8.526
16.412,31.049
16.416,12.346
16.42,18.526
16.424,-10.527
16.428,15.937
16.432,15.535
16.436,3.505
16.44,8.365
16.444,9.422
16.448,0.359
16.452,9.028
16.456,-4.623
16.46,-7.823
16.464,-0.184
16.468,-8.057
16.472,-27.252
16.476,-31.016
16.48,-30.691
16.484,-16.477
16.488,-23.863
16.492,-4.163
16.496,8.809
16.5,11.455
16.504,27.681
16.508,21.794
16.512,24.024
16.516,16.626
16.52,29.328
16.524,10.944
16.528,15.975
16.532,9.693
16.536,0.203
16.54,3.14
16.544,18.8
16.548,8.5
16.552,-3.466
16.556,2.816
16.56,-6.988
16.564,14.237
16.568,-19.004
16.572,-31.188
16.576,-21.292
16.58,-48.552
16.584,-30.485
16.588,-9.211
16.592,-17.441
16.596,-20.502
16.6,-0.237
16.604,22.455
16.608,19.104
16.612,11.724
16.616,12.661
16.62,11.553
16.624,16.065
16.628,21.328
16.632,17.535
16.636,12.556
16.64,-0.933
16.644,0.207
16.648,15.562
16.652,-0.531
16.656,5.283
16.66,4.263
16.664,-14.085
16.668,-20.496
16.672,-19.546
16.676,-19.118
16.68,-15.887
16.684,-17.213
16.688,-15.89
16.692,-14.474
16.696,-8.059
16.7,4.964
16.704,19.056
16.708,22.471
16.712,3.959
16.716,12.768
16.72,25.145
16.724,11.867
16.728,-4.032
16.732,23.342
16.736,2.86
16.74,5.914
16.744,6.238
16.748,-0.165
16.752,-4.646
16.756,14.67
16.76,0.345
16.764,-7.822
16.768,-16.795
16.772,-35.406
16.776,-20.802
16.78,-38.108
16.784,-25.739
16.788,-34.346
16.792,-28.292
16.796,0.965
16.8,1.906
16.804,0.623
16.808,26.278
16.812,41.26
16.816,34.998
16.82,19.454
16.824,18.348
16.828,22.329
16.832,22.096
16.836,9.472
16.84,12.539
16.844,14.955
16.848,16.583
16.852,9.141
16.856,5.217
16.86,11.097
16.864,2.099
16.868,-11.839
16.872,-9.084
16.876,-30.877
16.88,-16.523
16.884,-23.231
16.888,3.939
16.892,-23.912
16.896,-10.859
16.9,6.697
16.904,13.527
16.908,30.352
16.912,10.899
16.916,22.399
16.92,21.62
16.924,14.459
16.928,-1.962
16.932,15.047
16.936,13.101
16.94,8.691
16.944,6.588
16.948,7.31
16.952,4.021
16.956,6.972
16.96,-2.704
16.964,-15.987
16.968,-24.243
16.972,-27.617
16.976,-23.37
16.98,-25.742
16.984,-20.615
16.988,-11.856
16.992,-12.035
16.996,14.559
17.0,10.019
17.004,16.133
17.008,28.088
17.012,11.043
17.016,18.12
17.02,29.039
17.024,3.177
17.028,22.117
17.032,22.353
17.036,5.67
17.04,10.347
17.044,16.689
17.048,3.152
17.052,11.549
17.056,-4.996
17.06,-9.64
17.064,-19.79
17.068,-18.544
17.072,-18.88
17.076,-34.125
17.08,-43.994
17.084,-39.901
17.088,-22.009
17.092,-1.758
17.096,-3.486
17.1,-0.164
17.104,16.949
17.108,14.18
17.112,15.409
17.116,10.475
17.12,27.298
17.124,-7.138
17.128,17.006
17.132,5.405
17.136,5.625
17.14,23.259
17.144,5.117
17.148,5.855
17.152,9.19
17.156,10.398
17.16,-1.705
17.164,-17.575
17.168,-19.228
17.172,-8.542
17.176,-22.549
17.18,-20.77
17.184,-24.161
17.188,-21.755
17.192,4.916
17.196,-0.997
17.2,5.504
17.204,24.546
17.208,13.999
17.212,16.0
17.216,19.136
17.22,15.511
17.224,13.31
17.228,24.037
17.232,7.185
17.236,-15.933
17.24,5.45
17.244,3.344
17.248,3.123
17.252,3.142
17.256,-2.533
17.26,-8.101
17.264,-9.493
17.268,-25.742
17.272,-34.961
17.276,-6.832
17.28,-37.09
17.284,-27.204
17.288,-33.197
17.292,-11.033
17.296,-9.048
17.3,4.839
17.304,24.897
17.308,25.729
17.312,28.847
17.316,9.712
17.32,36.208
17.324,8.742
17.328,27.456
17.332,21.291
17.336,16.839
17.34,5.425
17.344,13.763
17.348,8.385
17.352,10.438
17.356,4.179
17.36,-16.251
17.364,1.397
17.368,-16.307
17.372,-26.715
17.376,-32.268
17.38,-26.639
17.384,-34.721
17.388,-40.271
17.392,-11.115
17.396,-1.191
17.4,1.749
17.404,1.166
17.408,15.463
17.412,4.53
17.416,6.941
17.42,6.315
17.424,15.574
17.428,2.825
17.432,0.202
17.436,18.904
17.44,6.714
17.444,7.665
17.448,2.543
17.452,-0.12
17.456,-15.646
17.46,4.797
17.464,-5.613
17.468,-17.287
17.472,-22.699
17.476,-19.258
17.48,-37.964
17.484,-27.057
17.488,-24.953
17.492,7.156
17.496,9.839
17.5,-5.461
17.504,7.49
17.508,23.17
17.512,21.956
17.516,13.849
17.52,36.749
17.524,19.577
17.528,16.975
17.532,4.728
17.536,14.404
17.54,4.969
17.544,5.47
17.548,11.774
17.552,-8.425
17.556,13.15
17.56,-4.36
17.564,-3.148
17.568,-29.888
17.572,-35.529
17.576,-41.947
17.58,-31.821
17.584,-30.712
17.588,-28.882
17.592,-24.623
17.596,-16.769
17.6,2.543
17.604,7.094
17.608,10.611
17.612,30.812
17.616,17.484
17.62,26.191
17.624,8.909
17.628,12.581
17.632,8.671
17.636,-4.673
17.64,21.147
17.644,9.749
17.648,17.267
17.652,4.217
17.656,5.769
17.66,-5.105
17.664,4.904
17.668,-9.811
17.672,-15.857
17.676,-12.281
17.68,-15.128
17.684,-15.947
17.688,-27.853
17.692,-14.07
17.696,-7.523
17.7,14.871
17.704,17.142
17.708,8.654
17.712,19.248
17.716,7.101
17.72,15.084
17.724,-2.01
17.728,11.534
17.732,7.519
17.736,18.355
17.74,9.622
17.744,-0.342
17.748,9.32
17.752,-10.007
17.756,-10.003
17.76,-5.015
17.764,-31.664
17.768,-21.703
17.772,-35.542
17.776,-30.211
17.78,-39.985
17.784,-24.611
17.788,-21.077
17.792,-0.762
17.796,-1.528
17.8,2.229
17.804,14.562
17.808,11.199
17.812,27.549
17.816,28.6
17.82,41.266
17.824,13.302
17.828,13.085
17.832,8.513
17.836,13.917
17.84,15.319
17.844,12.124
17.848,20.843
17.852,5.27
17.856,14.067
17.86,4.366
17.864,-7.674
17.868,-18.178
17.872,-3.423
17.876,-34.321
17.88,-27.123
17.884,-33.573
17.888,-7.944
17.892,-7.278
17.896,-10.771
17.9,7.447
17.904,12.411
17.908,10.618
17.912,22.311
17.916,18.274
17.92,14.046
17.924,8.487
17.928,9.174
17.932,5.62
17.936,3.739
17.94,-1.233
17.944,18.504
17.948,-2.902
17.952,8.072
17.956,-0.716
17.96,11.124
17.964,-16.427
17.968,-21.736
17.972,-29.36
17.976,-22.56
17.98,-36.511
17.984,-26.166
17.988,-33.082
17.992,-5.093
17.996,-1.168
18.0,0.257
18.004,28.285
18.008,13.767
18.012,32.111
18.016,18.836
18.02,34.003
18.024,23.073
18.028,5.112
18.032,2.927
18.036,13.47
18.04,5.914
18.044,6.382
18.048,17.064
18.052,-1.382
18.056,1.104
18.06,1.818
18.064,-6.923
18.068,-22.562
18.072,-30.455
18.076,-46.563
18.08,-42.274
18.084,-28.693
18.088,-26.269
18.092,-15.912
18.096,1.678
18.1,-6.568
18.104,8.93
18.108,17.605
18.112,12.802
18.116,29.595
18.12,23.299
18.124,15.496
18.128,24.976
18.132,-2.876
18.136,8.846
18.14,12.651
18.144,3.514
18.148,13.702
18.152,1.38
18.156,12.612
18.16,10.293
18.164,-2.805
18.168,-27.124
18.172,-26.528
18.176,-18.629
18.18,-24.209
18.184,-43.622
18.188,-6.537
18.192,-7.411
18.196,-6.044
18.2,17.011
18.204,10.356
18.208,14.27
18.212,23.625
18.216,33.302
18.22,28.498
18.224,14.111
18.228,11.003
18.232,10.827
18.236,-6.964
18.24,7.993
18.244,-2.831
18.248,5.323
18.252,-0.646
18.256,1.706
18.26,-6.735
18.264,-38.982
18.268,-19.974
18.272,-22.243
18.276,-27.454
18.28,-32.184
18.284,-14.868
18.288,-18.74
18.292,-8.463
18.296,6.774
18.3,11.279
18.304,9.352
18.308,2.447
18.312,20.483
18.316,29.969
18.32,18.688
18.324,24.686
18.328,16.417
18.332,23.424
18.336,9.858
18.34,16.006
18.344,16.598
18.348,24.165
18.352,-3.447
18.356,2.51
18.36,6.846
18.364,4.79
18.368,-13.738
18.372,-25.178
18.376,-21.728
18.38,-22.557
18.384,-30.449
18.388,-19.587
18.392,-4.928
18.396,9.779
18.4,9.287
18.404,10.703
18.408,14.319
18.412,20.705
18.416,14.234
18.42,13.837
18.424,0.359
18.428,16.102
18.432,-5.336
18.436,-0.19
18.44,4.675
18.444,20.881
18.448,2.119
18.452,-0.677
18.456,-2.561
18.46,10.318
18.464,-31.698
18.468,-23.876
18.472,0.249
18.476,-20.42
18.48,-34.374
18.484,-22.674
18.488,-15.323
18.492,-0.247
18.496,17.55
18.5,15.269
18.504,15.282
18.508,30.525
18.512,20.149
18.516,16.177
18.52,7.111
18.524,4.555
18.528,6.005
18.532,0.841
18.536,11.131
18.54,-1.583
18.544,-17.413
18.548,-1.465
18.552,0.832
18.556,-4.47
18.56,6.337
18.564,-18.304
18.568,-14.237
18.572,-28.295
18.576,-32.991
18.58,-40.507
18.584,-31.71
18.588,-31.287
18.592,-15.151
18.596,-8.526
18.6,-4.626
18.604,18.754
18.608,19.511
18.612,14.851
18.616,19.307
18.62,15.36
18.624,6.235
18.628,11.187
18.632,4.147
18.636,1.349
18.64,-3.262
18.644,7.962
18.648,15.832
18.652,4.675
18.656,27.253
18.66,8.915
18.664,5.451
18.668,-5.94
18.672,-3.97
18.676,-29.443
18.68,-44.865
18.684,-25.639
18.688,-12.014
18.692,-7.292
18.696,2.712
18.7,19.618
18.704,18.833
18.708,26.169
18.712,13.241
18.716,10.291
18.72,28.422
18.724,12.04
18.728,2.318
18.732,-0.476
18.736,-2.101
18.74,-2.832
18.744,-7.224
18.748,-9.228
18.752,-0.386
18.756,-7.047
18.76,1.177
18.764,-12.053
18.768,-19.283
18.772,-33.325
18.776,-31.99
18.78,-28.475
18.784,-22.276
18.788,-21.983
18.792,-3.332
18.796,-1.518
18.8,14.721
18.804,12.618
18.808,7.453
18.812,26.446
18.816,29.684
18.82,26.116
18.824,21.654
18.828,12.439
18.832,6.665
18.836,16.634
18.84,15.677
18.844,8.063
18.848,21.028
18.852,3.143
18.856,1.509
18.86,13.15
18.864,-0.629
18.868,-18.523
18.872,-20.537
18.876,-26.547
18.88,-51.472
18.884,-34.823
18.888,-22.636
18.892,-17.225
18.896,-3.367
18.9,12.382
18.904,7.777
18.908,6.29
18.912,18.845
18.916,12.546
18.92,11.072
18.924,6.488
18.928,23.66
18.932,-14.14
18.936,0.16
18.94,3.865
18.944,-1.296
18.948,12.699
18.952,11.157
18.956,1.464
18.96,-5.118
18.964,-10.095
18.968,-16.692
18.972,-22.228
18.976,-26.651
18.98,-23.507
18.984,-16.312
18.988,-25.705
18.992,-15.422
18.996,-11.154
19.0,19.092
19.004,21.603
19.008,28.271
19.012,14.299
19.016,38.724
19.02,16.32
19.024,18.422
19.028,20.012
19.032,2.368
19.036,4.255
19.04,9.446
19.044,30.596
19.048,9.295
19.052,17.458
19.056,10.019
19.06,-2.875
19.064,-21.309
19.068,-12.807
19.072,-40.128
19.076,-19.845
19.08,-32.224
19.084,-52.441
19.088,-27.89
19.092,-11.279
19.096,-8.532
19.1,8.651
19.104,4.019
19.108,5.648
19.112,17.863
19.116,18.395
19.12,13.244
19.124,22.994
19.128,3.821
19.132,11.621
19.136,9.452
19.14,-2.734
19.144,0.278
19.148,11.391
19.152,26.082
19.156,11.721
19.16,-11.975
19.164,-29.868
19.168,-6.438
19.172,-19.563
19.176,-14.017
19.18,-31.425
19.184,-19.268
19.188,-9.71
19.192,-12.084
19.196,-2.9
19.2,9.253
19.204,20.118
19.208,19.663
19.212,28.55
19.216,15.358
19.22,4.882
19.224,27.049
19.228,2.467
19.232,-0.052
19.236,2.565
19.24,3.377
19.244,-0.052
19.248,2.636
19.252,0.856
19.256,-0.905
19.26,-26.54
19.264,0.649
19.268,-22.584
19.272,-22.735
19.276,-42.047
19.28,-35.131
19.284,-33.384
19.288,-9.474
19.292,-16.651
19.296,4.483
19.3,3.175
19.304,12.916
19.308,19.989
19.312,34.57
19.316,8.762
19.32,10.988
19.324,2.698
19.328,6.528
19.332,6.626
19.336,-0.696
19.34,6.392
19.344,-3.567
19.348,4.008
19.352,19.809
19.356,9.406
19.36,1.558
19.364,-15.6
19.368,-27.947
19.372,-31.95
19.376,-28.131
19.38,-22.562
19.384,-20.352
19.388,-17.185
19.392,-20.273
19.396,-5.148
19.4,0.776
19.404,8.74
19.408,31.048
19.412,2.15
19.416,13.282
19.42,22.014
19.424,-2.905
19.428,0.576
19.432,-0.447
19.436,1.48
19.44,-8.873
19.444,9.716
19.448,10.831
19.452,8.718
19.456,-5.117
19.46,-2.261
19.464,-16.395
19.468,-18.515
19.472,-4.373
19.476,-24.382
19.48,-35.026
19.484,-20.896
19.488,-26.677
19.492,-16.609
19.496,-5.495
19.5,8.607
19.504,27.096
19.508,28.856
19.512,29.919
19.516,15.653
19.52,16.86
19.524,19.252
19.528,8.15
19.532,8.037
19.536,12.156
19.54,5.222
19.544,9.545
19.548,19.628
19.552,3.232
19.556,9.808
19.56,-1.345
19.564,-25.134
19.568,-30.102
19.572,-34.812
19.576,-39.491
19.58,-34.546
19.584,-26.323
19.588,-15.125
19.592,-14.046
19.596,-10.202
19.6,-13.727
19.604,11.384
19.608,16.302
19.612,19.898
19.616,34.993
19.62,25.956
19.624,19.456
19.628,2.926
19.632,5.011
19.636,8.149
19.64,3.517
19.644,14.834
19.648,14.151
19.652,1.526
19.656,16.662
19.66,2.648
19.664,-18.817
19.668,-12.713
19.672,-16.544
19.676,-15.365
19.68,-27.079
19.684,-15.446
19.688,-14.982
19.692,-19.025
19.696,-10.813
19.7,18.032
19.704,25.344
19.708,22.361
19.712,32.723
19.716,27.507
19.72,20.978
19.724,3.943
19.728,21.155
19.732,8.786
19.736,0.005
19.74,-2.507
19.744,5.096
19.748,-10.593
19.752,6.772
19.756,-9.932
19.76,-4.715
19.764,-18.571
19.768,-23.521
19.772,-33.435
19.776,-32.312
19.78,-16.248
19.784,-16.925
19.788,-18.396
19.792,-12.167
19.796,5.172
19.8,17.418
19.804,9.898
19.808,21.334
19.812,9.724
19.816,32.866
19.82,38.033
19.824,18.917
19.828,-1.773
19.832,17.99
19.836,4.987
19.84,6.958
19.844,17.563
19.848,14.189
19.852,6.301
19.856,0.981
19.86,1.065
19.864,-10.853
19.868,-24.532
19.872,-25.497
19.876,-25.069
19.88,-30.932
19.884,-38.879
19.888,-14.317
19.892,-36.283
19.896,-8.915
19.9,-1.615
19.904,11.535
19.908,19.245
19.912,25.26
19.916,9.46
19.92,17.013
19.924,10.389
19.928,-7.967
19.932,18.99
19.936,-8.244
19.94,7.251
19.944,8.073
19.948,7.706
19.952,0.694
19.956,8.464
19.96,-15.436
19.964,-9.726
19.968,-20.365
19.972,-27.019
19.976,-21.717
19.98,-16.906
19.984,-25.084
19.988,-9.617
19.992,-6.619
19.996,-4.308
20.0,10.097
20.004,17.205
20.008,18.655
20.012,29.163
20.016,26.321
20.02,8.465
20.024,3.864
20.028,16.574
20.032,3.741
20.036,11.042
20.04,14.26
20.044,-2.431
20.048,-4.406
20.052,18.003
20.056,3.186
20.06,-9.173
20.064,-20.867
20.068,-25.368
20.072,-37.668
20.076,-25.585
20.08,-40.038
20.084,-22.491
20.088,-28.371
20.092,-24.858
20.096,-10.046
20.1,-18.063
20.104,9.853
20.108,14.735
20.112,25.033
20.116,3.052
20.12,25.326
20.124,19.74
20.128,20.639
20.132,8.693
20.136,17.019
20.14,-2.05
20.144,16.535
20.148,5.127
20.152,-2.978
20.156,-1.906
20.16,1.874
20.164,-11.578
20.168,-9.293
20.172,-33.259
20.176,-40.164
20.18,-13.4
20.184,-14.839
20.188,-24.874
20.192,-8.528
20.196,8.665
20.2,12.405
20.204,16.962
20.208,28.539
20.212,14.912
20.216,19.303
20.22,15.366
20.224,9.051
20.228,4.185
20.232,5.078
20.236,3.367
20.24,-5.548
20.244,9.456
20.248,-5.036
20.252,-0.572
20.256,-4.666
20.26,-4.815
20.264,-31.351
20.268,-14.278
20.272,-32.796
20.276,-21.262
20.28,-35.189
20.284,-28.396
20.288,-5.921
20.292,-14.183
20.296,8.329
20.3,8.691
20.304,19.86
20.308,22.513
20.312,31.082
20.316,18.397
20.32,13.641
20.324,13.168
20.328,16.025
20.332,11.353
20.336,17.902
20.34,22.703
20.344,4.744
20.348,6.281
20.352,-1.284
20.356,22.421
20.36,2.496
20.364,-3.739
20.368,-26.38
20.372,-22.846
20.376,-23.711
20.38,-31.529
20.384,-18.966
20.388,-3.735
20.392,-21.949
20.396,-13.521
20.4,-3.676
20.404,23.199
20.408,23.09
20.412,15.162
20.416,15.452
20.42,5.788
20.424,15.942
20.428,2.686
20.432,1.705
20.436,8.137
20.44,2.391
20.444,3.074
20.448,5.585
20.452,11.014
20.456,15.018
20.46,1.731
20.464,-2.773
20.468,-17.453
20.472,-27.263
20.476,-19.915
20.48,-24.156
20.484,-33.719
20.488,-18.487
20.492,-7.68
20.496,-1.25
20.5,24.015
20.504,23.439
20.508,35.214
20.512,27.842
20.516,25.095
20.52,13.698
20.524,17.172
20.528,13.281
20.532,-0.673
20.536,4.309
20.54,5.426
20.544,11.045
20.548,10.577
20.552,-0.043
20.556,4.125
20.56,-7.276
20.564,-36.353
20.568,-25.162
20.572,-19.511
20.576,-46.107
20.58,-32.922
20.584,-18.558
20.588,-31.251
20.592,-16.494
20.596,-17.068
20.6,15.949
20.604,10.153
20.608,16.469
20.612,29.269
20.616,23.435
20.62,9.026
20.624,7.997
20.628,14.582
20.632,4.122
20.636,-8.03
20.64,9.294
20.644,-1.011
20.648,24.226
20.652,11.647
20.656,-0.154
20.66,-3.759
20.664,-20.099
20.668,-21.098
20.672,-10.663
20.676,-5.293
20.68,-18.568
20.684,-22.806
20.688,-19.935
20.692,-16.156
20.696,16.987
20.7,7.541
20.704,32.702
20.708,30.926
20.712,6.831
20.716,13.726
20.72,10.157
20.724,10.594
20.728,6.821
20.732,28.465
20.736,-5.526
20.74,4.671
20.744,7.973
20.748,2.763
20.752,2.056
20.756,-10.662
20.76,-6.828
20.764,-10.307
20.768,-18.785
20.772,-22.818
20.776,-19.721
20.78,-23.868
20.784,-27.435
20.788,-30.605
20.792,-16.765
20.796,-3.339
20.8,10.397
20.804,12.71
20.808,14.467
20.812,14.794
20.816,10.672
20.82,19.633
20.824,6.519
20.828,7.223
20.832,9.968
20.836,1.533
20.84,15.303
20.844,18.472
20.848,7.757
20.852,6.709
20.856,10.477
20.86,-5.654
20.864,-13.839
20.868,-6.087
20.872,-15.763
20.876,-22.973
20.88,-22.102
20.884,-43.39
20.888,-11.399
20.892,-11.236
20.896,2.742
20.9,6.444
20.904,10.741
20.908,12.549
20.912,19.183
20.916,12.665
20.92,19.263
20.924,-3.87
20.928,1.393
20.932,20.144
20.936,-1.742
20.94,1.985
20.944,-2.107
20.948,8.188
20.952,-1.239
20.956,0.361
20.96,3.838
20.964,-14.789
20.968,-9.545
20.972,-15.023
20.976,-16.708
20.98,-24.402
20.984,3.592
20.988,-7.426
20.992,-4.417
20.996,-4.174
21.0,11.385
21.004,31.011
21.008,37.905
21.012,37.562
21.016,30.726
21.02,11.145
21.024,20.974
21.028,3.245
21.032,-1.636
21.036,10.539
21.04,12.198
21.044,14.964
21.048,10.863
21.052,8.86
21.056,-7.504
21.06,-6.659
21.064,-25.453
21.068,-37.312
21.072,-22.218
21.076,-38.677
21.08,-26.844
21.084,-22.373
21.088,-30.121
21.092,-11.788
21.096,-11.925
21.1,-11.836
21.104,11.806
21.108,12.329
21.112,14.914
21.116,33.945
21.12,3.824
21.124,16.238
21.128,2.664
21.132,16.381
21.136,11.296
21.14,12.755
21.144,3.271
21.148,5.171
21.152,17.651
21.156,21.254
21.16,5.672
21.164,-12.163
21.168,-9.59
21.172,0.627
21.176,-22.328
21.18,-12.684
21.184,-27.993
21.188,-16.816
21.192,-3.548
21.196,3.687
21.2,2.92
21.204,9.3
21.208,27.684
21.212,30.29
21.216,31.151
21.22,29.941
21.224,12.31
21.228,4.814
21.232,15.303
21.236,8.796
21.24,-5.02
21.244,-5.228
21.248,6.711
21.252,-0.244
21.256,-2.515
21.26,0.9
21.264,-8.325
21.268,-10.767
21.272,-42.832
21.276,-28.995
21.28,-25.806
21.284,-40.218
21.288,-26.471
21.292,-18.689
21.296,-1.408
21.3,21.401
21.304,32.717
21.308,15.439
21.312,28.512
21.316,28.352
21.32,24.614
21.324,21.469
21.328,17.657
21.332,26.62
21.336,21.04
21.34,3.784
21.344,18.916
21.348,19.291
21.352,12.725
21.356,15.229
21.36,1.563
21.364,-5.974
21.368,-14.689
21.372,-38.982
21.376,-28.428
21.38,-34.853
21.384,-37.063
21.388,-10.757
21.392,-10.339
21.396,-5.583
21.4,-1.172
21.404,12.719
21.408,22.683
21.412,9.63
21.416,15.121
21.42,19.265
21.424,-6.666
21.428,5.265
21.432,0.351
21.436,2.196
21.44,-0.118
21.444,6.054
21.448,20.89
21.452,2.06
21.456,4.179
21.46,13.005
21.464,-13.599
21.468,-1.336
21.472,-21.559
21.476,-10.892
21.48,-19.525
21.484,-19.881
21.488,-16.388
21.492,-12.009
21.496,3.44
21.5,19.34
21.504,19.496
21.508,21.696
21.512,23.729
21.516,32.384
21.52,30.992
21.524,11.739
21.528,7.828
21.532,13.299
21.536,20.846
21.54,17.18
21.544,-2.278
21.548,4.774
21.552,-2.838
21.556,-1.766
21.56,7.016
21.564,-24.776
21.568,-34.236
21.572,-34.772
21.576,-30.354
21.58,-28.858
21.584,-27.74
21.588,-15.761
21.592,-30.616
21.596,2.871
21.6,0.434
21.604,16.671
21.608,5.508
21.612,18.475
21.616,20.033
21.62,25.277
21.624,0.493
21.628,10.869
21.632,0.433
21.636,12.952
21.64,15.938
21.644,21.128
21.648,7.016
21.652,17.651
21.656,17.975
21.66,-11.316
21.664,-0.085
21.668,-4.634
21.672,-20.863
21.676,-32.833
21.68,-16.835
21.684,-31.666
21.688,-17.906
21.692,-8.825
21.696,6.233
21.7,4.038
21.704,10.3
21.708,20.569
21.712,28.809
21.716,37.353
21.72,3.449
21.724,13.756
21.728,-1.388
21.732,12.646
21.736,-4.417
21.74,-2.558
21.744,-1.673
21.748,2.166
21.752,3.76
21.756,1.566
21.76,-7.726
21.764,-25.037
21.768,-15.583
21.772,-27.804
21.776,-21.728
21.78,-37.025
21.784,-40.824
21.788,-21.504
21.792,-1.597
21.796,-0.294
21.8,6.781
21.804,9.574
21.808,36.015
21.812,16.063
21.816,18.078
21.82,26.073
21.824,3.429
21.828,25.424
21.832,18.113
21.836,19.414
21.84,16.73
21.844,11.262
21.848,3.647
21.852,9.085
21.856,-1.624
21.86,3.947
21.864,-1.123
21.868,-3.844
21.872,-19.862
21.876,-20.389
21.88,-31.884
21.884,-31.398
21.888,-18.44
21.892,-17.464
21.896,-3.191
21.9,-5.143
21.904,3.296
21.908,19.835
21.912,23.34
21.916,7.274
21.92,17.685
21.924,4.56
21.928,5.858
21.932,15.121
21.936,9.726
21.94,10.262
21.944,20.224
21.948,-0.13
21.952,-3.236
21.956,-3.931
21.96,-4.989
21.964,-28.035
21.968,-17.513
21.972,-25.958
21.976,-18.877
21.98,-22.707
21.984,-27.144
21.988,-11.143
21.992,-1.23
21.996,-3.315
22.0,8.217
22.004,1.798
22.008,15.503
22.012,19.795
22.016,25.038
22.02,13.628
22.024,12.969
22.028,3.374
22.032,11.633
22.036,12.031
22.04,11.231
22.044,7.836
22.048,-5.442
22.052,-0.352
22.056,-2.885
22.06,-9.046
22.064,-12.796
22.068,-9.88
22.072,-21.647
22.076,-40.552
22.08,-28.396
22.084,-26.117
22.088,-31.615
22.092,-9.72
22.096,-7.919
22.1,-8.349
22.104,14.461
22.108,17.832
22.112,16.614
22.116,17.843
22.12,10.278
22.124,18.056
22.128,10.275
22.132,10.447
22.136,11.765
22.14,0.483
22.144,3.676
22.148,-6.384
22.152,14.751
22.156,-2.61
22.16,2.891
22.164,-2.016
22.168,-7.483
22.172,-28.425
22.176,-23.668
22.18,-11.017
22.184,-8.355
22.188,-8.581
22.192,-5.804
22.196,-7.532
22.2,14.8
22.204,14.512
22.208,24.262
22.212,15.695
22.216,17.67
22.22,16.822
22.224,13.203
22.228,11.254
22.232,-0.138
22.236,-7.655
22.24,15.838
22.244,22.955
22.248,6.355
22.252,-9.418
22.256,-8.489
22.26,-3.607
22.264,-3.669
22.268,-31.109
22.272,-28.375
22.276,-29.454
22.28,-24.447
22.284,-30.754
22.288,-33.742
22.292,-6.995
22.296,7.417
22.3,7.718
22.304,19.779
22.308,18.157
22.312,17.533
22.316,32.093
22.32,24.613
22.324,22.2
22.328,27.244
22.332,4.68
22.336,7.804
22.34,13.529
22.344,8.036
22.348,18.417
22.352,8.706
22.356,-1.763
22.36,0.584
22.364,-6.215
22.368,-8.181
22.372,-19.691
22.376,-24.096
22.38,-26.945
22.384,-29.077
22.388,-27.959
22.392,-12.062
22.396,-8.009
22.4,16.865
22.404,21.087
22.408,19.814
22.412,19.274
22.416,14.456
22.42,2.231
22.424,7.093
22.428,6.537
22.432,5.621
22.436,7.023
22.44,11.265
22.444,-0.584
22.448,0.036
22.452,16.258
22.456,8.013
22.46,-6.079
22.464,-10.057
22.468,-16.675
22.472,-21.349
22.476,-21.366
22.48,-5.246
22.484,-20.82
22.488,-10.562
22.492,-20.508
22.496,-1.045
22.5,21.992
22.504,22.819
22.508,-10.884
22.512,31.127
22.516,39.789
22.52,5.223
22.524,29.232
22.528,-8.999
22.532,17.768
22.536,8.556
22.54,-10.787
22.544,11.306
22.548,16.093
22.552,7.518
22.556,5.052
22.56,-9.113
22.564,-28.287
22.568,-15.75
22.572,-14.145
22.576,-23.616
22.58,-49.727
22.584,-43.359
22.588,-31.934
22.592,-29.255
22.596,-6.283
22.6,6.078
22.604,-0.623
22.608,22.313
22.612,23.244
22.616,13.757
22.62,14.651
22.624,-2.423
22.628,7.965
22.632,9.174
22.636,10.258
22.64,12.751
22.644,12.784
22.648,9.181
22.652,12.522
22.656,15.104
22.66,1.066
22.664,-2.443
22.668,-13.791
22.672,-23.967
22.676,-18.964
22.68,-28.821
22.684,-18.981
22.688,-16.253
22.692,-10.936
22.696,-2.117
22.7,4.986
22.704,2.61
22.708,22.841
22.712,22.61
22.716,25.851
22.72,11.258
22.724,26.396
22.728,4.266
22.732,-2.506
22.736,-4.858
22.74,-11.032
22.744,15.302
22.748,13.744
22.752,5.98
22.756,-9.472
22.76,6.81
22.764,-17.211
22.768,-23.558
22.772,-15.882
22.776,-25.751
22.78,-13.755
22.784,-26.016
22.788,-24.408
22.792,-16.859
22.796,-16.358
22.8,6.15
22.804,25.693
22.808,26.744
22.812,24.462
22.816,15.922
22.82,23.328
22.824,26.379
22.828,18.673
22.832,14.453
22.836,5.845
22.84,19.203
22.844,-12.505
22.848,15.215
22.852,30.768
22.856,-5.889
22.86,-1.873
22.864,-7.641
22.868,-19.359
22.872,-14.546
22.876,-24.006
22.88,-28.289
22.884,-21.193
22.888,-22.095
22.892,11.067
22.896,-4.133
22.9,4.909
22.904,-3.334
22.908,10.404
22.912,25.425
22.916,4.476
22.92,-4.94
22.924,9.081
22.928,16.691
22.932,4.124
22.936,0.577
22.94,-10.973
22.944,8.571
22.948,10.791
22.952,-9.603
22.956,10.922
22.96,3.173
22.964,-0.141
22.968,-11.186
22.972,-16.372
22.976,-20.982
22.98,-18.578
22.984,-36.888
22.988,-27.871
22.992,-12.905
22.996,1.795
23.0,15.266
23.004,22.198
23.008,33.166
23.012,34.923
23.016,17.465
23.02,23.099
23.024,10.294
23.028,11.67
23.032,12.838
23.036,-18.644
23.04,27.302
23.044,12.268
23.048,2.121
23.052,20.026
23.056,-2.406
23.06,-4.759
23.064,-17.293
23.068,-8.069
23.072,-28.983
23.076,-31.456
23.08,-24.193
23.084,-26.559
23.088,-25.601
23.092,-7.628
23.096,13.672
23.1,5.47
23.104,11.753
23.108,17.461
23.112,28.918
23.116,13.349
23.12,13.804
23.124,0.876
23.128,1.152
23.132,4.973
23.136,8.461
23.14,23.873
23.144,15.118
23.148,3.999
23.152,4.409
23.156,18.085
23.16,10.843
23.164,-4.759
23.168,-15.842
23.172,-9.794
23.176,-31.094
23.18,-21.243
23.184,-3.889
23.188,-14.837
23.192,-14.709
23.196,3.791
23.2,5.291
23.204,4.624
23.208,25.386
23.212,29.7
23.216,16.566
23.22,12.491
23.224,3.541
23.228,6.104
23.232,-0.004
23.236,-4.997
23.24,17.977
23.244,6.773
23.248,7.355
23.252,8.241
23.256,3.865
23.26,-10.985
23.264,-12.217
23.268,-23.558
23.272,-23.872
23.276,-28.288
23.28,-34.425
23.284,-38.64
23.288,-20.061
23.292,-13.599
23.296,-16.705
23.3,12.44
23.304,24.259
23.308,42.18
23.312,21.17
23.316,19.571
23.32,12.638
23.324,19.946
23.328,16.846
23.332,6.629
23.336,10.821
23.34,-3.564
23.344,19.962
23.348,5.987
23.352,9.928
23.356,-5.236
23.36,-4.601
23.364,-9.814
23.368,-15.749
23.372,-18.999
23.376,-16.273
23.38,-23.645
23.384,-19.874
23.388,-10.661
23.392,-9.815
23.396,-5.638
23.4,11.419
23.404,18.934
23.408,19.94
23.412,4.609
23.416,8.428
23.42,10.121
23.424,15.059
23.428,5.555
23.432,12.88
23.436,13.788
23.44,13.488
23.444,14.598
23.448,-2.795
23.452,8.512
23.456,-3.015
23.46,-16.145
23.464,-11.499
23.468,-5.256
23.472,-17.915
23.476,-9.005
23.48,-24.108
23.484,-2.756
23.488,-14.443
23.492,-6.837
23.496,-7.401
23.5,21.046
23.504,15.583
23.508,19.052
23.512,35.985
23.516,33.71
23.52,30.247
23.524,14.179
23.528,12.769
23.532,9.785
23.536,14.886
23.54,20.441
23.544,10.682
23.548,22.685
23.552,11.785
23.556,-1.505
23.56,0.81
23.564,0.252
23.568,-5.299
23.572,-18.648
23.576,-32.447
23.58,-35.557
23.584,-26.631
23.588,-11.774
23.592,-13.041
23.596,-3.0
23.6,3.342
23.604,8.196
23.608,14.799
23.612,19.518
23.616,31.888
23.62,14.113
23.624,13.596
23.628,3.7
23.632,14.848
23.636,19.842
23.64,22.716
23.644,12.457
23.648,15.891
23.652,9.004
23.656,11.311
23.66,4.342
23.664,-4.518
23.668,-11.2
23.672,-15.178
23.676,-25.5
23.68,-26.319
23.684,-8.411
23.688,5.205
23.692,-18.139
23.696,-9.567
23.7,1.394
23.704,14.95
23.708,26.944
23.712,25.488
23.716,20.43
23.72,19.741
23.724,5.696
23.728,5.351
23.732,4.334
23.736,-9.582
23.74,-6.451
23.744,-5.931
23.748,8.888
23.752,3.137
23.756,2.585
23.76,-22.398
23.764,-26.266
23.768,-16.1
23.772,-49.609
23.776,-21.225
23.78,-45.95
23.784,-21.259
23.788,-28.34
23.792,-3.574
23.796,24.083
23.8,-9.807
23.804,22.1
23.808,7.488
23.812,27.714
23.816,22.227
23.82,22.551
23.824,10.983
23.828,21.472
23.832,1.532
23.836,22.153
23.84,8.991
23.844,1.329
23.848,24.912
23.852,9.667
23.856,21.439
23.86,9.829
23.864,-13.963
23.868,-16.338
23.872,-21.868
23.876,-15.575
23.88,-26.007
23.884,-26.161
23.888,-23.828
23.892,-14.777
23.896,5.093
23.9,3.376
23.904,7.189
23.908,10.235
23.912,11.816
23.916,3.942
23.92,6.317
23.924,20.809
23.928,4.073
23.932,9.421
23.936,-16.564
23.94,8.441
23.944,3.663
23.948,1.649
23.952,6.099
23.956,-2.121
23.96,-19.944
23.964,-1.821
23.968,-13.91
23.972,-24.113
23.976,-32.877
23.98,-37.285
23.984,-20.547
23.988,-2.955
23.992,-5.391
23.996,-8.228
24.0,13.962
24.004,19.174
24.008,31.141
24.012,30.589
24.016,0.558
24.02,25.553
24.024,9.049
24.028,1.803
24.032,8.756
24.036,11.913
24.04,-5.113
24.044,13.373
24.048,12.993
24.052,4.983
24.056,-6.567
24.06,-13.655
24.064,-5.188
24.068,-33.375
24.072,-19.628
24.076,-33.974
24.08,-34.59
24.084,-44.904
24.088,-26.34
24.092,-11.602
24.096,-17.327
24.1,6.92
24.104,11.531
24.108,10.946
24.112,25.272
24.116,0.525
24.12,18.804
24.124,26.131
24.128,22.142
24.132,12.234
24.136,6.495
24.14,4.634
24.144,8.407
24.148,15.646
24.152,3.775
24.156,13.147
24.16,18.895
24.164,-5.479
24.168,-23.057
24.172,-29.551
24.176,-16.934
24.18,-24.857
24.184,-15.055
24.188,-20.749
24.192,-1.859
24.196,-0.758
24.2,3.191
24.204,12.569
24.208,10.201
24.212,36.673
24.216,18.283
24.22,20.665
24.224,6.938
24.228,-1.112
24.232,2.624
24.236,11.901
24.24,-1.327
24.244,-3.923
24.248,4.019
24.252,5.166
24.256,10.839
24.26,-4.85
24.264,-9.246
24.268,-15.651
24.272,-36.604
24.276,-38.729
24.28,-40.035
24.284,-38.663
24.288,-14.868
24.292,-9.644
24.296,-0.946
24.3,-12.363
24.304,32.98
24.308,14.799
24.312,40.714
24.316,12.287
24.32,15.014
24.324,0.654
24.328,18.125
24.332,4.309
24.336,3.636
24.34,1.285
24.344,18.769
24.348,17.844
24.352,24.702
24.356,0.692
24.36,1.809
24.364,-17.892
24.368,-18.339
24.372,-26.987
24.376,-24.07
24.38,-21.371
24.384,-19.643
24.388,-28.972
24.392,-6.385
24.396,-5.697
24.4,0.75
24.404,4.681
24.408,10.272
24.412,30.185
24.416,17.618
24.42,13.717
24.424,6.724
24.428,25.293
24.432,14.225
24.436,-2.502
24.44,1.706
24.444,3.24
24.448,6.668
24.452,-0.959
24.456,5.356
24.46,8.664
24.464,-19.708
24.468,-24.879
24.472,-25.466
24.476,-28.642
24.48,-9.538
24.484,-14.325
24.488,-8.308
24.492,-9.131
24.496,0.543
24.5,0.547
24.504,25.854
24.508,28.157
24.512,36.023
24.516,22.758
24.52,20.056
24.524,18.437
24.528,20.312
24.532,-1.498
24.536,14.514
24.54,7.849
24.544,-0.732
24.548,-9.791
24.552,3.515
24.556,11.955
24.56,7.578
24.564,-10.553
24.568,-5.589
24.572,-28.487
24.576,-25.026
24.58,-37.433
24.584,-35.356
24.588,-30.586
24.592,-32.995
24.596,3.661
24.6,-2.202
24.604,4.408
24.608,6.656
24.612,16.8
24.616,32.251
24.62,32.781
24.624,-0.112
24.628,7.787
24.632,0.84
24.636,16.815
24.64,12.013
24.644,5.738
24.648,11.877
24.652,6.413
24.656,20.001
24.66,6.206
24.664,0.375
24.668,-33.637
24.672,-19.327
24.676,-6.481
24.68,-13.77
24.684,-36.847
24.688,-18.987
24.692,-18.117
24.696,14.197
24.7,11.005
24.704,9.634
24.708,20.051
24.712,-0.101
24.716,10.374
24.72,15.801
24.724,17.999
24.728,-8.227
24.732,1.446
24.736,11.169
24.74,-8.772
24.744,4.875
24.748,3.303
24.752,14.889
24.756,-4.145
24.76,-9.053
24.764,-7.558
24.768,-32.016
24.772,-29.147
24.776,-34.668
24.78,-32.475
24.784,-21.218
24.788,-16.798
24.792,-17.954
24.796,-0.488
24.8,20.302
24.804,9.886
24.808,23.115
24.812,22.754
24.816,23.377
24.82,8.468
24.824,29.563
24.828,9.033
24.832,21.328
24.836,7.249
24.84,7.261
24.844,22.256
24.848,20.103
24.852,11.875
24.856,12.267
24.86,-2.25
24.864,-7.645
24.868,-20.952
24.872,-15.604
24.876,-33.333
24.88,-17.626
24.884,-30.098
24.888,-22.065
24.892,-8.302
24.896,-5.153
24.9,0.963
24.904,10.109
24.908,21.902
24.912,10.943
24.916,14.149
24.92,12.403
24.924,15.739
24.928,4.927
24.932,18.252
24.936,2.014
24.94,1.993
24.944,3.585
24.948,-5.032
24.952,-3.643
24.956,-2.4
24.96,6.134
24.964,-9.464
24.968,-19.731
24.972,-11.789
24.976,-12.738
24.98,-15.483
24.984,-29.163
24.988,-19.825
24.992,7.493
24.996,4.763
25.0,10.02
25.004,25.347
25.008,32.287
25.012,21.163
25.016,26.2
25.02,28.603
25.024,7.794
25.028,13.275
25.032,1.349
25.036,0.757
25.04,3.508
25.044,11.554
25.048,4.31
25.052,-0.58
25.056,0.786
25.06,-14.995
25.064,-9.965
25.068,-12.234
25.072,-28.777
25.076,-34.273
25.08,-30.836
25.084,-47.467
25.088,-20.872
25.092,8.304
25.096,-7.617
25.1,1.978
25.104,16.768
25.108,29.258
25.112,26.235
25.116,0.898
25.12,20.538
25.124,33.751
25.128,15.602
25.132,-0.122
25.136,11.163
25.14,-0.525
25.144,20.693
25.148,3.649
25.152,10.827
25.156,0.225
25.16,-2.542
25.164,6.905
25.168,-11.474
25.172,-23.267
25.176,-32.309
25.18,-39.352
25.184,-32.08
25.188,-15.584
25.192,-0.663
25.196,-3.974
25.2,21.615
25.204,10.037
25.208,17.874
25.212,12.121
25.216,26.98
25.22,32.289
25.224,-2.861
25.228,4.535
25.232,14.613
25.236,-8.484
25.24,7.373
25.244,12.813
25.248,3.401
25.252,5.576
25.256,11.784
25.26,7.907
25.264,-14.893
25.268,-25.665
25.272,-34.74
25.276,-23.206
25.28,-42.338
25.284,-30.026
25.288,-20.41
25.292,-15.989
25.296,0.657
25.3,28.895
25.304,15.564
25.308,18.47
25.312,32.422
25.316,25.798
25.32,33.028
25.324,19.594
25.328,13.24
25.332,-1.151
25.336,-0.738
25.34,-2.42
25.344,15.585
25.348,1.254
25.352,20.25
25.356,6.42
25.36,-1.895
25.364,-14.328
25.368,-10.68
25.372,-29.272
25.376,-35.668
25.38,-20.0
25.384,-24.734
25.388,-24.109
25.392,-9.241
25.396,-5.273
25.4,6.411
25.404,3.815
25.408,31.314
25.412,11.609
25.416,27.607
25.42,10.809
25.424,15.279
25.428,11.599
25.432,12.96
25.436,-3.458
25.44,12.5
25.444,19.725
25.448,3.431
25.452,4.929
25.456,-2.342
25.46,-5.724
25.464,4.492
25.468,-23.888
25.472,-29.138
25.476,-12.26
25.48,-20.53
25.484,-5.375
25.488,-19.466
25.492,-6.006
25.496,-2.452
25.5,13.307
25.504,5.408
25.508,29.708
25.512,28.323
25.516,23.984
25.52,18.068
25.524,9.918
25.528,18.998
25.532,0.895
25.536,12.721
25.54,24.608
25.544,19.621
25.548,-5.155
25.552,0.313
25.556,3.745
25.56,-6.382
25.564,-24.591
25.568,-18.202
25.572,-28.224
25.576,-17.338
25.58,-35.849
25.584,-21.896
25.588,-35.303
25.592,-24.735
25.596,-0.863
25.6,11.601
25.604,3.16
25.608,16.288
25.612,7.382
25.616,16.693
25.62,22.726
25.624,9.696
25.628,8.63
25.632,0.077
25.636,3.721
25.64,23.785
25.644,11.414
25.648,3.278
25.652,7.715
25.656,-5.692
25.66,-6.283
25.664,5.899
25.668,-13.442
25.672,-3.667
25.676,-23.91
25.68,-24.667
25.684,-16.943
25.688,-37.86
25.692,-6.865
25.696,0.117
25.7,20.939
25.704,23.494
25.708,10.708
25.712,30.695
25.716,16.955
25.72,8.274
25.724,12.81
25.728,5.682
25.732,16.803
25.736,5.817
25.74,4.485
25.744,10.247
25.748,11.519
25.752,7.443
25.756,9.052
25.76,-2.811
25.764,-13.057
25.768,-11.492
25.772,-28.107
25.776,-30.756
25.78,-17.591
25.784,-15.03
25.788,-21.297
25.792,-15.593
25.796,10.124
25.8,14.782
25.804,19.061
25.808,19.378
25.812,26.953
25.816,23.708
25.82,16.198
25.824,19.309
25.828,17.351
25.832,10.116
25.836,19.451
25.84,22.576
25.844,20.31
25.848,9.942
25.852,16.252
25.856,6.801
25.86,-9.828
25.864,-2.196
25.868,-14.489
25.872,-2.088
25.876,-16.127
25.88,-23.818
25.884,-25.578
25.888,-20.92
25.892,-22.402
25.896,-19.256
25.9,-3.634
25.904,9.968
25.908,-2.093
25.912,11.892
25.916,13.178
25.92,10.597
25.924,3.528
25.928,2.993
25.932,17.576
25.936,8.564
25.94,-0.588
25.944,4.407
25.948,5.274
25.952,-1.493
25.956,-4.307
25.96,5.131
25.964,-12.557
25.968,-24.611
25.972,-21.946
25.976,-24.203
25.98,-41.308
25.984,-22.664
25.988,-8.919
25.992,-3.407
25.996,20.672
26.0,22.17
26.004,31.192
26.008,46.629
26.012,31.8
26.016,25.749
26.02,28.98
26.024,12.603
26.028,14.038
26.032,5.082
26.036,11.809
26.04,2.797
26.044,2.241
26.048,10.194
26.052,3.506
26.056,-15.047
26.06,-17.464
26.064,-22.574
26.068,-28.349
26.072,-24.828
26.076,-30.901
26.08,-25.301
26.084,-25.217
26.088,-16.591
26.092,-11.644
26.096,-4.959
26.1,11.726
26.104,18.174
26.108,19.105
26.112,28.604
26.116,-0.624
26.12,13.707
26.124,10.729
26.128,19.844
26.132,21.686
26.136,-2.693
26.14,21.01
26.144,1.459
26.148,2.166
26.152,8.358
26.156,4.542
26.16,-10.637
26.164,0.215
26.168,-6.867
26.172,-10.361
26.176,-26.615
26.18,-24.696
26.184,-22.313
26.188,-2.976
26.192,-31.178
26.196,-7.147
26.2,9.095
26.204,7.092
26.208,17.711
26.212,19.749
26.216,13.792
26.22,16.025
26.224,16.258
26.228,5.414
26.232,0.87
26.236,1.766
26.24,2.78
26.244,-10.881
26.248,6.468
26.252,-2.434
26.256,7.789
26.26,-2.952
26.264,-5.037
26.268,-29.494
26.272,-30.351
26.276,-40.962
26.28,-37.005
26.284,-17.989
26.288,-9.331
26.292,-21.15
26.296,-5.248
26.3,7.769
26.304,21.221
26.308,7.875
26.312,11.476
26.316,27.798
26.32,5.921
26.324,14.702
26.328,16.524
26.332,16.444
26.336,11.086
26.34,9.339
26.344,19.307
26.348,14.434
26.352,5.03
26.356,6.479
26.36,3.124
26.364,6.168
26.368,-9.368
26.372,-13.12
26.376,-32.67
26.38,-33.7
26.384,-29.454
26.388,-23.378
26.392,-22.437
26.396,4.783
26.4,10.413
26.404,7.904
26.408,19.885
26.412,18.029
26.416,20.918
26.42,1.566
26.424,7.657
26.428,5.261
26.432,8.774
26.436,-1.761
26.44,-16.105
26.444,-3.7
26.448,5.013
26.452,5.162
26.456,15.316
26.46,1.709
26.464,-8.547
26.468,-16.113
26.472,-12.768
26.476,-29.868
26.48,-26.648
26.484,-31.052
26.488,-4.511
26.492,-3.876
26.496,-2.826
26.5,11.245
26.504,23.678
26.508,22.223
26.512,21.459
26.516,19.21
26.52,23.902
26.524,14.212
26.528,9.546
26.532,-0.425
26.536,9.247
26.54,6.563
26.544,5.163
26.548,8.477
26.552,10.591
26.556,5.986
26.56,-1.398
26.564,-15.321
26.568,-25.821
26.572,-36.495
26.576,-37.398
26.58,-33.666
26.584,-37.53
26.588,-24.398
26.592,-24.235
26.596,-19.924
26.6,9.486
26.604,7.024
26.608,9.4
26.612,9.684
26.616,21.527
26.62,27.03
26.624,9.951
26.628,8.898
26.632,17.688
26.636,-5.575
26.64,25.455
26.644,30.383
26.648,-10.355
26.652,9.453
26.656,1.336
26.66,-0.288
26.664,-8.331
26.668,-5.808
26.672,-19.694
26.676,-30.434
26.68,-25.756
26.684,-17.952
26.688,-25.949
26.692,-21.674
26.696,16.45
26.7,3.912
26.704,14.678
26.708,16.595
26.712,25.142
26.716,33.236
26.72,20.149
26.724,-0.914
26.728,-3.769
26.732,1.303
26.736,0.946
26.74,-10.936
26.744,9.596
26.748,-5.915
26.752,13.121
26.756,12.261
26.76,-9.666
26.764,-10.886
26.768,-31.261
26.772,-22.39
26.776,-35.007
26.78,-40.061
26.784,-30.32
26.788,-24.957
26.792,-14.566
26.796,6.016
26.8,2.096
26.804,30.417
26.808,11.353
26.812,37.223
26.816,15.749
26.82,21.505
26.824,14.355
26.828,12.478
26.832,19.53
26.836,24.219
26.84,21.789
26.844,9.312
26.848,13.626
26.852,3.949
26.856,-1.755
26.86,-9.112
26.864,-11.078
26.868,-13.662
26.872,-38.131
26.876,-28.156
26.88,-17.379
26.884,-18.596
26.888,-26.911
26.892,-25.547
26.896,-1.666
26.9,-15.193
26.904,19.231
26.908,13.043
26.912,30.897
26.916,1.343
26.92,19.665
26.924,8.018
26.928,3.077
26.932,-7.173
26.936,8.032
26.94,9.304
26.944,19.234
26.948,13.565
26.952,-0.1
26.956,-6.185
26.96,-13.901
26.964,2.587
26.968,-22.079
26.972,-9.759
26.976,-20.947
26.98,-22.887
26.984,-24.793
26.988,-10.577
26.992,-7.14
26.996,-0.12
27.0,17.729
27.004,18.449
27.008,17.842
27.012,30.534
27.016,23.932
27.02,25.102
27.024,13.446
27.028,3.503
27.032,24.144
27.036,20.998
27.04,15.083
27.044,4.634
27.048,4.484
27.052,15.666
27.056,-2.457
27.06,-10.88
27.064,1.582
27.068,-21.666
27.072,-13.996
27.076,-43.839
27.08,-29.678
27.084,-14.671
27.088,-24.928
27.092,-18.623
27.096,-15.978
27.1,11.589
27.104,4.658
27.108,15.337
27.112,8.559
27.116,30.598
27.12,25.27
27.124,12.923
27.128,1.389
27.132,21.402
27.136,5.981
27.14,0.879
27.144,-3.267
27.148,6.128
27.152,-1.404
27.156,2.105
27.16,7.785
27.164,-7.987
27.168,-9.456
27.172,-24.58
27.176,-22.626
27.18,-9.012
27.184,-24.858
27.188,-13.404
27.192,-21.029
27.196,12.669
27.2,5.233
27.204,24.181
27.208,18.792
27.212,25.65
27.216,24.422
27.22,11.89
27.224,19.968
27.228,1.232
27.232,10.719
27.236,-0.03
27.24,5.636
27.244,-0.655
27.248,3.175
27.252,-7.423
27.256,-0.323
27.26,-7.327
27.264,-18.719
27.268,-21.846
27.272,-26.308
27.276,-35.953
27.28,-32.393
27.284,-36.05
27.288,-2.466
27.292,-3.492
27.296,0.603
27.3,17.755
27.304,0.703
27.308,1.492
27.312,21.105
27.316,12.853
27.32,19.62
27.324,19.922
27.328,22.591
27.332,4.013
27.336,15.417
27.34,12.38
27.344,15.331
27.348,7.994
27.352,21.271
27.356,5.349
27.36,14.252
27.364,-13.901
27.368,-9.716
27.372,-23.314
27.376,-30.407
27.38,-24.448
27.384,-29.965
27.388,-43.525
27.392,-38.875
27.396,4.835
27.4,13.189
27.404,25.448
27.408,14.611
27.412,5.905
27.416,11.803
27.42,12.412
27.424,0.766
27.428,18.914
27.432,21.701
27.436,7.093
27.44,3.808
27.444,-5.406
27.448,17.872
27.452,5.261
27.456,-0.468
27.46,0.897
27.464,-13.885
27.468,-14.679
27.472,-33.141
27.476,-16.451
27.48,-26.361
27.484,-13.068
27.488,-17.472
27.492,-8.106
27.496,-6.865
27.5,18.239
27.504,12.594
27.508,20.337
27.512,25.743
27.516,25.414
27.52,7.542
27.524,15.23
27.528,19.538
27.532,7.237
27.536,6.828
27.54,9.312
27.544,6.729
27.548,-1.358
27.552,4.316
27.556,8.326
27.56,-14.229
27.564,-16.391
27.568,-32.338
27.572,-20.612
27.576,-33.391
27.58,-40.625
27.584,-30.502
27.588,-34.795
27.592,-24.779
27.596,-18.317
27.6,-5.604
27.604,21.678
27.608,10.231
27.612,22.165
27.616,11.452
27.62,22.107
27.624,4.967
27.628,10.936
27.632,9.538
27.636,27.531
27.64,14.764
27.644,6.087
27.648,16.776
27.652,27.338
27.656,-5.95
27.66,-4.91
27.664,-6.879
27.668,-15.639
27.672,-21.455
27.676,-33.581
27.68,-13.147
27.684,-33.451
27.688,-18.081
27.692,-0.138
27.696,0.267
27.7,1.216
27.704,4.987
27.708,17.938
27.712,14.702
27.716,20.696
27.72,4.298
27.724,17.737
27.728,8.228
27.732,6.014
27.736,14.62
27.74,-0.663
27.744,-2.765
27.748,-1.607
27.752,-0.366
27.756,-3.031
27.76,-14.326
27.764,-30.582
27.768,-25.893
27.772,-24.501
27.776,-29.932
27.78,-21.767
27.784,-12.362
27.788,-15.157
27.792,-0.905
27.796,4.552
27.8,22.058
27.804,31.343
27.808,29.563
27.812,29.951
27.816,22.239
27.82,21.182
27.824,15.574
27.828,20.198
27.832,7.356
27.836,10.691
27.84,-6.576
27.844,26.335
27.848,10.388
27.852,13.85
27.856,17.84
27.86,2.461
27.864,3.977
27.868,-25.592
27.872,-3.657
27.876,-19.088
27.88,-27.833
27.884,-16.171
27.888,-31.578
27.892,-16.681
27.896,6.21
27.9,-11.59
27.904,14.833
27.908,19.009
27.912,32.0
27.916,2.496
27.92,25.197
27.924,4.346
27.928,2.149
27.932,-5.991
27.936,-5.436
27.94,7.123
27.944,-3.945
27.948,11.423
27.952,-0.653
27.956,-7.859
27.96,-7.175
27.964,-6.505
27.968,-18.073
27.972,-21.327
27.976,-19.578
27.98,-16.867
27.984,-24.819
27.988,-24.216
27.992,-6.408
27.996,6.599
28.0,0.475
28.004,12.476
28.008,18.475
28.012,24.072
28.016,18.356
28.02,26.847
28.024,4.235
28.028,0.539
28.032,7.593
28.036,7.22
28.04,-3.625
28.044,2.883
28.048,3.678
28.052,1.461
28.056,1.589
28.06,-11.112
28.064,-1.573
28.068,-17.379
28.072,-34.6
28.076,-31.896
28.08,-32.831
28.084,-21.522
28.088,-29.969
28.092,-10.372
28.096,-6.301
28.1,14.863
28.104,21.146
28.108,17.672
28.112,16.337
28.116,22.196
28.12,14.587
28.124,26.618
28.128,11.25
28.132,5.87
28.136,5.231
28.14,0.016
28.144,15.283
28.148,4.736
28.152,19.018
28.156,-3.256
28.16,2.848
28.164,4.218
28.168,-29.52
28.172,-2.647
28.176,-26.549
28.18,-23.25
28.184,-17.498
28.188,-10.67
28.192,-6.313
28.196,8.488
28.2,13.204
28.204,29.864
28.208,23.956
28.212,36.475
28.216,26.262
28.22,1.063
28.224,32.122
28.228,2.709
28.232,16.46
28.236,3.306
28.24,11.328
28.244,-2.466
28.248,7.782
28.252,-0.851
28.256,10.328
28.26,-4.171
28.264,-6.91
28.268,-38.718
28.272,-28.064
28.276,-27.737
28.28,-29.574
28.284,-20.316
28.288,-24.159
28.292,-11.574
28.296,7.868
28.3,-9.851
28.304,21.251
28.308,19.282
28.312,17.001
28.316,26.574
28.32,31.333
28.324,26.59
28.328,14.147
28.332,20.125
28.336,19.165
28.34,11.566
28.344,7.006
28.348,7.07
28.352,16.909
28.356,5.84
28.36,-8.311
28.364,-21.057
28.368,-9.004
28.372,-27.211
28.376,-25.142
28.38,-19.589
28.384,-38.043
28.388,-22.59
28.392,-15.738
28.396,-2.306
28.4,13.26
28.404,-0.286
28.408,19.31
28.412,24.498
28.416,13.668
28.42,11.221
28.424,12.17
28.428,8.484
28.432,8.444
28.436,7.757
28.44,-3.961
28.444,12.876
28.448,14.835
28.452,6.14
28.456,-10.108
28.46,-3.871
28.464,-7.644
28.468,-25.011
28.472,-24.482
28.476,-36.422
28.48,-20.668
28.484,-21.011
28.488,-29.029
28.492,-4.205
28.496,2.382
28.5,16.292
28.504,16.468
28.508,17.817
28.512,19.568
28.516,20.139
28.52,21.341
28.524,18.26
28.528,11.651
28.532,6.877
28.536,5.814
28.54,28.074
28.544,1.571
28.548,2.423
28.552,30.958
28.556,3.742
28.56,-16.859
28.564,-6.654
28.568,-28.565
28.572,-20.871
28.576,-34.34
28.58,-37.342
28.584,-18.366
28.588,-20.635
28.592,-8.727
28.596,-3.157
28.6,-0.625
28.604,15.71
28.608,25.77
28.612,19.513
28.616,32.556
28.62,22.835
28.624,14.871
28.628,12.635
28.632,10.213
28.636,-1.102
28.64,9.0
28.644,12.6
28.648,7.967
28.652,12.934
28.656,7.258
28.66,8.019
28.664,0.321
28.668,-10.965
28.672,-29.731
28.676,-8.821
28.68,-25.514
28.684,-22.717
28.688,-19.22
28.692,-12.412
28.696,12.861
28.7,20.14
28.704,19.332
28.708,18.918
28.712,25.711
28.716,19.644
28.72,13.987
28.724,13.938
28.728,3.775
28.732,6.513
28.736,4.726
28.74,7.663
28.744,-1.912
28.748,8.457
28.752,-6.076
28.756,-6.884
28.76,-11.912
28.764,-22.974
28.768,-13.28
28.772,-35.132
28.776,-36.613
28.78,-21.32
28.784,-32.57
28.788,-22.737
28.792,-20.061
28.796,5.082
28.8,15.152
28.804,22.448
28.808,26.253
28.812,24.888
28.816,19.686
28.82,14.993
28.824,28.596
28.828,21.346
28.832,7.573
28.836,12.539
28.84,9.864
28.844,3.525
28.848,13.573
28.852,6.882
28.856,-1.443
28.86,-11.775
28.864,-20.088
28.868,-18.63
28.872,-23.517
28.876,-34.788
28.88,-24.301
28.884,-28.096
28.888,-17.614
28.892,-15.836
28.896,-11.641
28.9,4.259
28.904,0.248
28.908,19.067
28.912,8.749
28.916,22.505
28.92,9.613
28.924,17.322
28.928,-3.255
28.932,-1.637
28.936,6.314
28.94,13.259
28.944,18.286
28.948,5.832
28.952,19.353
28.956,-0.472
28.96,5.837
28.964,-16.737
28.968,-12.492
28.972,-40.335
28.976,-34.12
28.98,-21.793
28.984,-32.838
28.988,-12.447
28.992,0.235
28.996,-1.177
29.0,4.409
29.004,15.807
29.008,16.502
29.012,24.925
29.016,25.261
29.02,18.742
29.024,30.471
29.028,7.421
29.032,21.395
29.036,0.296
29.04,8.595
29.044,17.202
29.048,15.937
29.052,1.245
29.056,4.814
29.06,-2.45
29.064,-17.715
29.068,-16.357
29.072,-13.243
29.076,-28.879
29.08,-29.293
29.084,-25.862
29.088,-36.854
29.092,-12.829
29.096,-14.77
29.1,-1.788
29.104,28.115
29.108,14.07
29.112,12.514
29.116,27.363
29.12,8.449
29.124,9.596
29.128,20.615
29.132,9.457
29.136,-3.585
29.14,14.072
29.144,7.659
29.148,23.615
29.152,5.383
29.156,15.497
29.16,16.036
29.164,-11.792
29.168,-13.848
29.172,-15.684
29.176,-30.006
29.18,-22.216
29.184,-23.869
29.188,-18.44
29.192,-8.113
29.196,1.079
29.2,10.362
29.204,10.986
29.208,15.336
29.212,19.809
29.216,18.696
29.22,11.998
29.224,13.825
29.228,-7.214
29.232,-1.349
29.236,0.852
29.24,-4.01
29.244,16.075
29.248,2.926
29.252,2.588
29.256,-6.17
29.26,-7.807
29.264,-24.12
29.268,-22.764
29.272,-34.876
29.276,-33.241
29.28,-51.843
29.284,-37.029
29.288,-9.52
29.292,-5.322
29.296,8.971
29.3,19.48
29.304,21.921
29.308,18.33
29.312,16.002
29.316,33.055
29.32,22.029
29.324,38.229
29.328,12.307
29.332,28.902
29.336,10.966
29.34,22.954
29.344,26.124
29.348,3.969
29.352,6.326
29.356,-2.086
29.36,-9.781
29.364,-2.241
29.368,-17.232
29.372,-22.418
29.376,-23.335
29.38,-44.366
29.384,-17.277
29.388,-25.022
29.392,-10.113
29.396,-0.379
29.4,14.313
29.404,9.511
29.408,-2.238
29.412,16.703
29.416,16.765
29.42,4.046
29.424,10.002
29.428,2.837
29.432,-6.957
29.436,8.638
29.44,-0.615
29.444,1.702
29.448,1.8
29.452,14.535
29.456,1.518
29.46,-2.32
29.464,-12.724
29.468,-12.151
29.472,-10.807
29.476,-19.964
29.48,-20.031
29.484,-17.488
29.488,-26.905
29.492,-14.025
29.496,1.194
29.5,6.354
29.504,11.084
29.508,9.251
29.512,14.963
29.516,22.392
29.52,20.635
29.524,10.732
29.528,13.808
29.532,6.793
29.536,17.35
29.54,6.72
29.544,13.307
29.548,8.512
29.552,-6.609
29.556,-0.352
29.56,-15.704
29.564,-14.261
29.568,-27.246
29.572,-25.088
29.576,-43.391
29.58,-33.706
29.584,-26.66
29.588,-17.905
29.592,-22.624
29.596,-6.494
29.6,4.404
29.604,23.196
29.608,4.245
29.612,11.146
29.616,40.578
29.62,13.846
29.624,-1.953
29.628,5.962
29.632,-13.036
29.636,10.836
29.64,16.198
29.644,3.537
29.648,7.53
29.652,17.622
29.656,-6.914
29.66,-8.743
29.664,-6.809
29.668,-18.321
29.672,-21.144
29.676,-33.257
29.68,-22.664
29.684,-23.264
29.688,-12.086
29.692,-6.901
29.696,2.162
29.7,-2.519
29.704,19.717
29.708,17.131
29.712,19.425
29.716,27.44
29.72,9.754
29.724,22.043
29.728,18.86
29.732,10.517
29.736,-4.753
29.74,-14.651
29.744,11.672
29.748,3.667
29.752,-4.787
29.756,7.085
29.76,-14.573
29.764,-17.791
29.768,-17.206
29.772,-36.289
29.776,-31.898
29.78,-22.65
29.784,-26.317
29.788,-11.252
29.792,-2.896
29.796,-1.52
29.8,-10.316
29.804,7.69
29.808,28.06
29.812,11.897
29.816,21.268
29.82,24.221
29.824,30.033
29.828,10.627
29.832,7.971
29.836,11.801
29.84,15.072
29.844,11.317
29.848,20.546
29.852,3.813
29.856,7.139
29.86,3.62
29.864,-10.779
29.868,-8.941
29.872,-21.645
29.876,-21.475
29.88,-27.954
29.884,-24.56
29.888,-27.289
29.892,-19.418
29.896,4.451
29.9,8.431
29.904,2.166
29.908,16.198
29.912,-2.744
29.916,10.568
29.92,20.008
29.924,7.821
29.928,6.669
29.932,-20.346
29.936,0.128
29.94,6.601
29.944,8.676
29.948,13.2
29.952,2.969
29.956,0.52
29.96,-13.61
29.964,-10.835
29.968,-25.946
29.972,-36.384
29.976,-33.829
29.98,-13.457
29.984,-24.503
29.988,-14.104
29.992,-11.124
29.996,-11.491
