Time,Counter,FP1
0.000,0,511.42
0.004,1,530.23
0.008,2,546.63
0.012,3,561.06
0.016,4,562.75
0.020,5,556.14
0.024,6,557.31
0.028,7,545.69
0.032,8,535.85
0.036,9,528.28
0.040,10,522.29
0.044,11,522.31
0.048,12,518.7
0.052,13,515.73
0.056,14,510.74
0.060,15,505.92
0.064,16,504.49
0.068,17,499.83
0.072,18,484.67
0.076,19,474.82
0.080,20,471.18
0.084,21,462.04
0.088,22,471.56
0.092,23,485.89
0.096,24,503.5
0.100,25,517.88
0.104,26,539.19
0.108,27,554.73
0.112,28,567.95
0.116,29,565.28
0.120,30,570.76
0.124,31,556.16
0.128,32,542.41
0.132,33,540.29
0.136,34,530.03
0.140,35,530.6
0.144,36,525.91
0.148,37,516.64
0.152,38,523.96
0.156,39,514.82
0.160,40,514.61
0.164,41,507.13
0.168,42,499.67
0.172,43,492.24
0.176,44,482.08
0.180,45,474.55
0.184,46,474.37
0.188,47,478.45
0.192,48,484.95
0.196,49,500.47
0.200,50,520.1
0.204,51,542.61
0.208,52,555.47
0.212,53,576.69
0.216,54,568.77
0.220,55,566.19
0.224,56,567.18
0.228,57,560.24
0.232,58,546.19
0.236,59,538.27
0.240,60,533.81
0.244,61,523.67
0.248,62,516.4
0.252,63,518.8
0.256,64,522.77
0.260,65,509.08
0.264,66,508.13
0.268,67,499.69
0.272,68,486.94
0.276,69,481.44
0.280,70,474.28
0.284,71,479.64
0.288,72,477.38
0.292,73,483.17
0.296,74,499.03
0.300,75,516.38
0.304,76,541.94
0.308,77,551.51
0.312,78,564.16
0.316,79,571.94
0.320,80,564.39
0.324,81,559.43
0.328,82,543.5
0.332,83,535.95
0.336,84,528.58
0.340,85,525.52
0.344,86,524.39
0.348,87,517.41
0.352,88,517.19
0.356,89,514.69
0.360,90,514.09
0.364,91,506.3
0.368,92,494.36
0.372,93,478.6
0.376,94,476.45
0.380,95,467.63
0.384,96,469.29
0.388,97,468.68
0.392,98,487.19
0.396,99,493.5
0.400,100,519.63
0.404,101,532.03
0.408,102,545.06
0.412,103,553.18
0.416,104,561.51
0.420,105,566.06
0.424,106,556.89
0.428,107,546.57
0.432,108,523.67
0.436,109,526.53
0.440,110,518.87
0.444,111,510.16
0.448,112,507.69
0.452,113,508.82
0.456,114,513.57
0.460,115,498.18
0.464,116,493.66
0.468,117,491.35
0.472,118,473.5
0.476,119,464.04
0.480,120,459.17
0.484,121,452.11
0.488,122,462.41
0.492,123,467.31
0.496,124,491.29
0.500,125,506.13
0.504,126,533.63
0.508,127,541.24
0.512,128,556.22
0.516,129,550.04
0.520,130,553.11
0.524,131,548.23
0.528,132,544.21
0.532,133,519.96
0.536,134,521.27
0.540,135,512.74
0.544,136,512.34
0.548,137,507.02
0.552,138,503.15
0.556,139,498.83
0.560,140,491.79
0.564,141,490.68
0.568,142,479.82
0.572,143,478.2
0.576,144,458.05
0.580,145,455.23
0.584,146,446.14
0.588,147,455.46
0.592,148,468.88
0.596,149,486.91
0.600,150,507.97
0.604,151,520.57
0.608,152,532.08
0.612,153,549.23
0.616,154,554.15
0.620,155,552.6
0.624,156,541.38
0.628,157,539.2
0.632,158,524.69
0.636,159,517.97
0.640,160,513.55
0.644,161,506.94
0.648,162,503.83
0.652,163,510.28
0.656,164,500.84
0.660,165,494.77
0.664,166,489.74
0.668,167,486.13
0.672,168,470.43
0.676,169,462.63
0.680,170,459.01
0.684,171,450.86
0.688,172,450.85
0.692,173,469.98
0.696,174,485.7
0.700,175,501.12
0.704,176,525.83
0.708,177,540.79
0.712,178,545.44
0.716,179,556.4
0.720,180,552.3
0.724,181,540.9
0.728,182,539.34
0.732,183,527.22
0.736,184,515.46
0.740,185,514.01
0.744,186,510.12
0.748,187,504.23
0.752,188,507.31
0.756,189,508.15
0.760,190,497.51
0.764,191,495.39
0.768,192,484.96
0.772,193,483.94
0.776,194,458.18
0.780,195,462.25
0.784,196,457.08
0.788,197,462.9
0.792,198,482.07
0.796,199,490.57
0.800,200,518.48
0.804,201,526.66
0.808,202,545.97
0.812,203,553.78
0.816,204,557.99
0.820,205,559.87
0.824,206,552.34
0.828,207,545.07
0.832,208,525.8
0.836,209,533.35
0.840,210,518.23
0.844,211,522.18
0.848,212,509.61
0.852,213,514.04
0.856,214,523.96
0.860,215,504.13
0.864,216,495.17
0.868,217,490.07
0.872,218,484.1
0.876,219,475.76
0.880,220,471.99
0.884,221,464.64
0.888,222,464.25
0.892,223,480.07
0.896,224,502.89
0.900,225,518.68
0.904,226,527.87
0.908,227,551.66
0.912,228,568.53
0.916,229,576.4
0.920,230,568.95
0.924,231,561.73
0.928,232,546.25
0.932,233,537.72
0.936,234,532.32
0.940,235,527.61
0.944,236,524.13
0.948,237,518.23
0.952,238,514.66
0.956,239,514.47
0.960,240,509.14
0.964,241,509.77
0.968,242,488.92
0.972,243,486.65
0.976,244,480.42
0.980,245,478.4
0.984,246,471.29
0.988,247,479.85
0.992,248,485.24
0.996,249,499.82
1.000,250,518.81
1.004,251,546.33
1.008,252,560.12
1.012,253,569.05
1.016,254,585.19
1.020,255,570.36
1.024,256,566.57
1.028,257,555.84
1.032,258,543.41
1.036,259,544.39
1.040,260,534.42
1.044,261,518.8
1.048,262,520.93
1.052,263,523.15
1.056,264,522.67
1.060,265,510.12
1.064,266,499.7
1.068,267,491.85
1.072,268,488.79
1.076,269,479.08
1.080,270,474.34
1.084,271,468.36
1.088,272,471.15
1.092,273,478.73
1.096,274,503.87
1.100,275,522.53
1.104,276,543.51
1.108,277,558.41
1.112,278,565.21
1.116,279,575.93
1.120,280,568.38
1.124,281,559.67
1.128,282,550.54
1.132,283,539.75
1.136,284,524.05
1.140,285,526.39
1.144,286,522.57
1.148,287,518.04
1.152,288,515.34
1.156,289,517.59
1.160,290,518.75
1.164,291,505.05
1.168,292,493.44
1.172,293,482.52
1.176,294,474.84
1.180,295,463.35
1.184,296,466.21
1.188,297,471.4
1.192,298,489.15
1.196,299,501.11
1.200,300,519.82
1.204,301,531.17
1.208,302,552.26
1.212,303,555.61
1.216,304,565.84
1.220,305,564.54
1.224,306,553.06
1.228,307,554.31
1.232,308,537.95
1.236,309,518.58
1.240,310,521.36
1.244,311,513.23
1.248,312,512.69
1.252,313,513.18
1.256,314,510.71
1.260,315,496.7
1.264,316,493.17
1.268,317,491.41
1.272,318,482.89
1.276,319,475.49
1.280,320,468.35
1.284,321,451.18
1.288,322,466.91
1.292,323,466.75
1.296,324,496.44
1.300,325,509.33
1.304,326,522.09
1.308,327,550.27
1.312,328,555.42
1.316,329,549.72
1.320,330,556.76
1.324,331,545.96
1.328,332,539.56
1.332,333,526.67
1.336,334,524.59
1.340,335,506.42
1.344,336,509.16
1.348,337,513.06
1.352,338,501.2
1.356,339,503.27
1.360,340,499.04
1.364,341,488.53
1.368,342,484.5
1.372,343,471.77
1.376,344,457.91
1.380,345,462.12
1.384,346,456.64
1.388,347,457.36
1.392,348,466.21
1.396,349,481.33
1.400,350,507.88
1.404,351,520.86
1.408,352,539.02
1.412,353,547.21
1.416,354,555.03
1.420,355,550.57
1.424,356,547.57
1.428,357,534.19
1.432,358,527.84
1.436,359,517.97
1.440,360,508.02
1.444,361,501.02
1.448,362,498.81
1.452,363,498.51
1.456,364,495.66
1.460,365,499.07
1.464,366,488.68
1.468,367,485.98
1.472,368,478.51
1.476,369,460.01
1.480,370,447.32
1.484,371,450.6
1.488,372,456.6
1.492,373,461.9
1.496,374,482.78
1.500,375,503.64
1.504,376,519.37
1.508,377,534.09
1.512,378,545.12
1.516,379,560.14
1.520,380,551.05
1.524,381,542.06
1.528,382,534.52
1.532,383,529.64
1.536,384,514.07
1.540,385,512.16
1.544,386,509.33
1.548,387,507.73
1.552,388,509.45
1.556,389,499.99
1.560,390,502.94
1.564,391,488.7
1.568,392,481.32
1.572,393,477.57
1.576,394,466.8
1.580,395,457.31
1.584,396,451.34
1.588,397,463.31
1.592,398,469.67
1.596,399,484.61
1.600,400,504.59
1.604,401,527.05
1.608,402,533.7
1.612,403,554.78
1.616,404,559.03
1.620,405,554.84
1.624,406,555.16
1.628,407,544.24
1.632,408,529.31
1.636,409,520.17
1.640,410,519.18
1.644,411,506.64
1.648,412,509.8
1.652,413,507.84
1.656,414,509.07
1.660,415,505.95
1.664,416,498.81
1.668,417,494.32
1.672,418,480.65
1.676,419,469.27
1.680,420,459.54
1.684,421,466.13
1.688,422,470.37
1.692,423,485.23
1.696,424,492.58
1.700,425,514.59
1.704,426,533.16
1.708,427,549.18
1.712,428,560.74
1.716,429,558.84
1.720,430,567.84
1.724,431,560.98
1.728,432,553.65
1.732,433,548.05
1.736,434,528.86
1.740,435,523.5
1.744,436,519.95
1.748,437,526.06
1.752,438,510.54
1.756,439,517.78
1.760,440,506.19
1.764,441,495.23
1.768,442,488.51
1.772,443,480.94
1.776,444,481.44
1.780,445,467.45
1.784,446,468.77
1.788,447,469.92
1.792,448,488.08
1.796,449,497.25
1.800,450,525.71
1.804,451,535.25
1.808,452,552.16
1.812,453,566.73
1.816,454,571.19
1.820,455,575.47
1.824,456,563.93
1.828,457,549.21
1.832,458,541.56
1.836,459,532.42
1.840,460,530.95
1.844,461,525.67
1.848,462,521.85
1.852,463,524.79
1.856,464,517.38
1.860,465,515.0
1.864,466,509.55
1.868,467,505.77
1.872,468,488.94
1.876,469,478.42
1.880,470,469.19
1.884,471,474.66
1.888,472,474.26
1.892,473,488.82
1.896,474,495.65
1.900,475,526.0
1.904,476,535.05
1.908,477,553.05
1.912,478,571.19
1.916,479,566.25
1.920,480,569.73
1.924,481,563.8
1.928,482,549.88
1.932,483,548.79
1.936,484,540.1
1.940,485,519.33
1.944,486,517.28
1.948,487,524.29
1.952,488,514.61
1.956,489,516.23
1.960,490,514.14
1.964,491,509.46
1.968,492,496.42
1.972,493,487.16
1.976,494,473.95
1.980,495,475.57
1.984,496,466.77
1.988,497,474.6
1.992,498,481.84
1.996,499,499.93
2.000,500,517.21
2.004,501,535.6
2.008,502,547.79
2.012,503,565.65
2.016,504,572.58
2.020,505,566.19
2.024,506,561.43
2.028,507,552.07
2.032,508,541.81
2.036,509,529.85
2.040,510,522.45
2.044,511,520.78
2.048,512,515.44
2.052,513,509.91
2.056,514,511.74
2.060,515,499.8
2.064,516,500.29
2.068,517,492.48
2.072,518,485.13
2.076,519,470.98
2.080,520,467.34
2.084,521,461.89
2.088,522,462.21
2.092,523,471.23
2.096,524,488.55
2.100,525,505.28
2.104,526,531.6
2.108,527,543.79
2.112,528,557.48
2.116,529,559.92
2.120,530,562.07
2.124,531,555.4
2.128,532,538.78
2.132,533,529.64
2.136,534,519.14
2.140,535,507.76
2.144,536,512.69
2.148,537,512.61
2.152,538,506.49
2.156,539,502.42
2.160,540,504.51
2.164,541,483.77
2.168,542,484.43
2.172,543,473.71
2.176,544,461.11
2.180,545,462.28
2.184,546,458.94
2.188,547,458.51
2.192,548,469.88
2.196,549,484.32
2.200,550,502.25
2.204,551,517.49
2.208,552,543.91
2.212,553,553.21
2.216,554,556.84
2.220,555,547.67
2.224,556,553.77
2.228,557,543.72
2.232,558,526.07
2.236,559,512.39
2.240,560,505.68
2.244,561,506.72
2.248,562,499.42
2.252,563,501.77
2.256,564,504.31
2.260,565,489.86
2.264,566,497.1
2.268,567,486.1
2.272,568,464.5
2.276,569,454.24
2.280,570,452.28
2.284,571,447.83
2.288,572,455.6
2.292,573,457.21
2.296,574,482.47
2.300,575,509.23
2.304,576,516.2
2.308,577,535.45
2.312,578,541.51
2.316,579,554.78
2.320,580,549.95
2.324,581,552.24
2.328,582,535.87
2.332,583,523.29
2.336,584,517.89
2.340,585,507.02
2.344,586,499.81
2.348,587,504.63
2.352,588,501.78
2.356,589,501.42
2.360,590,498.41
2.364,591,488.27
2.368,592,482.97
2.372,593,478.06
2.376,594,457.35
2.380,595,462.46
2.384,596,453.3
2.388,597,456.11
2.392,598,479.97
2.396,599,486.94
2.400,600,510.64
2.404,601,527.27
2.408,602,533.35
2.412,603,551.67
2.416,604,554.04
2.420,605,549.58
2.424,606,541.67
2.428,607,539.91
2.432,608,531.78
2.436,609,522.06
2.440,610,512.8
2.444,611,507.11
2.448,612,504.77
2.452,613,505.7
2.456,614,502.21
2.460,615,501.82
2.464,616,496.09
2.468,617,483.7
2.472,618,476.31
2.476,619,464.98
2.480,620,461.86
2.484,621,462.76
2.488,622,466.46
2.492,623,478.82
2.496,624,486.47
2.500,625,510.49
2.504,626,532.03
2.508,627,549.64
2.512,628,551.86
2.516,629,563.9
2.520,630,566.95
2.524,631,555.26
2.528,632,546.38
2.532,633,538.52
2.536,634,528.81
2.540,635,524.06
2.544,636,517.95
2.548,637,516.69
2.552,638,512.15
2.556,639,513.01
2.560,640,514.99
2.564,641,502.68
2.568,642,493.91
2.572,643,482.53
2.576,644,478.39
2.580,645,465.63
2.584,646,471.5
2.588,647,469.06
2.592,648,479.69
2.596,649,500.83
2.600,650,519.37
2.604,651,538.87
2.608,652,557.99
2.612,653,563.17
2.616,654,571.5
2.620,655,564.85
2.624,656,567.26
2.628,657,555.42
2.632,658,544.86
2.636,659,534.44
2.640,660,523.95
2.644,661,521.94
2.648,662,523.53
2.652,663,520.5
2.656,664,519.32
2.660,665,509.51
2.664,666,509.03
2.668,667,496.45
2.672,668,484.63
2.676,669,478.91
2.680,670,465.72
2.684,671,474.57
2.688,672,479.94
2.692,673,487.24
2.696,674,499.36
2.700,675,518.2
2.704,676,540.01
2.708,677,546.77
2.712,678,568.06
2.716,679,574.7
2.720,680,569.34
2.724,681,562.13
2.728,682,555.28
2.732,683,545.57
2.736,684,539.3
2.740,685,528.18
2.744,686,521.28
2.748,687,520.25
2.752,688,521.65
2.756,689,525.18
2.760,690,513.58
2.764,691,503.78
2.768,692,495.2
2.772,693,479.82
2.776,694,479.87
2.780,695,466.51
2.784,696,465.42
2.788,697,467.0
2.792,698,481.14
2.796,699,503.55
2.800,700,514.46
2.804,701,531.13
2.808,702,554.49
2.812,703,563.08
2.816,704,570.67
2.820,705,570.24
2.824,706,560.58
2.828,707,545.67
2.832,708,539.79
2.836,709,532.85
2.840,710,521.52
2.844,711,513.86
2.848,712,521.9
2.852,713,514.49
2.856,714,512.38
2.860,715,509.82
2.864,716,506.85
2.868,717,494.32
2.872,718,481.31
2.876,719,475.57
2.880,720,474.7
2.884,721,469.93
2.888,722,471.49
2.892,723,474.89
2.896,724,509.94
2.900,725,508.46
2.904,726,530.09
2.908,727,544.32
2.912,728,564.21
2.916,729,563.79
2.920,730,554.66
2.924,731,554.69
2.928,732,546.0
2.932,733,531.9
2.936,734,518.81
2.940,735,513.74
2.944,736,510.61
2.948,737,510.29
2.952,738,506.75
2.956,739,509.62
2.960,740,498.6
2.964,741,488.44
2.968,742,482.94
2.972,743,480.68
2.976,744,463.2
2.980,745,468.15
2.984,746,459.04
2.988,747,456.87
2.992,748,468.82
2.996,749,488.72
3.000,750,501.41
3.004,751,534.0
3.008,752,536.15
3.012,753,553.49
3.016,754,561.09
3.020,755,553.16
3.024,756,542.96
3.028,757,536.13
3.032,758,528.13
3.036,759,520.81
3.040,760,510.6
3.044,761,500.61
3.048,762,504.34
3.052,763,500.25
3.056,764,492.19
3.060,765,493.99
3.064,766,484.17
3.068,767,482.93
3.072,768,477.9
3.076,769,467.93
3.080,770,451.65
3.084,771,450.54
3.088,772,459.8
3.092,773,472.09
3.096,774,481.94
3.100,775,501.61
3.104,776,529.57
3.108,777,536.12
3.112,778,545.45
3.116,779,552.56
3.120,780,552.95
3.124,781,540.09
3.128,782,533.67
3.132,783,519.67
3.136,784,514.06
3.140,785,515.96
3.144,786,507.47
3.148,787,502.32
3.152,788,497.94
3.156,789,498.62
3.160,790,500.16
3.164,791,487.04
3.168,792,486.0
3.172,793,464.46
3.176,794,459.39
3.180,795,461.2
3.184,796,444.88
3.188,797,462.51
3.192,798,461.38
3.196,799,484.42
3.200,800,502.87
3.204,801,525.64
3.208,802,525.74
3.212,803,541.75
3.216,804,552.06
3.220,805,553.23
3.224,806,543.26
3.228,807,536.65
3.232,808,522.66
3.236,809,516.84
3.240,810,508.53
3.244,811,509.14
3.248,812,508.86
3.252,813,511.44
3.256,814,501.47
3.260,815,499.08
3.264,816,494.06
3.268,817,483.77
3.272,818,474.67
3.276,819,459.38
3.280,820,460.95
3.284,821,454.64
3.288,822,459.47
3.292,823,468.11
3.296,824,495.25
3.300,825,508.95
3.304,826,533.02
3.308,827,545.66
3.312,828,548.93
3.316,829,556.42
3.320,830,562.65
3.324,831,550.41
3.328,832,539.9
3.332,833,533.51
3.336,834,524.63
3.340,835,514.85
3.344,836,513.9
3.348,837,511.73
3.352,838,502.51
3.356,839,513.31
3.360,840,504.36
3.364,841,506.37
3.368,842,487.66
3.372,843,475.89
3.376,844,477.74
3.380,845,460.48
3.384,846,463.12
3.388,847,473.05
3.392,848,480.49
3.396,849,491.31
3.400,850,517.57
3.404,851,534.92
3.408,852,556.94
3.412,853,565.29
3.416,854,580.04
3.420,855,560.12
3.424,856,560.41
3.428,857,546.95
3.432,858,545.71
3.436,859,535.42
3.440,860,528.61
3.444,861,518.7
3.448,862,517.16
3.452,863,511.14
3.456,864,524.42
3.460,865,515.8
3.464,866,506.15
3.468,867,501.91
3.472,868,490.99
3.476,869,482.52
3.480,870,465.82
3.484,871,468.15
3.488,872,476.63
3.492,873,488.26
3.496,874,506.62
3.500,875,517.48
3.504,876,540.73
3.508,877,564.97
3.512,878,569.86
3.516,879,575.36
3.520,880,570.41
3.524,881,567.16
3.528,882,561.83
3.532,883,544.72
3.536,884,540.03
3.540,885,524.89
3.544,886,526.76
3.548,887,526.14
3.552,888,518.42
3.556,889,523.93
3.560,890,512.81
3.564,891,505.5
3.568,892,499.47
3.572,893,496.8
3.576,894,480.73
3.580,895,476.71
3.584,896,468.51
3.588,897,476.36
3.592,898,482.11
3.596,899,500.27
3.600,900,524.39
3.604,901,539.38
3.608,902,561.05
3.612,903,565.16
3.616,904,569.74
3.620,905,574.04
3.624,906,559.72
3.628,907,546.54
3.632,908,547.3
3.636,909,534.37
3.640,910,517.11
3.644,911,521.75
3.648,912,517.88
3.652,913,525.18
3.656,914,513.19
3.660,915,509.56
3.664,916,501.26
3.668,917,491.26
3.672,918,482.08
3.676,919,469.37
3.680,920,464.29
3.684,921,460.29
3.688,922,465.17
3.692,923,475.53
3.696,924,495.26
3.700,925,512.95
3.704,926,529.11
3.708,927,551.5
3.712,928,559.98
3.716,929,562.87
3.720,930,561.01
3.724,931,562.5
3.728,932,547.28
3.732,933,537.58
3.736,934,515.85
3.740,935,516.53
3.744,936,506.17
3.748,937,510.98
3.752,938,512.81
3.756,939,506.45
3.760,940,506.93
3.764,941,493.72
3.768,942,490.63
3.772,943,471.47
3.776,944,466.83
3.780,945,462.81
3.784,946,461.55
3.788,947,463.32
3.792,948,482.18
3.796,949,488.32
3.800,950,506.51
3.804,951,515.62
3.808,952,549.31
3.812,953,551.36
3.816,954,552.58
3.820,955,560.87
3.824,956,553.82
3.828,957,539.55
3.832,958,522.79
3.836,959,520.78
3.840,960,509.63
3.844,961,503.21
3.848,962,509.98
3.852,963,495.98
3.856,964,504.7
3.860,965,500.07
3.864,966,499.49
3.868,967,483.21
3.872,968,463.15
3.876,969,458.34
3.880,970,455.33
3.884,971,454.89
3.888,972,461.95
3.892,973,460.92
3.896,974,483.15
3.900,975,506.83
3.904,976,527.62
3.908,977,544.62
3.912,978,546.39
3.916,979,556.96
3.920,980,557.88
3.924,981,549.3
3.928,982,537.82
3.932,983,527.83
3.936,984,512.12
3.940,985,502.7
3.944,986,508.39
3.948,987,501.18
3.952,988,501.36
3.956,989,497.28
3.960,990,494.04
3.964,991,489.8
3.968,992,475.62
3.972,993,469.66
3.976,994,460.9
3.980,995,453.2
3.984,996,449.15
3.988,997,460.05
3.992,998,475.34
3.996,999,481.38
4.000,1000,507.43
4.004,1001,524.76
4.008,1002,526.55
4.012,1003,545.11
4.016,1004,550.45
4.020,1005,554.81
4.024,1006,546.13
4.028,1007,537.91
4.032,1008,528.37
4.036,1009,513.21
4.040,1010,507.24
4.044,1011,501.53
4.048,1012,504.06
4.052,1013,503.38
4.056,1014,502.87
4.060,1015,495.5
4.064,1016,495.5
4.068,1017,486.57
4.072,1018,478.97
4.076,1019,466.35
4.080,1020,458.04
4.084,1021,458.79
4.088,1022,463.5
4.092,1023,469.59
4.096,1024,493.46
4.100,1025,514.06
4.104,1026,533.98
4.108,1027,542.33
4.112,1028,554.64
4.116,1029,560.0
4.120,1030,557.17
4.124,1031,553.49
4.128,1032,541.31
4.132,1033,530.96
4.136,1034,529.88
4.140,1035,517.05
4.144,1036,512.97
4.148,1037,514.66
4.152,1038,510.96
4.156,1039,509.96
4.160,1040,504.85
4.164,1041,493.78
4.168,1042,489.65
4.172,1043,475.19
4.176,1044,471.37
4.180,1045,459.66
4.184,1046,466.91
4.188,1047,471.25
4.192,1048,480.55
4.196,1049,495.17
4.200,1050,516.15
4.204,1051,525.54
4.208,1052,545.15
4.212,1053,560.1
4.216,1054,567.08
4.220,1055,564.22
4.224,1056,554.35
4.228,1057,549.66
4.232,1058,537.24
4.236,1059,525.86
4.240,1060,524.96
4.244,1061,519.07
4.248,1062,523.08
4.252,1063,520.12
4.256,1064,518.77
4.260,1065,513.36
4.264,1066,502.18
4.268,1067,492.85
4.272,1068,480.58
4.276,1069,488.68
4.280,1070,466.6
4.284,1071,468.84
4.288,1072,473.14
4.292,1073,484.51
4.296,1074,499.32
4.300,1075,512.97
4.304,1076,535.23
4.308,1077,549.66
4.312,1078,565.73
4.316,1079,568.35
4.320,1080,567.03
4.324,1081,564.31
4.328,1082,551.71
4.332,1083,547.53
4.336,1084,533.17
4.340,1085,528.95
4.344,1086,518.83
4.348,1087,524.96
4.352,1088,519.69
4.356,1089,521.13
4.360,1090,516.86
4.364,1091,508.13
4.368,1092,500.53
4.372,1093,487.79
4.376,1094,485.21
4.380,1095,477.11
4.384,1096,473.85
4.388,1097,471.89
4.392,1098,483.05
4.396,1099,500.6
4.400,1100,520.84
4.404,1101,542.17
4.408,1102,552.57
4.412,1103,571.67
4.416,1104,571.6
4.420,1105,562.0
4.424,1106,561.6
4.428,1107,543.54
4.432,1108,540.41
4.436,1109,531.9
4.440,1110,524.77
4.444,1111,521.78
4.448,1112,519.48
4.452,1113,517.45
4.456,1114,523.8
4.460,1115,518.48
4.464,1116,502.13
4.468,1117,502.33
4.472,1118,480.29
4.476,1119,473.8
4.480,1120,476.5
4.484,1121,459.79
4.488,1122,475.54
4.492,1123,478.87
4.496,1124,498.92
4.500,1125,517.16
4.504,1126,543.04
4.508,1127,548.61
4.512,1128,562.19
4.516,1129,569.43
4.520,1130,564.21
4.524,1131,555.21
4.528,1132,548.48
4.532,1133,538.47
4.536,1134,532.17
4.540,1135,517.83
4.544,1136,515.53
4.548,1137,516.46
4.552,1138,513.13
4.556,1139,510.9
4.560,1140,507.29
4.564,1141,497.53
4.568,1142,487.63
4.572,1143,481.95
4.576,1144,466.0
4.580,1145,468.29
4.584,1146,462.76
4.588,1147,461.2
4.592,1148,478.01
4.596,1149,493.1
4.600,1150,513.8
4.604,1151,533.7
4.608,1152,543.15
4.612,1153,552.37
4.616,1154,557.2
4.620,1155,553.97
4.624,1156,548.17
4.628,1157,542.5
4.632,1158,530.8
4.636,1159,519.31
4.640,1160,511.3
4.644,1161,511.38
4.648,1162,505.85
4.652,1163,502.35
4.656,1164,503.78
4.660,1165,499.09
4.664,1166,488.87
4.668,1167,487.03
4.672,1168,476.52
4.676,1169,463.55
4.680,1170,457.24
4.684,1171,457.17
4.688,1172,459.43
4.692,1173,473.79
4.696,1174,492.5
4.700,1175,504.62
4.704,1176,524.49
4.708,1177,541.89
4.712,1178,547.74
4.716,1179,549.13
4.720,1180,555.67
4.724,1181,539.18
4.728,1182,542.95
4.732,1183,528.8
4.736,1184,516.76
4.740,1185,509.35
4.744,1186,512.05
4.748,1187,499.29
4.752,1188,497.27
4.756,1189,497.56
4.760,1190,494.84
4.764,1191,485.05
4.768,1192,480.45
4.772,1193,469.99
4.776,1194,456.64
4.780,1195,459.83
4.784,1196,446.39
4.788,1197,451.55
4.792,1198,469.04
4.796,1199,482.56
4.800,1200,503.69
4.804,1201,518.19
4.808,1202,532.41
4.812,1203,544.88
4.816,1204,549.49
4.820,1205,552.95
4.824,1206,542.55
4.828,1207,538.08
4.832,1208,527.13
4.836,1209,519.86
4.840,1210,512.65
4.844,1211,508.31
4.848,1212,506.5
4.852,1213,500.41
4.856,1214,499.7
4.860,1215,489.59
4.864,1216,491.48
4.868,1217,478.59
4.872,1218,472.72
4.876,1219,463.89
4.880,1220,450.11
4.884,1221,450.21
4.888,1222,457.78
4.892,1223,468.19
4.896,1224,486.99
4.900,1225,500.53
4.904,1226,524.19
4.908,1227,533.32
4.912,1228,542.57
4.916,1229,559.01
4.920,1230,549.73
4.924,1231,546.52
4.928,1232,533.83
4.932,1233,523.78
4.936,1234,518.9
4.940,1235,512.38
4.944,1236,514.24
4.948,1237,510.51
4.952,1238,506.88
4.956,1239,509.37
4.960,1240,507.1
4.964,1241,497.82
4.968,1242,485.66
4.972,1243,481.31
4.976,1244,475.1
4.980,1245,464.52
4.984,1246,467.82
4.988,1247,469.46
4.992,1248,480.32
4.996,1249,488.72
5.000,1250,507.55
5.004,1251,530.72
5.008,1252,540.39
5.012,1253,555.88
5.016,1254,566.73
5.020,1255,559.46
5.024,1256,558.11
5.028,1257,541.36
5.032,1258,534.74
5.036,1259,531.91
5.040,1260,522.2
5.044,1261,518.82
5.048,1262,522.9
5.052,1263,520.47
5.056,1264,510.19
5.060,1265,515.25
5.064,1266,501.04
5.068,1267,494.51
5.072,1268,484.56
5.076,1269,479.54
5.080,1270,464.53
5.084,1271,469.67
5.088,1272,474.91
5.092,1273,487.17
5.096,1274,499.16
5.100,1275,522.86
5.104,1276,534.84
5.108,1277,558.33
5.112,1278,566.23
5.116,1279,564.13
5.120,1280,570.12
5.124,1281,562.94
5.128,1282,551.46
5.132,1283,539.77
5.136,1284,532.73
5.140,1285,521.33
5.144,1286,530.01
5.148,1287,517.01
5.152,1288,517.93
5.156,1289,523.41
5.160,1290,517.29
5.164,1291,511.19
5.168,1292,505.28
5.172,1293,487.71
5.176,1294,475.34
5.180,1295,476.53
5.184,1296,474.96
5.188,1297,475.23
5.192,1298,482.39
5.196,1299,508.29
5.200,1300,524.28
5.204,1301,535.12
5.208,1302,559.59
5.212,1303,561.58
5.216,1304,570.11
5.220,1305,566.09
5.224,1306,561.56
5.228,1307,551.22
5.232,1308,541.71
5.236,1309,537.82
5.240,1310,529.29
5.244,1311,526.56
5.248,1312,526.46
5.252,1313,519.44
5.256,1314,519.28
5.260,1315,517.01
5.264,1316,514.82
5.268,1317,502.28
5.272,1318,493.73
5.276,1319,482.63
5.280,1320,476.18
5.284,1321,463.22
5.288,1322,478.43
5.292,1323,486.46
5.296,1324,501.49
5.300,1325,517.6
5.304,1326,536.43
5.308,1327,555.44
5.312,1328,567.8
5.316,1329,562.95
5.320,1330,568.15
5.324,1331,558.37
5.328,1332,547.06
5.332,1333,541.85
5.336,1334,529.54
5.340,1335,521.22
5.344,1336,516.54
5.348,1337,518.61
5.352,1338,516.11
5.356,1339,509.65
5.360,1340,506.39
5.364,1341,502.0
5.368,1342,494.88
5.372,1343,478.44
5.376,1344,474.79
5.380,1345,462.81
5.384,1346,475.29
5.388,1347,465.03
5.392,1348,476.22
5.396,1349,495.71
5.400,1350,509.64
5.404,1351,534.88
5.408,1352,554.33
5.412,1353,556.15
5.416,1354,562.8
5.420,1355,558.3
5.424,1356,553.62
5.428,1357,549.54
5.432,1358,536.75
5.436,1359,520.07
5.440,1360,522.83
5.444,1361,517.01
5.448,1362,512.14
5.452,1363,506.19
5.456,1364,506.94
5.460,1365,499.22
5.464,1366,497.24
5.468,1367,484.64
5.472,1368,466.34
5.476,1369,469.2
5.480,1370,459.55
5.484,1371,461.39
5.488,1372,460.99
5.492,1373,472.91
5.496,1374,492.21
5.500,1375,507.67
5.504,1376,525.65
5.508,1377,552.97
5.512,1378,550.09
5.516,1379,555.93
5.520,1380,560.53
5.524,1381,543.72
5.528,1382,533.06
5.532,1383,520.95
5.536,1384,519.44
5.540,1385,512.88
5.544,1386,509.18
5.548,1387,498.76
5.552,1388,506.96
5.556,1389,505.71
5.560,1390,496.4
5.564,1391,490.03
5.568,1392,483.29
5.572,1393,471.59
5.576,1394,463.07
5.580,1395,449.6
5.584,1396,451.72
5.588,1397,452.19
5.592,1398,470.37
5.596,1399,485.74
5.600,1400,501.78
5.604,1401,521.93
5.608,1402,530.32
5.612,1403,550.83
5.616,1404,550.21
5.620,1405,551.15
5.624,1406,548.64
5.628,1407,531.64
5.632,1408,529.13
5.636,1409,515.67
5.640,1410,508.57
5.644,1411,506.73
5.648,1412,497.7
5.652,1413,504.05
5.656,1414,500.11
5.660,1415,500.1
5.664,1416,488.42
5.668,1417,478.74
5.672,1418,471.43
5.676,1419,460.32
5.680,1420,449.53
5.684,1421,452.14
5.688,1422,462.83
5.692,1423,468.41
5.696,1424,481.3
5.700,1425,506.42
5.704,1426,514.93
5.708,1427,529.88
5.712,1428,549.41
5.716,1429,555.05
5.720,1430,553.96
5.724,1431,543.26
5.728,1432,536.93
5.732,1433,521.81
5.736,1434,519.32
5.740,1435,505.46
5.744,1436,507.57
5.748,1437,507.58
5.752,1438,498.68
5.756,1439,502.0
5.760,1440,503.51
5.764,1441,500.06
5.768,1442,478.93
5.772,1443,476.23
5.776,1444,460.69
5.780,1445,454.08
5.784,1446,464.69
5.788,1447,465.97
5.792,1448,471.25
5.796,1449,491.48
5.800,1450,512.08
5.804,1451,529.15
5.808,1452,553.56
5.812,1453,558.17
5.816,1454,548.78
5.820,1455,558.46
5.824,1456,550.53
5.828,1457,543.45
5.832,1458,534.28
5.836,1459,522.74
5.840,1460,514.56
5.844,1461,520.66
5.848,1462,516.03
5.852,1463,510.18
5.856,1464,514.02
5.860,1465,510.31
5.864,1466,506.22
5.868,1467,488.04
5.872,1468,485.33
5.876,1469,470.55
5.880,1470,471.44
5.884,1471,464.9
5.888,1472,461.57
5.892,1473,481.95
5.896,1474,490.8
5.900,1475,515.95
5.904,1476,535.47
5.908,1477,550.2
5.912,1478,556.99
5.916,1479,563.43
5.920,1480,563.32
5.924,1481,559.5
5.928,1482,556.37
5.932,1483,543.93
5.936,1484,530.24
5.940,1485,530.69
5.944,1486,516.34
5.948,1487,522.89
5.952,1488,518.56
5.956,1489,518.53
5.960,1490,516.32
5.964,1491,504.48
5.968,1492,501.38
5.972,1493,487.95
5.976,1494,488.27
5.980,1495,471.1
5.984,1496,476.09
5.988,1497,478.43
5.992,1498,482.14
5.996,1499,508.24
6.000,1500,517.27
6.004,1501,531.29
6.008,1502,559.56
6.012,1503,571.37
6.016,1504,572.08
6.020,1505,569.45
6.024,1506,570.42
6.028,1507,557.46
6.032,1508,541.67
6.036,1509,538.06
6.040,1510,523.42
6.044,1511,522.17
6.048,1512,518.32
6.052,1513,512.63
6.056,1514,514.83
6.060,1515,520.4
6.064,1516,504.33
6.068,1517,497.28
6.072,1518,484.43
6.076,1519,482.95
6.080,1520,472.97
6.084,1521,473.4
6.088,1522,475.63
6.092,1523,482.14
6.096,1524,498.66
6.100,1525,524.4
6.104,1526,539.31
6.108,1527,558.34
6.112,1528,553.32
6.116,1529,574.97
6.120,1530,566.95
6.124,1531,571.0
6.128,1532,550.58
6.132,1533,542.21
6.136,1534,535.36
6.140,1535,522.26
6.144,1536,525.06
6.148,1537,516.91
6.152,1538,523.35
6.156,1539,519.28
6.160,1540,513.87
6.164,1541,502.0
6.168,1542,494.63
6.172,1543,486.08
6.176,1544,466.98
6.180,1545,466.21
6.184,1546,470.47
6.188,1547,466.09
6.192,1548,486.88
6.196,1549,494.83
6.200,1550,516.97
6.204,1551,529.43
6.208,1552,551.52
6.212,1553,562.02
6.216,1554,569.14
6.220,1555,568.28
6.224,1556,561.14
6.228,1557,547.15
6.232,1558,530.77
6.236,1559,531.49
6.240,1560,513.93
6.244,1561,513.1
6.248,1562,515.64
6.252,1563,513.09
6.256,1564,515.52
6.260,1565,504.84
6.264,1566,491.05
6.268,1567,487.22
6.272,1568,478.38
6.276,1569,466.47
6.280,1570,466.78
6.284,1571,458.41
6.288,1572,458.08
6.292,1573,476.29
6.296,1574,485.39
6.300,1575,515.12
6.304,1576,527.74
6.308,1577,536.62
6.312,1578,557.16
6.316,1579,566.76
6.320,1580,547.57
6.324,1581,552.49
6.328,1582,541.05
6.332,1583,529.23
6.336,1584,520.47
6.340,1585,514.08
6.344,1586,505.12
6.348,1587,511.45
6.352,1588,499.11
6.356,1589,510.26
6.360,1590,504.34
6.364,1591,486.54
6.368,1592,481.89
6.372,1593,477.06
6.376,1594,459.72
6.380,1595,454.42
6.384,1596,451.86
6.388,1597,462.7
6.392,1598,466.33
6.396,1599,484.43
6.400,1600,505.11
6.404,1601,520.62
6.408,1602,533.71
6.412,1603,542.58
6.416,1604,546.49
6.420,1605,546.32
6.424,1606,537.63
6.428,1607,532.02
6.432,1608,525.72
6.436,1609,515.5
6.440,1610,505.18
6.444,1611,500.39
6.448,1612,498.59
6.452,1613,495.92
6.456,1614,494.65
6.460,1615,498.47
6.464,1616,483.25
6.468,1617,479.77
6.472,1618,466.92
6.476,1619,469.62
6.480,1620,446.32
6.484,1621,452.9
6.488,1622,455.57
6.492,1623,464.77
6.496,1624,485.04
6.500,1625,503.11
6.504,1626,516.93
6.508,1627,538.87
6.512,1628,549.71
6.516,1629,558.23
6.520,1630,549.24
6.524,1631,551.26
6.528,1632,535.23
6.532,1633,517.92
6.536,1634,518.9
6.540,1635,509.9
6.544,1636,502.89
6.548,1637,508.47
6.552,1638,501.97
6.556,1639,506.26
6.560,1640,498.07
6.564,1641,494.87
6.568,1642,485.62
6.572,1643,474.68
6.576,1644,459.38
6.580,1645,460.98
6.584,1646,456.19
6.588,1647,469.07
6.592,1648,474.11
6.596,1649,491.31
6.600,1650,504.12
6.604,1651,524.44
6.608,1652,542.57
6.612,1653,548.66
6.616,1654,553.65
6.620,1655,556.74
6.624,1656,550.7
6.628,1657,542.6
6.632,1658,536.21
6.636,1659,521.25
6.640,1660,519.12
6.644,1661,512.12
6.648,1662,510.36
6.652,1663,511.39
6.656,1664,500.52
6.660,1665,505.37
6.664,1666,496.11
6.668,1667,486.06
6.672,1668,472.19
6.676,1669,468.75
6.680,1670,456.87
6.684,1671,466.72
6.688,1672,467.3
6.692,1673,472.7
6.696,1674,492.88
6.700,1675,517.51
6.704,1676,531.02
6.708,1677,548.41
6.712,1678,559.22
6.716,1679,565.18
6.720,1680,557.74
6.724,1681,558.18
6.728,1682,546.89
6.732,1683,550.87
6.736,1684,529.28
6.740,1685,521.82
6.744,1686,523.86
6.748,1687,517.67
6.752,1688,518.48
6.756,1689,512.34
6.760,1690,518.3
6.764,1691,503.05
6.768,1692,498.1
6.772,1693,491.0
6.776,1694,475.95
6.780,1695,470.92
6.784,1696,472.02
6.788,1697,477.31
6.792,1698,481.28
6.796,1699,502.38
6.800,1700,516.66
6.804,1701,536.24
6.808,1702,552.63
6.812,1703,571.1
6.816,1704,577.47
6.820,1705,580.2
6.824,1706,563.22
6.828,1707,550.68
6.832,1708,539.92
6.836,1709,541.14
6.840,1710,521.89
6.844,1711,522.86
6.848,1712,520.07
6.852,1713,528.31
6.856,1714,515.44
6.860,1715,519.95
6.864,1716,514.08
6.868,1717,499.0
6.872,1718,491.19
6.876,1719,473.67
6.880,1720,473.02
6.884,1721,471.06
6.888,1722,466.29
6.892,1723,489.11
6.896,1724,504.68
6.900,1725,515.05
6.904,1726,534.73
6.908,1727,553.16
6.912,1728,564.84
6.916,1729,570.36
6.920,1730,566.22
6.924,1731,559.47
6.928,1732,555.1
6.932,1733,541.51
6.936,1734,533.67
6.940,1735,526.3
6.944,1736,524.91
6.948,1737,520.44
6.952,1738,523.27
6.956,1739,518.2
6.960,1740,517.18
6.964,1741,511.68
6.968,1742,491.47
6.972,1743,490.47
6.976,1744,484.19
6.980,1745,466.51
6.984,1746,468.62
6.988,1747,471.81
6.992,1748,485.65
6.996,1749,501.58
7.000,1750,515.2
7.004,1751,541.5
7.008,1752,548.42
7.012,1753,561.92
7.016,1754,571.02
7.020,1755,573.03
7.024,1756,556.45
7.028,1757,551.85
7.032,1758,538.98
7.036,1759,522.3
7.040,1760,517.78
7.044,1761,512.51
7.048,1762,513.16
7.052,1763,512.14
7.056,1764,511.75
7.060,1765,512.47
7.064,1766,502.0
7.068,1767,501.44
7.072,1768,479.21
7.076,1769,473.53
7.080,1770,465.29
7.084,1771,467.92
7.088,1772,464.79
7.092,1773,480.26
7.096,1774,498.94
7.100,1775,507.86
7.104,1776,528.77
7.108,1777,546.64
7.112,1778,553.46
7.116,1779,556.12
7.120,1780,565.22
7.124,1781,550.24
7.128,1782,548.3
7.132,1783,528.7
7.136,1784,520.44
7.140,1785,517.44
7.144,1786,509.16
7.148,1787,504.26
7.152,1788,503.63
7.156,1789,505.48
7.160,1790,497.48
7.164,1791,493.5
7.168,1792,474.69
7.172,1793,470.9
7.176,1794,462.67
7.180,1795,454.67
7.184,1796,451.08
7.188,1797,456.02
7.192,1798,470.51
7.196,1799,491.82
7.200,1800,498.7
7.204,1801,521.62
7.208,1802,542.3
7.212,1803,550.43
7.216,1804,553.27
7.220,1805,550.24
7.224,1806,545.5
7.228,1807,535.39
7.232,1808,516.57
7.236,1809,513.14
7.240,1810,501.34
7.244,1811,510.21
7.248,1812,506.36
7.252,1813,498.75
7.256,1814,503.18
7.260,1815,505.69
7.264,1816,486.59
7.268,1817,485.03
7.272,1818,470.89
7.276,1819,458.95
7.280,1820,448.99
7.284,1821,449.73
7.288,1822,455.08
7.292,1823,458.27
7.296,1824,485.51
7.300,1825,500.73
7.304,1826,522.5
7.308,1827,534.87
7.312,1828,559.46
7.316,1829,545.6
7.320,1830,547.12
7.324,1831,547.29
7.328,1832,544.47
7.332,1833,520.81
7.336,1834,523.01
7.340,1835,505.38
7.344,1836,510.35
7.348,1837,503.73
7.352,1838,511.4
7.356,1839,507.88
7.360,1840,494.31
7.364,1841,502.05
7.368,1842,476.79
7.372,1843,469.86
7.376,1844,469.01
7.380,1845,452.58
7.384,1846,451.7
7.388,1847,459.7
7.392,1848,472.07
7.396,1849,487.87
7.400,1850,502.17
7.404,1851,524.78
7.408,1852,542.62
7.412,1853,557.2
7.416,1854,557.45
7.420,1855,549.94
7.424,1856,548.87
7.428,1857,537.02
7.432,1858,534.69
7.436,1859,513.8
7.440,1860,516.26
7.444,1861,506.04
7.448,1862,513.8
7.452,1863,511.01
7.456,1864,507.22
7.460,1865,504.66
7.464,1866,494.83
7.468,1867,489.99
7.472,1868,477.04
7.476,1869,470.95
7.480,1870,462.11
7.484,1871,450.81
7.488,1872,463.7
7.492,1873,483.0
7.496,1874,498.89
7.500,1875,512.42
7.504,1876,530.42
7.508,1877,545.73
7.512,1878,560.77
7.516,1879,565.58
7.520,1880,558.21
7.524,1881,558.62
7.528,1882,551.69
7.532,1883,532.89
7.536,1884,527.07
7.540,1885,523.22
7.544,1886,520.55
7.548,1887,514.4
7.552,1888,513.17
7.556,1889,511.84
7.560,1890,511.52
7.564,1891,505.22
7.568,1892,494.5
7.572,1893,479.04
7.576,1894,470.88
7.580,1895,471.6
7.584,1896,462.97
7.588,1897,473.72
7.592,1898,482.48
7.596,1899,497.59
7.600,1900,518.95
7.604,1901,544.39
7.608,1902,554.9
7.612,1903,563.64
7.616,1904,563.84
7.620,1905,570.53
7.624,1906,566.77
7.628,1907,555.32
7.632,1908,547.38
7.636,1909,535.6
7.640,1910,521.88
7.644,1911,523.07
7.648,1912,523.62
7.652,1913,523.46
7.656,1914,516.86
7.660,1915,514.7
7.664,1916,509.77
7.668,1917,504.3
7.672,1918,492.98
7.676,1919,482.11
7.680,1920,474.74
7.684,1921,467.67
7.688,1922,472.13
7.692,1923,487.09
7.696,1924,507.5
7.700,1925,523.56
7.704,1926,542.86
7.708,1927,550.46
7.712,1928,561.5
7.716,1929,576.52
7.720,1930,570.45
7.724,1931,558.85
7.728,1932,558.08
7.732,1933,545.2
7.736,1934,546.73
7.740,1935,533.11
7.744,1936,525.43
7.748,1937,521.49
7.752,1938,521.86
7.756,1939,518.55
7.760,1940,509.1
7.764,1941,511.7
7.768,1942,499.78
7.772,1943,477.19
7.776,1944,476.01
7.780,1945,468.64
7.784,1946,474.28
7.788,1947,474.73
7.792,1948,491.56
7.796,1949,494.91
7.800,1950,515.4
7.804,1951,542.4
7.808,1952,551.15
7.812,1953,560.21
7.816,1954,566.84
7.820,1955,564.24
7.824,1956,562.77
7.828,1957,555.34
7.832,1958,533.94
7.836,1959,529.69
7.840,1960,523.91
7.844,1961,519.94
7.848,1962,520.82
7.852,1963,516.63
7.856,1964,511.69
7.860,1965,505.3
7.864,1966,495.43
7.868,1967,491.78
7.872,1968,482.7
7.876,1969,476.53
7.880,1970,464.6
7.884,1971,473.67
7.888,1972,468.49
7.892,1973,477.45
7.896,1974,496.46
7.900,1975,509.37
7.904,1976,532.41
7.908,1977,538.86
7.912,1978,560.4
7.916,1979,562.38
7.920,1980,561.21
7.924,1981,554.24
7.928,1982,538.72
7.932,1983,529.58
7.936,1984,529.95
7.940,1985,518.62
7.944,1986,509.97
7.948,1987,511.88
7.952,1988,510.46
7.956,1989,514.49
7.960,1990,506.84
7.964,1991,497.01
7.968,1992,484.1
7.972,1993,482.42
7.976,1994,465.09
7.980,1995,455.3
7.984,1996,452.2
7.988,1997,458.08
7.992,1998,470.7
7.996,1999,490.81
8.000,2000,509.77
8.004,2001,529.1
8.008,2002,540.73
8.012,2003,554.09
8.016,2004,564.29
8.020,2005,557.24
8.024,2006,553.35
8.028,2007,531.18
8.032,2008,523.72
8.036,2009,514.3
8.040,2010,499.67
8.044,2011,506.51
8.048,2012,509.75
8.052,2013,500.8
8.056,2014,501.7
8.060,2015,493.37
8.064,2016,487.93
8.068,2017,481.73
8.072,2018,465.34
8.076,2019,465.19
8.080,2020,446.27
8.084,2021,453.7
8.088,2022,455.07
8.092,2023,473.8
8.096,2024,486.67
8.100,2025,493.84
8.104,2026,511.05
8.108,2027,532.54
8.112,2028,545.39
8.116,2029,551.33
8.120,2030,550.75
8.124,2031,546.87
8.128,2032,529.2
8.132,2033,517.14
8.136,2034,516.18
8.140,2035,507.01
8.144,2036,504.09
8.148,2037,500.12
8.152,2038,500.98
8.156,2039,505.81
8.160,2040,489.46
8.164,2041,484.39
8.168,2042,482.76
8.172,2043,476.23
8.176,2044,459.73
8.180,2045,449.17
8.184,2046,444.91
8.188,2047,458.8
8.192,2048,463.78
8.196,2049,493.48
8.200,2050,512.92
8.204,2051,523.25
8.208,2052,540.3
8.212,2053,548.95
8.216,2054,558.89
8.220,2055,553.07
8.224,2056,547.09
8.228,2057,542.97
8.232,2058,529.91
8.236,2059,526.97
8.240,2060,505.37
8.244,2061,505.94
8.248,2062,502.92
8.252,2063,509.08
8.256,2064,502.12
8.260,2065,502.77
8.264,2066,489.19
8.268,2067,484.57
8.272,2068,484.06
8.276,2069,472.19
8.280,2070,451.95
8.284,2071,459.76
8.288,2072,466.61
8.292,2073,472.49
8.296,2074,486.19
8.300,2075,512.16
8.304,2076,528.83
8.308,2077,546.78
8.312,2078,555.11
8.316,2079,570.08
8.320,2080,555.96
8.324,2081,551.49
8.328,2082,546.32
8.332,2083,537.15
8.336,2084,519.83
8.340,2085,524.08
8.344,2086,509.37
8.348,2087,513.67
8.352,2088,511.64
8.356,2089,508.47
8.360,2090,512.14
8.364,2091,491.76
8.368,2092,489.34
8.372,2093,478.6
8.376,2094,476.48
8.380,2095,473.03
8.384,2096,468.77
8.388,2097,476.24
8.392,2098,472.91
8.396,2099,498.59
8.400,2100,511.29
8.404,2101,534.2
8.408,2102,552.78
8.412,2103,563.31
8.416,2104,573.4
8.420,2105,558.79
8.424,2106,557.15
8.428,2107,545.29
8.432,2108,534.54
8.436,2109,536.15
8.440,2110,526.33
8.444,2111,528.04
8.448,2112,524.89
8.452,2113,519.54
8.456,2114,513.7
8.460,2115,517.74
8.464,2116,504.43
8.468,2117,493.38
8.472,2118,483.38
8.476,2119,479.11
8.480,2120,477.38
8.484,2121,471.22
8.488,2122,480.74
8.492,2123,487.2
8.496,2124,501.09
8.500,2125,532.4
8.504,2126,547.5
8.508,2127,556.94
8.512,2128,563.77
8.516,2129,565.44
8.520,2130,572.09
8.524,2131,563.07
8.528,2132,556.48
8.532,2133,545.59
8.536,2134,536.88
8.540,2135,532.96
8.544,2136,525.66
8.548,2137,519.63
8.552,2138,518.35
8.556,2139,521.87
8.560,2140,511.22
8.564,2141,511.59
8.568,2142,502.34
8.572,2143,488.9
8.576,2144,476.36
8.580,2145,465.86
8.584,2146,466.94
8.588,2147,469.55
8.592,2148,486.93
8.596,2149,500.78
8.600,2150,517.37
8.604,2151,543.03
8.608,2152,555.76
8.612,2153,566.16
8.616,2154,572.76
8.620,2155,573.07
8.624,2156,555.9
8.628,2157,555.45
8.632,2158,534.86
8.636,2159,529.54
8.640,2160,529.82
8.644,2161,524.34
8.648,2162,522.15
8.652,2163,518.93
8.656,2164,521.76
8.660,2165,505.72
8.664,2166,503.68
8.668,2167,495.66
8.672,2168,493.02
8.676,2169,479.22
8.680,2170,472.57
8.684,2171,463.67
8.688,2172,480.16
8.692,2173,483.65
8.696,2174,493.32
8.700,2175,525.06
8.704,2176,528.31
8.708,2177,546.11
8.712,2178,559.24
8.716,2179,560.67
8.720,2180,564.97
8.724,2181,557.23
8.728,2182,546.77
8.732,2183,543.25
8.736,2184,519.66
8.740,2185,524.61
8.744,2186,511.56
8.748,2187,518.54
8.752,2188,518.93
8.756,2189,518.35
8.760,2190,504.09
8.764,2191,493.15
8.768,2192,489.63
8.772,2193,477.47
8.776,2194,460.82
8.780,2195,464.08
8.784,2196,455.71
8.788,2197,469.6
8.792,2198,478.28
8.796,2199,488.86
8.800,2200,508.46
8.804,2201,525.69
8.808,2202,540.4
8.812,2203,565.23
8.816,2204,553.54
8.820,2205,555.81
8.824,2206,552.85
8.828,2207,537.58
8.832,2208,526.01
8.836,2209,513.78
8.840,2210,516.88
8.844,2211,510.74
8.848,2212,507.68
8.852,2213,498.47
8.856,2214,504.44
8.860,2215,499.37
8.864,2216,489.93
8.868,2217,476.4
8.872,2218,471.15
8.876,2219,458.21
8.880,2220,455.39
8.884,2221,453.72
8.888,2222,456.67
8.892,2223,472.28
8.896,2224,484.2
8.900,2225,505.07
8.904,2226,523.12
8.908,2227,541.21
8.912,2228,544.09
8.916,2229,551.18
8.920,2230,554.73
8.924,2231,545.12
8.928,2232,539.43
8.932,2233,527.5
8.936,2234,513.5
8.940,2235,512.01
8.944,2236,503.43
8.948,2237,506.39
8.952,2238,508.89
8.956,2239,503.96
8.960,2240,504.77
8.964,2241,482.66
8.968,2242,477.51
8.972,2243,468.32
8.976,2244,458.31
8.980,2245,455.0
8.984,2246,450.65
8.988,2247,461.33
8.992,2248,471.79
8.996,2249,485.44
9.000,2250,498.44
9.004,2251,523.4
9.008,2252,539.86
9.012,2253,549.57
9.016,2254,553.11
9.020,2255,557.29
9.024,2256,543.18
9.028,2257,534.55
9.032,2258,528.5
9.036,2259,518.93
9.040,2260,513.64
9.044,2261,505.28
9.048,2262,499.48
9.052,2263,498.9
9.056,2264,500.46
9.060,2265,501.57
9.064,2266,495.04
9.068,2267,475.64
9.072,2268,474.92
9.076,2269,463.16
9.080,2270,453.13
9.084,2271,464.87
9.088,2272,462.12
9.092,2273,475.5
9.096,2274,498.57
9.100,2275,504.86
9.104,2276,524.48
9.108,2277,548.14
9.112,2278,548.11
9.116,2279,558.63
9.120,2280,557.36
9.124,2281,554.9
9.128,2282,543.41
9.132,2283,528.09
9.136,2284,526.74
9.140,2285,519.78
9.144,2286,508.5
9.148,2287,508.38
9.152,2288,508.26
9.156,2289,504.2
9.160,2290,509.36
9.164,2291,497.36
9.168,2292,488.67
9.172,2293,475.59
9.176,2294,468.95
9.180,2295,470.32
9.184,2296,466.24
9.188,2297,461.79
9.192,2298,475.47
9.196,2299,498.12
9.200,2300,512.49
9.204,2301,531.18
9.208,2302,546.09
9.212,2303,555.37
9.216,2304,566.08
9.220,2305,563.02
9.224,2306,562.93
9.228,2307,548.86
9.232,2308,535.19
9.236,2309,532.91
9.240,2310,529.03
9.244,2311,516.97
9.248,2312,511.48
9.252,2313,515.55
9.256,2314,510.43
9.260,2315,518.64
9.264,2316,500.01
9.268,2317,495.28
9.272,2318,492.36
9.276,2319,480.65
9.280,2320,468.87
9.284,2321,466.54
9.288,2322,473.85
9.292,2323,484.68
9.296,2324,507.64
9.300,2325,519.82
9.304,2326,533.82
9.308,2327,559.16
9.312,2328,570.39
9.316,2329,570.18
9.320,2330,572.86
9.324,2331,563.65
9.328,2332,549.22
9.332,2333,543.48
9.336,2334,530.13
9.340,2335,525.51
9.344,2336,520.38
9.348,2337,523.66
9.352,2338,522.06
9.356,2339,514.22
9.360,2340,511.86
9.364,2341,508.82
9.368,2342,501.52
9.372,2343,489.62
9.376,2344,471.0
9.380,2345,478.52
9.384,2346,479.01
9.388,2347,482.94
9.392,2348,489.63
9.396,2349,505.94
9.400,2350,519.21
9.404,2351,541.14
9.408,2352,551.64
9.412,2353,567.45
9.416,2354,565.87
9.420,2355,572.39
9.424,2356,562.08
9.428,2357,556.95
9.432,2358,544.14
9.436,2359,532.26
9.440,2360,530.59
9.444,2361,518.39
9.448,2362,520.0
9.452,2363,517.67
9.456,2364,520.77
9.460,2365,513.32
9.464,2366,507.77
9.468,2367,499.42
9.472,2368,477.39
9.476,2369,473.36
9.480,2370,470.87
9.484,2371,472.8
9.488,2372,475.53
9.492,2373,489.13
9.496,2374,498.61
9.500,2375,518.28
9.504,2376,534.25
9.508,2377,550.1
9.512,2378,559.15
9.516,2379,564.75
9.520,2380,564.46
9.524,2381,555.9
9.528,2382,548.82
9.532,2383,530.82
9.536,2384,530.34
9.540,2385,522.31
9.544,2386,519.11
9.548,2387,513.32
9.552,2388,511.77
9.556,2389,515.57
9.560,2390,506.74
9.564,2391,508.26
9.568,2392,485.21
9.572,2393,479.2
9.576,2394,465.87
9.580,2395,460.48
9.584,2396,458.73
9.588,2397,464.38
9.592,2398,480.01
9.596,2399,487.85
9.600,2400,513.19
9.604,2401,523.3
9.608,2402,543.0
9.612,2403,560.48
9.616,2404,561.47
9.620,2405,558.98
9.624,2406,553.68
9.628,2407,543.66
9.632,2408,533.25
9.636,2409,526.89
9.640,2410,510.09
9.644,2411,509.7
9.648,2412,510.4
9.652,2413,509.51
9.656,2414,506.62
9.660,2415,505.37
9.664,2416,491.14
9.668,2417,478.32
9.672,2418,478.23
9.676,2419,463.39
9.680,2420,454.52
9.684,2421,455.2
9.688,2422,457.83
9.692,2423,474.25
9.696,2424,489.43
9.700,2425,505.54
9.704,2426,524.89
9.708,2427,538.52
9.712,2428,553.2
9.716,2429,544.19
9.720,2430,547.37
9.724,2431,545.29
9.728,2432,534.14
9.732,2433,521.52
9.736,2434,518.49
9.740,2435,505.23
9.744,2436,505.91
9.748,2437,503.57
9.752,2438,502.14
9.756,2439,496.64
9.760,2440,495.12
9.764,2441,493.99
9.768,2442,482.01
9.772,2443,473.3
9.776,2444,459.57
9.780,2445,446.61
9.784,2446,450.09
9.788,2447,456.05
9.792,2448,472.74
9.796,2449,487.93
9.800,2450,503.72
9.804,2451,517.24
9.808,2452,537.06
9.812,2453,546.42
9.816,2454,551.25
9.820,2455,545.92
9.824,2456,546.33
9.828,2457,534.92
9.832,2458,528.0
9.836,2459,509.85
9.840,2460,504.54
9.844,2461,519.76
9.848,2462,499.91
9.852,2463,503.63
9.856,2464,502.5
9.860,2465,492.98
9.864,2466,497.22
9.868,2467,481.02
9.872,2468,471.71
9.876,2469,469.05
9.880,2470,452.35
9.884,2471,452.32
9.888,2472,457.8
9.892,2473,464.77
9.896,2474,487.42
9.900,2475,507.05
9.904,2476,524.73
9.908,2477,542.7
9.912,2478,554.65
9.916,2479,557.5
9.920,2480,553.98
9.924,2481,553.64
9.928,2482,536.71
9.932,2483,535.0
9.936,2484,519.73
9.940,2485,517.08
9.944,2486,517.61
9.948,2487,499.66
9.952,2488,507.15
9.956,2489,504.72
9.960,2490,509.47
9.964,2491,494.55
9.968,2492,498.2
9.972,2493,471.13
9.976,2494,469.42
9.980,2495,460.33
9.984,2496,462.76
9.988,2497,463.49
9.992,2498,475.13
9.996,2499,485.79
10.000,2500,512.43
10.004,2501,524.93
10.008,2502,541.83
10.012,2503,558.6
10.016,2504,562.78
10.020,2505,566.23
10.024,2506,550.56
10.028,2507,548.44
10.032,2508,538.0
10.036,2509,526.61
10.040,2510,518.15
10.044,2511,517.34
10.048,2512,519.61
10.052,2513,513.79
10.056,2514,517.08
10.060,2515,508.88
10.064,2516,510.4
10.068,2517,494.69
10.072,2518,483.8
10.076,2519,468.8
10.080,2520,463.34
10.084,2521,469.38
10.088,2522,471.9
10.092,2523,485.05
10.096,2524,497.26
10.100,2525,518.24
10.104,2526,535.19
10.108,2527,554.92
10.112,2528,563.95
10.116,2529,577.19
10.120,2530,565.73
10.124,2531,566.7
10.128,2532,548.67
10.132,2533,540.85
10.136,2534,530.32
10.140,2535,532.13
10.144,2536,525.0
10.148,2537,522.07
10.152,2538,521.51
10.156,2539,514.49
10.160,2540,520.56
10.164,2541,513.87
10.168,2542,499.08
10.172,2543,489.01
10.176,2544,482.12
10.180,2545,472.45
10.184,2546,470.97
10.188,2547,474.57
10.192,2548,486.07
10.196,2549,501.43
10.200,2550,524.9
10.204,2551,539.3
10.208,2552,554.75
10.212,2553,564.84
10.216,2554,566.05
10.220,2555,576.82
10.224,2556,566.14
10.228,2557,558.02
10.232,2558,542.05
10.236,2559,540.75
10.240,2560,528.69
10.244,2561,529.85
10.248,2562,522.04
10.252,2563,520.75
10.256,2564,516.85
10.260,2565,515.17
10.264,2566,508.89
10.268,2567,504.65
10.272,2568,494.36
10.276,2569,478.91
10.280,2570,476.83
10.284,2571,459.49
10.288,2572,473.02
10.292,2573,486.61
10.296,2574,504.82
10.300,2575,521.4
10.304,2576,537.9
10.308,2577,551.93
10.312,2578,561.24
10.316,2579,576.55
10.320,2580,571.77
10.324,2581,565.84
10.328,2582,550.91
10.332,2583,538.14
10.336,2584,533.07
10.340,2585,523.76
10.344,2586,519.1
10.348,2587,517.39
10.352,2588,513.62
10.356,2589,510.53
10.360,2590,508.78
10.364,2591,497.19
10.368,2592,495.66
10.372,2593,485.99
10.376,2594,469.76
10.380,2595,458.8
10.384,2596,465.95
10.388,2597,469.75
10.392,2598,479.46
10.396,2599,489.6
10.400,2600,505.58
10.404,2601,538.42
10.408,2602,546.26
10.412,2603,559.72
10.416,2604,561.83
10.420,2605,562.03
10.424,2606,548.51
10.428,2607,542.03
10.432,2608,527.75
10.436,2609,519.34
10.440,2610,513.81
10.444,2611,505.13
10.448,2612,508.35
10.452,2613,505.99
10.456,2614,501.93
10.460,2615,501.87
10.464,2616,495.32
10.468,2617,482.55
10.472,2618,483.33
10.476,2619,468.37
10.480,2620,463.27
10.484,2621,455.76
10.488,2622,465.11
10.492,2623,475.21
10.496,2624,483.68
10.500,2625,503.39
10.504,2626,536.16
10.508,2627,538.47
10.512,2628,552.71
10.516,2629,554.39
10.520,2630,556.92
10.524,2631,542.96
10.528,2632,533.2
10.532,2633,531.22
10.536,2634,518.1
10.540,2635,500.47
10.544,2636,506.3
10.548,2637,503.45
10.552,2638,505.78
10.556,2639,502.2
10.560,2640,498.15
10.564,2641,490.25
10.568,2642,481.75
10.572,2643,465.51
10.576,2644,457.24
10.580,2645,450.54
10.584,2646,447.05
10.588,2647,460.19
10.592,2648,472.15
10.596,2649,486.07
10.600,2650,499.77
10.604,2651,518.6
10.608,2652,534.79
10.612,2653,551.85
10.616,2654,554.19
10.620,2655,557.59
10.624,2656,540.3
10.628,2657,533.77
10.632,2658,519.3
10.636,2659,509.5
10.640,2660,507.84
10.644,2661,503.16
10.648,2662,500.64
10.652,2663,495.53
10.656,2664,500.66
10.660,2665,494.82
10.664,2666,492.95
10.668,2667,482.4
10.672,2668,464.71
10.676,2669,462.14
10.680,2670,451.83
10.684,2671,459.04
10.688,2672,457.64
10.692,2673,466.77
10.696,2674,483.15
10.700,2675,497.55
10.704,2676,527.44
10.708,2677,546.84
10.712,2678,542.5
10.716,2679,553.32
10.720,2680,552.64
10.724,2681,544.46
10.728,2682,542.4
10.732,2683,532.4
10.736,2684,517.46
10.740,2685,520.21
10.744,2686,508.3
10.748,2687,505.57
10.752,2688,506.83
10.756,2689,501.11
10.760,2690,506.17
10.764,2691,496.33
10.768,2692,483.53
10.772,2693,474.13
10.776,2694,462.0
10.780,2695,460.51
10.784,2696,453.13
10.788,2697,463.31
10.792,2698,472.4
10.796,2699,492.87
10.800,2700,513.68
10.804,2701,531.57
10.808,2702,544.08
10.812,2703,552.91
10.816,2704,559.56
10.820,2705,559.55
10.824,2706,555.43
10.828,2707,541.99
10.832,2708,530.35
10.836,2709,526.03
10.840,2710,524.33
10.844,2711,522.7
10.848,2712,516.81
10.852,2713,508.9
10.856,2714,516.93
10.860,2715,504.22
10.864,2716,498.07
10.868,2717,493.97
10.872,2718,476.69
10.876,2719,476.19
10.880,2720,466.61
10.884,2721,467.26
10.888,2722,467.37
10.892,2723,485.2
10.896,2724,499.98
10.900,2725,515.36
10.904,2726,539.48
10.908,2727,541.16
10.912,2728,564.39
10.916,2729,567.47
10.920,2730,563.52
10.924,2731,561.2
10.928,2732,553.21
10.932,2733,538.15
10.936,2734,531.65
10.940,2735,525.43
10.944,2736,523.38
10.948,2737,525.05
10.952,2738,517.41
10.956,2739,522.85
10.960,2740,508.55
10.964,2741,508.4
10.968,2742,491.29
10.972,2743,488.27
10.976,2744,481.51
10.980,2745,480.41
10.984,2746,471.21
10.988,2747,472.85
10.992,2748,490.94
10.996,2749,502.96
11.000,2750,521.9
11.004,2751,543.89
11.008,2752,560.52
11.012,2753,560.17
11.016,2754,572.08
11.020,2755,570.42
11.024,2756,559.81
11.028,2757,548.12
11.032,2758,544.03
11.036,2759,533.28
11.040,2760,525.49
11.044,2761,523.85
11.048,2762,521.12
11.052,2763,521.5
11.056,2764,525.85
11.060,2765,515.39
11.064,2766,516.24
11.068,2767,504.46
11.072,2768,492.94
11.076,2769,476.58
11.080,2770,471.79
11.084,2771,467.76
11.088,2772,477.71
11.092,2773,486.55
11.096,2774,504.32
11.100,2775,522.26
11.104,2776,540.21
11.108,2777,553.82
11.112,2778,562.08
11.116,2779,568.76
11.120,2780,571.79
11.124,2781,561.66
11.128,2782,552.38
11.132,2783,545.56
11.136,2784,534.67
11.140,2785,519.87
11.144,2786,521.25
11.148,2787,516.01
11.152,2788,517.98
11.156,2789,517.67
11.160,2790,513.92
11.164,2791,511.56
11.168,2792,493.47
11.172,2793,483.7
11.176,2794,477.41
11.180,2795,472.26
11.184,2796,462.59
11.188,2797,473.91
11.192,2798,484.43
11.196,2799,496.74
11.200,2800,514.56
11.204,2801,536.95
11.208,2802,551.29
11.212,2803,561.78
11.216,2804,561.67
11.220,2805,555.98
11.224,2806,555.75
11.228,2807,545.23
11.232,2808,537.51
11.236,2809,523.13
11.240,2810,521.68
11.244,2811,516.49
11.248,2812,509.73
11.252,2813,515.09
11.256,2814,507.77
11.260,2815,502.07
11.264,2816,498.81
11.268,2817,488.26
11.272,2818,474.06
11.276,2819,470.36
11.280,2820,461.1
11.284,2821,456.37
11.288,2822,456.81
11.292,2823,476.12
11.296,2824,490.38
11.300,2825,508.8
11.304,2826,532.17
11.308,2827,532.27
11.312,2828,557.92
11.316,2829,562.74
11.320,2830,551.67
11.324,2831,552.94
11.328,2832,535.87
11.332,2833,524.36
11.336,2834,518.69
11.340,2835,519.43
11.344,2836,509.34
11.348,2837,506.0
11.352,2838,508.05
11.356,2839,499.94
11.360,2840,504.22
11.364,2841,497.57
11.368,2842,483.62
11.372,2843,468.23
11.376,2844,465.98
11.380,2845,456.25
11.384,2846,456.04
11.388,2847,462.57
11.392,2848,470.5
11.396,2849,480.85
11.400,2850,508.91
11.404,2851,522.56
11.408,2852,538.48
11.412,2853,550.41
11.416,2854,553.81
11.420,2855,554.03
11.424,2856,545.3
11.428,2857,534.22
11.432,2858,522.32
11.436,2859,513.24
11.440,2860,507.34
11.444,2861,508.42
11.448,2862,501.22
11.452,2863,501.03
11.456,2864,499.19
11.460,2865,497.74
11.464,2866,491.47
11.468,2867,487.6
11.472,2868,463.82
11.476,2869,459.0
11.480,2870,455.8
11.484,2871,445.39
11.488,2872,463.87
11.492,2873,467.39
11.496,2874,480.61
11.500,2875,506.37
11.504,2876,512.41
11.508,2877,538.01
11.512,2878,544.19
11.516,2879,552.93
11.520,2880,553.18
11.524,2881,548.55
11.528,2882,537.66
11.532,2883,534.17
11.536,2884,517.05
11.540,2885,508.86
11.544,2886,511.32
11.548,2887,504.48
11.552,2888,505.53
11.556,2889,486.44
11.560,2890,500.22
11.564,2891,491.57
11.568,2892,481.16
11.572,2893,470.16
11.576,2894,467.12
11.580,2895,449.13
11.584,2896,468.7
11.588,2897,465.68
11.592,2898,473.67
11.596,2899,495.9
11.600,2900,508.28
11.604,2901,522.49
11.608,2902,546.3
11.612,2903,546.8
11.616,2904,560.73
11.620,2905,561.97
11.624,2906,553.16
11.628,2907,535.99
11.632,2908,532.56
11.636,2909,522.36
11.640,2910,513.43
11.644,2911,503.45
11.648,2912,506.39
11.652,2913,508.36
11.656,2914,513.3
11.660,2915,516.12
11.664,2916,502.09
11.668,2917,486.62
11.672,2918,478.05
11.676,2919,474.85
11.680,2920,466.84
11.684,2921,464.81
11.688,2922,469.21
11.692,2923,484.23
11.696,2924,504.52
11.700,2925,514.53
11.704,2926,534.03
11.708,2927,551.55
11.712,2928,558.85
11.716,2929,556.92
11.720,2930,566.51
11.724,2931,555.43
11.728,2932,554.39
11.732,2933,539.78
11.736,2934,536.12
11.740,2935,520.21
11.744,2936,524.43
11.748,2937,511.77
11.752,2938,521.21
11.756,2939,514.89
11.760,2940,515.83
11.764,2941,504.13
11.768,2942,499.32
11.772,2943,488.48
11.776,2944,478.7
11.780,2945,472.69
11.784,2946,476.4
11.788,2947,472.33
11.792,2948,491.25
11.796,2949,500.24
11.800,2950,525.27
11.804,2951,548.58
11.808,2952,552.03
11.812,2953,557.62
11.816,2954,571.74
11.820,2955,567.01
11.824,2956,561.34
11.828,2957,552.73
11.832,2958,541.67
11.836,2959,540.43
11.840,2960,532.55
11.844,2961,528.77
11.848,2962,531.58
11.852,2963,518.23
11.856,2964,509.51
11.860,2965,523.64
11.864,2966,509.83
11.868,2967,499.44
11.872,2968,482.12
11.876,2969,474.42
11.880,2970,476.14
11.884,2971,471.34
11.888,2972,467.99
11.892,2973,483.69
11.896,2974,507.45
11.900,2975,526.94
11.904,2976,541.24
11.908,2977,567.5
11.912,2978,571.07
11.916,2979,578.83
11.920,2980,575.39
11.924,2981,566.83
11.928,2982,548.52
11.932,2983,537.01
11.936,2984,531.13
11.940,2985,528.25
11.944,2986,523.08
11.948,2987,522.56
11.952,2988,519.74
11.956,2989,519.7
11.960,2990,517.57
11.964,2991,506.72
11.968,2992,496.16
11.972,2993,476.29
11.976,2994,480.55
11.980,2995,467.31
11.984,2996,465.11
11.988,2997,476.71
11.992,2998,487.56
11.996,2999,502.22
12.000,3000,521.69
12.004,3001,531.87
12.008,3002,550.93
12.012,3003,560.27
12.016,3004,573.84
12.020,3005,568.67
12.024,3006,557.53
12.028,3007,552.08
12.032,3008,539.6
12.036,3009,528.16
12.040,3010,523.47
12.044,3011,520.73
12.048,3012,514.6
12.052,3013,508.8
12.056,3014,513.06
12.060,3015,506.3
12.064,3016,495.73
12.068,3017,487.76
12.072,3018,479.19
12.076,3019,470.48
12.080,3020,465.88
12.084,3021,461.04
12.088,3022,468.1
12.092,3023,475.39
12.096,3024,494.61
12.100,3025,512.36
12.104,3026,531.34
12.108,3027,550.37
12.112,3028,554.07
12.116,3029,553.25
12.120,3030,557.58
12.124,3031,554.4
12.128,3032,541.46
12.132,3033,532.01
12.136,3034,514.38
12.140,3035,510.91
12.144,3036,512.14
12.148,3037,510.96
12.152,3038,503.51
12.156,3039,505.86
12.160,3040,497.3
12.164,3041,488.54
12.168,3042,484.0
12.172,3043,474.0
12.176,3044,464.98
12.180,3045,459.64
12.184,3046,461.77
12.188,3047,463.35
12.192,3048,468.78
12.196,3049,489.63
12.200,3050,498.42
12.204,3051,523.13
12.208,3052,542.61
12.212,3053,551.81
12.216,3054,556.96
12.220,3055,559.69
12.224,3056,542.49
12.228,3057,538.97
12.232,3058,524.95
12.236,3059,520.47
12.240,3060,509.61
12.244,3061,508.17
12.248,3062,509.26
12.252,3063,504.43
12.256,3064,499.12
12.260,3065,494.42
12.264,3066,486.3
12.268,3067,483.99
12.272,3068,474.69
12.276,3069,458.92
12.280,3070,446.18
12.284,3071,449.42
12.288,3072,458.39
12.292,3073,463.74
12.296,3074,475.55
12.300,3075,500.24
12.304,3076,512.5
12.308,3077,537.85
12.312,3078,545.86
12.316,3079,552.47
12.320,3080,556.04
12.324,3081,540.84
12.328,3082,526.45
12.332,3083,524.67
12.336,3084,517.57
12.340,3085,503.33
12.344,3086,503.7
12.348,3087,502.04
12.352,3088,502.59
12.356,3089,498.29
12.360,3090,507.56
12.364,3091,489.26
12.368,3092,482.03
12.372,3093,469.17
12.376,3094,451.2
12.380,3095,461.04
12.384,3096,441.64
12.388,3097,464.6
12.392,3098,464.97
12.396,3099,480.88
12.400,3100,504.72
12.404,3101,532.78
12.408,3102,541.35
12.412,3103,550.42
12.416,3104,553.07
12.420,3105,557.55
12.424,3106,547.27
12.428,3107,542.35
12.432,3108,521.56
12.436,3109,522.61
12.440,3110,515.29
12.444,3111,504.86
12.448,3112,504.59
12.452,3113,507.33
12.456,3114,504.39
12.460,3115,503.8
12.464,3116,490.44
12.468,3117,483.75
12.472,3118,485.7
12.476,3119,464.65
12.480,3120,460.17
12.484,3121,460.03
12.488,3122,464.64
12.492,3123,481.76
12.496,3124,490.79
12.500,3125,515.42
12.504,3126,527.5
12.508,3127,550.16
12.512,3128,557.39
12.516,3129,562.56
12.520,3130,561.77
12.524,3131,558.18
12.528,3132,541.99
12.532,3133,532.83
12.536,3134,535.97
12.540,3135,523.39
12.544,3136,516.22
12.548,3137,518.65
12.552,3138,515.04
12.556,3139,504.69
12.560,3140,510.62
12.564,3141,503.01
12.568,3142,495.98
12.572,3143,481.4
12.576,3144,474.36
12.580,3145,473.62
12.584,3146,467.26
12.588,3147,471.1
12.592,3148,485.39
12.596,3149,498.43
12.600,3150,523.12
12.604,3151,536.98
12.608,3152,555.19
12.612,3153,562.01
12.616,3154,564.74
12.620,3155,571.36
12.624,3156,563.27
12.628,3157,555.44
12.632,3158,545.66
12.636,3159,527.81
12.640,3160,527.57
12.644,3161,515.23
12.648,3162,523.6
12.652,3163,516.23
12.656,3164,520.7
12.660,3165,517.85
12.664,3166,506.15
12.668,3167,499.13
12.672,3168,493.85
12.676,3169,472.91
12.680,3170,475.72
12.684,3171,472.25
12.688,3172,480.33
12.692,3173,480.85
12.696,3174,503.35
12.700,3175,526.4
12.704,3176,546.05
12.708,3177,553.39
12.712,3178,566.22
12.716,3179,579.41
12.720,3180,564.9
12.724,3181,563.92
12.728,3182,555.27
12.732,3183,544.86
12.736,3184,531.19
12.740,3185,531.97
12.744,3186,527.6
12.748,3187,529.36
12.752,3188,517.75
12.756,3189,517.03
12.760,3190,519.24
12.764,3191,515.25
12.768,3192,498.64
12.772,3193,482.09
12.776,3194,477.69
12.780,3195,475.81
12.784,3196,473.07
12.788,3197,479.35
12.792,3198,493.31
12.796,3199,499.55
12.800,3200,516.09
12.804,3201,533.32
12.808,3202,553.28
12.812,3203,568.52
12.816,3204,575.85
12.820,3205,568.16
12.824,3206,560.67
12.828,3207,550.33
12.832,3208,545.19
12.836,3209,527.81
12.840,3210,523.44
12.844,3211,519.3
12.848,3212,517.38
12.852,3213,523.38
12.856,3214,510.45
12.860,3215,519.57
12.864,3216,500.11
12.868,3217,489.98
12.872,3218,480.0
12.876,3219,475.44
12.880,3220,466.05
12.884,3221,468.86
12.888,3222,465.5
12.892,3223,472.69
12.896,3224,493.45
12.900,3225,514.37
12.904,3226,525.69
12.908,3227,546.69
12.912,3228,559.84
12.916,3229,558.88
12.920,3230,557.08
12.924,3231,549.24
12.928,3232,543.24
12.932,3233,535.0
12.936,3234,534.68
12.940,3235,521.3
12.944,3236,507.31
12.948,3237,504.05
12.952,3238,508.39
12.956,3239,512.96
12.960,3240,505.03
12.964,3241,493.26
12.968,3242,489.91
12.972,3243,480.79
12.976,3244,471.34
12.980,3245,454.52
12.984,3246,458.83
12.988,3247,456.41
12.992,3248,468.93
12.996,3249,482.64
13.000,3250,505.07
13.004,3251,518.76
13.008,3252,543.21
13.012,3253,550.71
13.016,3254,551.79
13.020,3255,555.54
13.024,3256,553.06
13.028,3257,538.6
13.032,3258,524.35
13.036,3259,516.17
13.040,3260,509.96
13.044,3261,503.4
13.048,3262,497.33
13.052,3263,501.43
13.056,3264,505.89
13.060,3265,493.48
13.064,3266,482.18
13.068,3267,480.23
13.072,3268,474.53
13.076,3269,453.61
13.080,3270,454.71
13.084,3271,454.06
13.088,3272,459.19
13.092,3273,470.07
13.096,3274,486.05
13.100,3275,495.84
13.104,3276,523.21
13.108,3277,542.06
13.112,3278,546.51
13.116,3279,553.57
13.120,3280,546.57
13.124,3281,549.39
13.128,3282,532.19
13.132,3283,530.94
13.136,3284,513.65
13.140,3285,511.17
13.144,3286,502.37
13.148,3287,510.2
13.152,3288,493.78
13.156,3289,501.35
13.160,3290,487.64
13.164,3291,484.47
13.168,3292,487.77
13.172,3293,473.59
13.176,3294,452.51
13.180,3295,454.2
13.184,3296,450.43
13.188,3297,460.04
13.192,3298,476.18
13.196,3299,487.4
13.200,3300,505.3
13.204,3301,524.37
13.208,3302,533.99
13.212,3303,552.23
13.216,3304,558.01
13.220,3305,550.63
13.224,3306,544.27
13.228,3307,543.33
13.232,3308,528.24
13.236,3309,513.89
13.240,3310,510.23
13.244,3311,506.34
13.248,3312,506.28
13.252,3313,505.42
13.256,3314,503.09
13.260,3315,507.05
13.264,3316,497.2
13.268,3317,490.88
13.272,3318,468.09
13.276,3319,466.08
13.280,3320,464.16
13.284,3321,461.21
13.288,3322,460.58
13.292,3323,471.44
13.296,3324,494.44
13.300,3325,508.66
13.304,3326,531.02
13.308,3327,545.2
13.312,3328,555.27
13.316,3329,561.24
13.320,3330,556.3
13.324,3331,560.28
13.328,3332,546.46
13.332,3333,539.82
13.336,3334,523.22
13.340,3335,516.73
13.344,3336,513.93
13.348,3337,510.19
13.352,3338,515.58
13.356,3339,514.15
13.360,3340,505.55
13.364,3341,499.87
13.368,3342,493.77
13.372,3343,479.2
13.376,3344,471.35
13.380,3345,473.07
13.384,3346,462.68
13.388,3347,468.59
13.392,3348,491.83
13.396,3349,489.43
13.400,3350,512.08
13.404,3351,542.89
13.408,3352,550.17
13.412,3353,564.94
13.416,3354,576.38
13.420,3355,563.83
13.424,3356,558.13
13.428,3357,552.86
13.432,3358,540.79
13.436,3359,530.03
13.440,3360,525.06
13.444,3361,516.5
13.448,3362,522.01
13.452,3363,522.6
13.456,3364,516.94
13.460,3365,512.88
13.464,3366,509.39
13.468,3367,496.02
13.472,3368,486.75
13.476,3369,478.35
13.480,3370,478.2
13.484,3371,470.81
13.488,3372,475.39
13.492,3373,486.18
13.496,3374,501.26
13.500,3375,517.65
13.504,3376,536.54
13.508,3377,559.59
13.512,3378,564.82
13.516,3379,572.24
13.520,3380,568.58
13.524,3381,558.78
13.528,3382,552.75
13.532,3383,549.89
13.536,3384,533.47
13.540,3385,525.69
13.544,3386,522.69
13.548,3387,521.19
13.552,3388,522.35
13.556,3389,517.89
13.560,3390,515.12
13.564,3391,506.76
13.568,3392,500.91
13.572,3393,490.32
13.576,3394,480.34
13.580,3395,475.5
13.584,3396,471.04
13.588,3397,480.9
13.592,3398,488.69
13.596,3399,508.5
13.600,3400,520.73
13.604,3401,540.62
13.608,3402,552.51
13.612,3403,566.04
13.616,3404,573.8
13.620,3405,567.47
13.624,3406,568.28
13.628,3407,552.72
13.632,3408,548.43
13.636,3409,528.52
13.640,3410,524.66
13.644,3411,519.59
13.648,3412,523.53
13.652,3413,520.77
13.656,3414,515.8
13.660,3415,510.06
13.664,3416,504.79
13.668,3417,498.37
13.672,3418,488.23
13.676,3419,474.88
13.680,3420,466.63
13.684,3421,467.12
13.688,3422,471.68
13.692,3423,482.78
13.696,3424,495.53
13.700,3425,522.64
13.704,3426,531.5
13.708,3427,555.63
13.712,3428,565.75
13.716,3429,568.38
13.720,3430,570.36
13.724,3431,558.35
13.728,3432,545.05
13.732,3433,533.58
13.736,3434,523.51
13.740,3435,522.5
13.744,3436,508.93
13.748,3437,507.0
13.752,3438,517.44
13.756,3439,513.2
13.760,3440,506.51
13.764,3441,501.5
13.768,3442,491.42
13.772,3443,476.94
13.776,3444,462.0
13.780,3445,466.27
13.784,3446,461.19
13.788,3447,458.32
13.792,3448,474.99
13.796,3449,488.11
13.800,3450,507.86
13.804,3451,525.35
13.808,3452,544.44
13.812,3453,552.01
13.816,3454,552.67
13.820,3455,558.28
13.824,3456,550.83
13.828,3457,533.41
13.832,3458,530.16
13.836,3459,522.65
13.840,3460,511.51
13.844,3461,508.65
13.848,3462,502.74
13.852,3463,497.51
13.856,3464,504.52
13.860,3465,497.88
13.864,3466,493.0
13.868,3467,480.97
13.872,3468,470.34
13.876,3469,462.34
13.880,3470,454.82
13.884,3471,456.94
13.888,3472,456.33
13.892,3473,462.98
13.896,3474,485.04
13.900,3475,497.74
13.904,3476,511.31
13.908,3477,532.79
13.912,3478,546.2
13.916,3479,549.38
13.920,3480,544.89
13.924,3481,543.61
13.928,3482,539.79
13.932,3483,527.84
13.936,3484,515.31
13.940,3485,512.17
13.944,3486,502.7
13.948,3487,499.04
13.952,3488,504.19
13.956,3489,495.26
13.960,3490,496.94
13.964,3491,488.77
13.968,3492,478.25
13.972,3493,467.56
13.976,3494,464.46
13.980,3495,447.15
13.984,3496,453.2
13.988,3497,455.75
13.992,3498,464.89
13.996,3499,483.94
14.000,3500,503.75
14.004,3501,520.97
14.008,3502,538.14
14.012,3503,553.81
14.016,3504,550.59
14.020,3505,553.36
14.024,3506,538.42
14.028,3507,537.84
14.032,3508,518.36
14.036,3509,519.33
14.040,3510,508.33
14.044,3511,507.07
14.048,3512,498.91
14.052,3513,503.95
14.056,3514,505.48
14.060,3515,500.88
14.064,3516,491.8
14.068,3517,482.88
14.072,3518,477.37
14.076,3519,466.45
14.080,3520,454.8
14.084,3521,453.78
14.088,3522,458.34
14.092,3523,472.05
14.096,3524,483.66
14.100,3525,498.55
14.104,3526,525.19
14.108,3527,543.2
14.112,3528,554.09
14.116,3529,562.67
14.120,3530,552.01
14.124,3531,548.96
14.128,3532,536.02
14.132,3533,532.72
14.136,3534,522.43
14.140,3535,514.47
14.144,3536,512.87
14.148,3537,508.31
14.152,3538,506.27
14.156,3539,515.12
14.160,3540,508.35
14.164,3541,497.92
14.168,3542,483.61
14.172,3543,478.88
14.176,3544,472.82
14.180,3545,465.06
14.184,3546,467.28
14.188,3547,473.16
14.192,3548,479.09
14.196,3549,493.7
14.200,3550,512.51
14.204,3551,531.74
14.208,3552,553.15
14.212,3553,559.0
14.216,3554,558.97
14.220,3555,566.4
14.224,3556,557.97
14.228,3557,547.26
14.232,3558,531.2
14.236,3559,534.81
14.240,3560,526.43
14.244,3561,515.36
14.248,3562,518.9
14.252,3563,513.13
14.256,3564,510.39
14.260,3565,503.68
14.264,3566,508.68
14.268,3567,500.11
14.272,3568,485.23
14.276,3569,476.92
14.280,3570,477.94
14.284,3571,466.66
14.288,3572,469.84
14.292,3573,486.15
14.296,3574,503.86
14.300,3575,519.26
14.304,3576,533.52
14.308,3577,552.15
14.312,3578,568.98
14.316,3579,573.95
14.320,3580,563.09
14.324,3581,558.56
14.328,3582,550.1
14.332,3583,543.7
14.336,3584,543.54
14.340,3585,526.9
14.344,3586,524.38
14.348,3587,519.14
14.352,3588,531.65
14.356,3589,517.09
14.360,3590,513.5
14.364,3591,509.45
14.368,3592,494.36
14.372,3593,492.57
14.376,3594,479.79
14.380,3595,470.0
14.384,3596,469.53
14.388,3597,469.03
14.392,3598,485.23
14.396,3599,494.16
14.400,3600,520.02
14.404,3601,538.4
14.408,3602,553.8
14.412,3603,564.63
14.416,3604,568.22
14.420,3605,574.99
14.424,3606,569.26
14.428,3607,553.2
14.432,3608,547.99
14.436,3609,532.87
14.440,3610,526.01
14.444,3611,519.76
14.448,3612,523.85
14.452,3613,522.3
14.456,3614,512.63
14.460,3615,514.26
14.464,3616,504.62
14.468,3617,493.71
14.472,3618,486.67
14.476,3619,469.39
14.480,3620,468.67
14.484,3621,476.31
14.488,3622,474.98
14.492,3623,479.34
14.496,3624,501.71
14.500,3625,518.23
14.504,3626,534.97
14.508,3627,549.5
14.512,3628,562.47
14.516,3629,564.55
14.520,3630,564.53
14.524,3631,561.46
14.528,3632,551.98
14.532,3633,532.91
14.536,3634,526.76
14.540,3635,528.03
14.544,3636,524.51
14.548,3637,516.65
14.552,3638,520.24
14.556,3639,516.48
14.560,3640,506.83
14.564,3641,492.33
14.568,3642,490.59
14.572,3643,475.06
14.576,3644,470.92
14.580,3645,470.61
14.584,3646,462.88
14.588,3647,463.16
14.592,3648,472.2
14.596,3649,484.58
14.600,3650,503.12
14.604,3651,535.57
14.608,3652,548.04
14.612,3653,554.68
14.616,3654,559.01
14.620,3655,557.68
14.624,3656,551.11
14.628,3657,546.93
14.632,3658,532.3
14.636,3659,513.34
14.640,3660,518.49
14.644,3661,502.27
14.648,3662,506.23
14.652,3663,500.97
14.656,3664,504.55
14.660,3665,495.12
14.664,3666,487.64
14.668,3667,479.53
14.672,3668,476.39
14.676,3669,462.65
14.680,3670,459.39
14.684,3671,460.5
14.688,3672,460.51
14.692,3673,472.51
14.696,3674,481.99
14.700,3675,503.96
14.704,3676,518.13
14.708,3677,540.61
14.712,3678,552.72
14.716,3679,557.51
14.720,3680,551.93
14.724,3681,549.03
14.728,3682,535.21
14.732,3683,523.07
14.736,3684,518.02
14.740,3685,512.05
14.744,3686,513.86
14.748,3687,505.99
14.752,3688,497.5
14.756,3689,496.04
14.760,3690,490.68
14.764,3691,489.39
14.768,3692,475.44
14.772,3693,474.89
14.776,3694,458.73
14.780,3695,455.98
14.784,3696,452.56
14.788,3697,458.03
14.792,3698,463.39
14.796,3699,483.25
14.800,3700,500.31
14.804,3701,520.26
14.808,3702,537.04
14.812,3703,550.19
14.816,3704,550.37
14.820,3705,554.14
14.824,3706,545.79
14.828,3707,541.59
14.832,3708,511.53
14.836,3709,513.12
14.840,3710,514.08
14.844,3711,495.09
14.848,3712,509.36
14.852,3713,502.81
14.856,3714,492.58
14.860,3715,499.81
14.864,3716,486.1
14.868,3717,477.64
14.872,3718,476.97
14.876,3719,460.23
14.880,3720,451.68
14.884,3721,462.3
14.888,3722,462.89
14.892,3723,468.92
14.896,3724,483.16
14.900,3725,504.34
14.904,3726,530.31
14.908,3727,536.14
14.912,3728,546.09
14.916,3729,561.24
14.920,3730,553.82
14.924,3731,549.16
14.928,3732,541.6
14.932,3733,527.86
14.936,3734,510.8
14.940,3735,513.17
14.944,3736,515.27
14.948,3737,517.41
14.952,3738,507.45
14.956,3739,506.23
14.960,3740,508.1
14.964,3741,498.56
14.968,3742,488.47
14.972,3743,469.32
14.976,3744,466.36
14.980,3745,462.73
14.984,3746,454.68
14.988,3747,464.29
14.992,3748,483.76
14.996,3749,492.05
15.000,3750,506.26
15.004,3751,523.37
15.008,3752,547.03
15.012,3753,555.94
15.016,3754,559.79
15.020,3755,563.03
15.024,3756,557.12
15.028,3757,547.46
15.032,3758,538.12
15.036,3759,522.9
15.040,3760,518.8
15.044,3761,516.36
15.048,3762,515.86
15.052,3763,519.24
15.056,3764,510.78
15.060,3765,506.87
15.064,3766,509.45
15.068,3767,495.22
15.072,3768,478.91
15.076,3769,474.0
15.080,3770,464.11
15.084,3771,463.31
15.088,3772,467.48
15.092,3773,480.74
15.096,3774,508.24
15.100,3775,522.89
15.104,3776,543.21
15.108,3777,558.09
15.112,3778,564.28
15.116,3779,571.35
15.120,3780,568.9
15.124,3781,557.95
15.128,3782,548.24
15.132,3783,546.31
15.136,3784,528.82
15.140,3785,527.9
15.144,3786,525.86
15.148,3787,524.53
15.152,3788,522.05
15.156,3789,514.03
15.160,3790,517.11
15.164,3791,507.75
15.168,3792,495.31
15.172,3793,481.01
15.176,3794,481.33
15.180,3795,466.94
15.184,3796,464.94
15.188,3797,483.53
15.192,3798,482.65
15.196,3799,501.66
15.200,3800,522.27
15.204,3801,540.89
15.208,3802,552.39
15.212,3803,564.51
15.216,3804,575.27
15.220,3805,569.47
15.224,3806,564.01
15.228,3807,545.91
15.232,3808,541.87
15.236,3809,538.35
15.240,3810,525.19
15.244,3811,520.24
15.248,3812,523.59
15.252,3813,523.32
15.256,3814,520.29
15.260,3815,512.59
15.264,3816,510.99
15.268,3817,505.2
15.272,3818,492.88
15.276,3819,472.3
15.280,3820,483.67
15.284,3821,465.05
15.288,3822,470.0
15.292,3823,486.82
15.296,3824,500.9
15.300,3825,521.15
15.304,3826,543.38
15.308,3827,557.5
15.312,3828,560.87
15.316,3829,569.23
15.320,3830,571.33
15.324,3831,564.82
15.328,3832,555.36
15.332,3833,543.55
15.336,3834,533.68
15.340,3835,521.8
15.344,3836,514.34
15.348,3837,519.18
15.352,3838,514.33
15.356,3839,518.99
15.360,3840,506.26
15.364,3841,501.2
15.368,3842,491.55
15.372,3843,486.51
15.376,3844,475.85
15.380,3845,466.2
15.384,3846,465.55
15.388,3847,475.26
15.392,3848,472.33
15.396,3849,497.92
15.400,3850,517.57
15.404,3851,536.43
15.408,3852,550.33
15.412,3853,554.6
15.416,3854,559.95
15.420,3855,563.02
15.424,3856,551.27
15.428,3857,543.02
15.432,3858,527.15
15.436,3859,518.92
15.440,3860,518.03
15.444,3861,510.65
15.448,3862,507.16
15.452,3863,508.08
15.456,3864,507.88
15.460,3865,501.35
15.464,3866,496.06
15.468,3867,486.26
15.472,3868,474.28
15.476,3869,465.45
15.480,3870,455.23
15.484,3871,455.07
15.488,3872,454.18
15.492,3873,467.49
15.496,3874,483.0
15.500,3875,504.53
15.504,3876,529.02
15.508,3877,540.08
15.512,3878,551.36
15.516,3879,551.48
15.520,3880,554.74
15.524,3881,553.72
15.528,3882,536.87
15.532,3883,523.38
15.536,3884,512.64
15.540,3885,511.43
15.544,3886,502.45
15.548,3887,507.03
15.552,3888,498.89
15.556,3889,494.3
15.560,3890,498.7
15.564,3891,484.72
15.568,3892,483.01
15.572,3893,474.27
15.576,3894,458.13
15.580,3895,454.78
15.584,3896,457.98
15.588,3897,455.18
15.592,3898,474.23
15.596,3899,482.3
15.600,3900,498.43
15.604,3901,521.13
15.608,3902,537.45
15.612,3903,551.93
15.616,3904,555.63
15.620,3905,552.11
15.624,3906,546.8
15.628,3907,535.39
15.632,3908,527.51
15.636,3909,513.1
15.640,3910,504.13
15.644,3911,505.34
15.648,3912,513.44
15.652,3913,504.9
15.656,3914,497.07
15.660,3915,501.53
15.664,3916,481.83
15.668,3917,479.19
15.672,3918,471.55
15.676,3919,457.86
15.680,3920,451.85
15.684,3921,452.23
15.688,3922,455.59
15.692,3923,465.64
15.696,3924,480.44
15.700,3925,497.32
15.704,3926,518.48
15.708,3927,537.96
15.712,3928,553.45
15.716,3929,551.67
15.720,3930,548.23
15.724,3931,553.26
15.728,3932,532.96
15.732,3933,527.78
15.736,3934,514.7
15.740,3935,509.05
15.744,3936,509.71
15.748,3937,508.38
15.752,3938,510.79
15.756,3939,506.77
15.760,3940,500.97
15.764,3941,496.37
15.768,3942,480.83
15.772,3943,479.72
15.776,3944,467.76
15.780,3945,461.42
15.784,3946,460.7
15.788,3947,457.38
15.792,3948,469.93
15.796,3949,491.13
15.800,3950,510.09
15.804,3951,530.73
15.808,3952,545.0
15.812,3953,555.01
15.816,3954,565.79
15.820,3955,561.02
15.824,3956,556.46
15.828,3957,549.04
15.832,3958,539.28
15.836,3959,526.61
15.840,3960,521.8
15.844,3961,516.27
15.848,3962,517.93
15.852,3963,521.99
15.856,3964,507.12
15.860,3965,504.59
15.864,3966,507.49
15.868,3967,493.0
15.872,3968,480.49
15.876,3969,470.21
15.880,3970,470.57
15.884,3971,467.91
15.888,3972,478.69
15.892,3973,481.45
15.896,3974,501.54
15.900,3975,523.43
15.904,3976,529.96
15.908,3977,547.59
15.912,3978,564.02
15.916,3979,565.61
15.920,3980,565.02
15.924,3981,557.85
15.928,3982,550.62
15.932,3983,537.48
15.936,3984,527.01
15.940,3985,527.14
15.944,3986,522.31
15.948,3987,524.06
15.952,3988,521.35
15.956,3989,519.28
15.960,3990,516.78
15.964,3991,503.54
15.968,3992,496.18
15.972,3993,489.09
15.976,3994,482.36
15.980,3995,474.9
15.984,3996,470.16
15.988,3997,475.1
15.992,3998,487.84
15.996,3999,498.17
16.000,4000,524.9
16.004,4001,543.31
16.008,4002,559.86
16.012,4003,571.07
16.016,4004,575.86
16.020,4005,562.95
16.024,4006,564.99
16.028,4007,548.89
16.032,4008,540.49
16.036,4009,534.6
16.040,4010,533.12
16.044,4011,525.73
16.048,4012,523.45
16.052,4013,528.58
16.056,4014,520.5
16.060,4015,511.71
16.064,4016,503.14
16.068,4017,495.99
16.072,4018,489.52
16.076,4019,473.33
16.080,4020,474.72
16.084,4021,472.67
16.088,4022,473.17
16.092,4023,487.24
16.096,4024,504.62
16.100,4025,518.52
16.104,4026,542.47
16.108,4027,552.38
16.112,4028,568.32
16.116,4029,576.36
16.120,4030,570.22
16.124,4031,557.22
16.128,4032,552.98
16.132,4033,542.42
16.136,4034,529.27
16.140,4035,520.73
16.144,4036,520.04
16.148,4037,522.96
16.152,4038,521.47
16.156,4039,520.91
16.160,4040,511.71
16.164,4041,512.76
16.168,4042,492.09
16.172,4043,486.65
16.176,4044,474.15
16.180,4045,474.38
16.184,4046,466.84
16.188,4047,467.03
16.192,4048,482.73
16.196,4049,492.85
16.200,4050,512.19
16.204,4051,537.72
16.208,4052,549.5
16.212,4053,563.59
16.216,4054,561.1
16.220,4055,568.05
16.224,4056,555.42
16.228,4057,538.49
16.232,4058,532.09
16.236,4059,520.6
16.240,4060,513.29
16.244,4061,516.9
16.248,4062,514.15
16.252,4063,513.68
16.256,4064,506.2
16.260,4065,506.98
16.264,4066,491.93
16.268,4067,486.39
16.272,4068,477.05
16.276,4069,465.59
16.280,4070,461.54
16.284,4071,459.31
16.288,4072,465.71
16.292,4073,475.63
16.296,4074,493.8
16.300,4075,506.4
16.304,4076,529.27
16.308,4077,543.34
16.312,4078,553.81
16.316,4079,557.82
16.320,4080,546.96
16.324,4081,556.55
16.328,4082,535.46
16.332,4083,525.34
16.336,4084,517.81
16.340,4085,506.88
16.344,4086,514.88
16.348,4087,503.32
16.352,4088,501.77
16.356,4089,499.11
16.360,4090,499.98
16.364,4091,496.87
16.368,4092,483.0
16.372,4093,468.28
16.376,4094,466.98
16.380,4095,456.21
16.384,4096,450.58
16.388,4097,457.74
16.392,4098,469.28
16.396,4099,485.41
16.400,4100,502.96
16.404,4101,521.54
16.408,4102,544.63
16.412,4103,559.29
16.416,4104,553.26
16.420,4105,547.37
16.424,4106,540.31
16.428,4107,538.18
16.432,4108,518.02
16.436,4109,514.55
16.440,4110,510.07
16.444,4111,505.19
16.448,4112,500.95
16.452,4113,508.83
16.456,4114,502.78
16.460,4115,493.73
16.464,4116,492.0
16.468,4117,478.97
16.472,4118,467.32
16.476,4119,458.28
16.480,4120,458.24
16.484,4121,449.89
16.488,4122,456.62
16.492,4123,471.93
16.496,4124,485.0
16.500,4125,503.45
16.504,4126,518.54
16.508,4127,546.48
16.512,4128,551.43
16.516,4129,543.52
16.520,4130,556.9
16.524,4131,540.23
16.528,4132,530.53
16.532,4133,523.04
16.536,4134,521.84
16.540,4135,509.14
16.544,4136,507.26
16.548,4137,498.06
16.552,4138,508.16
16.556,4139,501.12
16.560,4140,493.25
16.564,4141,493.17
16.568,4142,484.86
16.572,4143,473.13
16.576,4144,468.67
16.580,4145,459.63
16.584,4146,462.11
16.588,4147,460.84
16.592,4148,472.63
16.596,4149,491.76
16.600,4150,511.82
16.604,4151,524.74
16.608,4152,549.73
16.612,4153,553.8
16.616,4154,558.35
16.620,4155,558.94
16.624,4156,547.59
16.628,4157,535.21
16.632,4158,539.96
16.636,4159,527.1
16.640,4160,512.7
16.644,4161,513.25
16.648,4162,513.63
16.652,4163,508.41
16.656,4164,514.53
16.660,4165,503.13
16.664,4166,502.63
16.668,4167,487.25
16.672,4168,481.77
16.676,4169,476.73
16.680,4170,466.28
16.684,4171,461.29
16.688,4172,469.14
16.692,4173,482.33
16.696,4174,493.86
16.700,4175,512.91
16.704,4176,540.45
16.708,4177,555.12
16.712,4178,558.05
16.716,4179,560.42
16.720,4180,559.4
16.724,4181,553.91
16.728,4182,547.99
16.732,4183,538.75
16.736,4184,524.6
16.740,4185,524.26
16.744,4186,508.3
16.748,4187,518.85
16.752,4188,523.89
16.756,4189,510.97
16.760,4190,500.56
16.764,4191,506.22
16.768,4192,499.4
16.772,4193,484.83
16.776,4194,478.08
16.780,4195,476.08
16.784,4196,476.43
16.788,4197,476.97
16.792,4198,480.69
16.796,4199,502.34
16.800,4200,516.44
16.804,4201,539.16
16.808,4202,554.25
16.812,4203,563.96
16.816,4204,577.21
16.820,4205,568.86
16.824,4206,557.52
16.828,4207,555.56
16.832,4208,546.55
16.836,4209,534.91
16.840,4210,524.95
16.844,4211,522.4
16.848,4212,519.98
16.852,4213,519.29
16.856,4214,516.69
16.860,4215,514.66
16.864,4216,503.4
16.868,4217,500.65
16.872,4218,486.2
16.876,4219,483.33
16.880,4220,474.9
16.884,4221,477.94
16.888,4222,471.15
16.892,4223,493.09
16.896,4224,502.79
16.900,4225,524.3
16.904,4226,543.94
16.908,4227,560.0
16.912,4228,567.21
16.916,4229,573.4
16.920,4230,569.69
16.924,4231,566.41
16.928,4232,550.31
16.932,4233,545.03
16.936,4234,540.26
16.940,4235,535.24
16.944,4236,527.35
16.948,4237,526.91
16.952,4238,521.92
16.956,4239,522.0
16.960,4240,521.4
16.964,4241,506.48
16.968,4242,490.97
16.972,4243,486.1
16.976,4244,477.8
16.980,4245,467.11
16.984,4246,463.96
16.988,4247,471.27
16.992,4248,478.97
16.996,4249,503.15
17.000,4250,524.7
17.004,4251,538.95
17.008,4252,546.27
17.012,4253,563.3
17.016,4254,563.49
17.020,4255,566.34
17.024,4256,555.21
17.028,4257,552.65
17.032,4258,540.91
17.036,4259,527.35
17.040,4260,523.62
17.044,4261,517.58
17.048,4262,522.08
17.052,4263,506.2
17.056,4264,513.29
17.060,4265,512.33
17.064,4266,498.85
17.068,4267,488.83
17.072,4268,480.9
17.076,4269,466.7
17.080,4270,461.48
17.084,4271,457.79
17.088,4272,465.59
17.092,4273,468.51
17.096,4274,490.02
17.100,4275,512.98
17.104,4276,527.55
17.108,4277,542.97
17.112,4278,558.8
17.116,4279,565.93
17.120,4280,554.94
17.124,4281,555.98
17.128,4282,534.36
17.132,4283,527.35
17.136,4284,523.42
17.140,4285,515.28
17.144,4286,510.46
17.148,4287,511.31
17.152,4288,505.7
17.156,4289,507.44
17.160,4290,498.19
17.164,4291,490.64
17.168,4292,476.22
17.172,4293,475.84
17.176,4294,459.92
17.180,4295,460.75
17.184,4296,459.1
17.188,4297,458.67
17.192,4298,470.57
17.196,4299,486.66
17.200,4300,503.47
17.204,4301,516.89
17.208,4302,544.18
17.212,4303,546.83
17.216,4304,555.76
17.220,4305,553.21
17.224,4306,546.61
17.228,4307,536.67
17.232,4308,528.97
17.236,4309,512.52
17.240,4310,513.11
17.244,4311,505.71
17.248,4312,503.23
17.252,4313,500.25
17.256,4314,499.77
17.260,4315,498.21
17.264,4316,484.39
17.268,4317,472.95
17.272,4318,468.35
17.276,4319,462.7
17.280,4320,452.22
17.284,4321,457.44
17.288,4322,461.84
17.292,4323,473.14
17.296,4324,489.2
17.300,4325,503.07
17.304,4326,522.93
17.308,4327,533.82
17.312,4328,536.72
17.316,4329,553.85
17.320,4330,547.76
17.324,4331,543.67
17.328,4332,525.1
17.332,4333,528.37
17.336,4334,514.89
17.340,4335,506.69
17.344,4336,500.55
17.348,4337,500.18
17.352,4338,499.09
17.356,4339,496.87
17.360,4340,491.25
17.364,4341,489.47
17.368,4342,479.93
17.372,4343,474.55
17.376,4344,454.77
17.380,4345,453.73
17.384,4346,450.7
17.388,4347,460.54
17.392,4348,470.05
17.396,4349,489.71
17.400,4350,512.51
17.404,4351,524.0
17.408,4352,542.19
17.412,4353,548.19
17.416,4354,555.63
17.420,4355,555.05
17.424,4356,557.31
17.428,4357,534.94
17.432,4358,528.88
17.436,4359,520.58
17.440,4360,511.0
17.444,4361,511.71
17.448,4362,508.77
17.452,4363,508.4
17.456,4364,503.45
17.460,4365,505.58
17.464,4366,492.46
17.468,4367,485.8
17.472,4368,480.63
17.476,4369,473.61
17.480,4370,458.87
17.484,4371,463.23
17.488,4372,465.41
17.492,4373,481.11
17.496,4374,493.53
17.500,4375,518.79
17.504,4376,537.05
17.508,4377,543.18
17.512,4378,556.94
17.516,4379,560.26
17.520,4380,561.8
17.524,4381,548.71
17.528,4382,540.07
17.532,4383,540.79
17.536,4384,529.18
17.540,4385,524.38
17.544,4386,514.04
17.548,4387,511.87
17.552,4388,514.51
17.556,4389,519.23
17.560,4390,510.28
17.564,4391,504.23
17.568,4392,499.29
17.572,4393,486.02
17.576,4394,475.97
17.580,4395,470.76
17.584,4396,467.1
17.588,4397,479.11
17.592,4398,483.51
17.596,4399,497.12
17.600,4400,521.57
17.604,4401,541.47
17.608,4402,551.85
17.612,4403,567.72
17.616,4404,574.04
17.620,4405,555.08
17.624,4406,555.32
17.628,4407,554.49
17.632,4408,538.99
17.636,4409,540.43
17.640,4410,528.39
17.644,4411,522.84
17.648,4412,521.77
17.652,4413,519.06
17.656,4414,516.26
17.660,4415,515.44
17.664,4416,512.32
17.668,4417,493.03
17.672,4418,489.92
17.676,4419,477.73
17.680,4420,473.49
17.684,4421,468.77
17.688,4422,477.11
17.692,4423,483.17
17.696,4424,503.26
17.700,4425,520.94
17.704,4426,533.95
17.708,4427,558.14
17.712,4428,556.1
17.716,4429,570.54
17.720,4430,564.62
17.724,4431,565.14
17.728,4432,553.21
17.732,4433,547.43
17.736,4434,534.11
17.740,4435,527.26
17.744,4436,528.53
17.748,4437,520.23
17.752,4438,520.81
17.756,4439,524.66
17.760,4440,517.51
17.764,4441,515.92
17.768,4442,500.52
17.772,4443,486.09
17.776,4444,482.85
17.780,4445,475.64
17.784,4446,469.26
17.788,4447,477.06
17.792,4448,485.28
17.796,4449,503.27
17.800,4450,519.84
17.804,4451,537.61
17.808,4452,560.53
17.812,4453,566.27
17.816,4454,563.62
17.820,4455,568.12
17.824,4456,559.41
17.828,4457,552.12
17.832,4458,541.24
17.836,4459,532.32
17.840,4460,517.06
17.844,4461,513.34
17.848,4462,523.09
17.852,4463,516.04
17.856,4464,519.37
17.860,4465,511.86
17.864,4466,500.6
17.868,4467,486.51
17.872,4468,484.69
17.876,4469,474.91
17.880,4470,473.11
17.884,4471,463.57
17.888,4472,469.1
17.892,4473,472.15
17.896,4474,492.51
17.900,4475,514.24
17.904,4476,530.17
17.908,4477,543.63
17.912,4478,563.37
17.916,4479,568.52
17.920,4480,556.1
17.924,4481,554.02
17.928,4482,542.1
17.932,4483,539.11
17.936,4484,524.64
17.940,4485,519.03
17.944,4486,508.62
17.948,4487,515.51
17.952,4488,507.63
17.956,4489,514.13
17.960,4490,506.77
17.964,4491,492.76
17.968,4492,488.01
17.972,4493,476.26
17.976,4494,464.61
17.980,4495,461.78
17.984,4496,456.98
17.988,4497,461.64
17.992,4498,469.63
17.996,4499,484.77
18.000,4500,506.43
18.004,4501,525.21
18.008,4502,544.42
18.012,4503,545.34
18.016,4504,555.7
18.020,4505,559.97
18.024,4506,544.23
18.028,4507,533.05
18.032,4508,522.98
18.036,4509,520.47
18.040,4510,505.31
18.044,4511,506.29
18.048,4512,501.5
18.052,4513,500.64
18.056,4514,499.69
18.060,4515,495.29
18.064,4516,488.43
18.068,4517,480.37
18.072,4518,471.2
18.076,4519,458.68
18.080,4520,455.83
18.084,4521,450.5
18.088,4522,455.22
18.092,4523,468.01
18.096,4524,476.75
18.100,4525,498.89
18.104,4526,518.07
18.108,4527,532.46
18.112,4528,546.47
18.116,4529,549.15
18.120,4530,546.98
18.124,4531,548.24
18.128,4532,543.0
18.132,4533,528.31
18.136,4534,516.37
18.140,4535,512.95
18.144,4536,505.76
18.148,4537,501.64
18.152,4538,502.12
18.156,4539,498.53
18.160,4540,487.13
18.164,4541,485.92
18.168,4542,476.88
18.172,4543,471.89
18.176,4544,458.63
18.180,4545,447.03
18.184,4546,452.8
18.188,4547,458.91
18.192,4548,471.86
18.196,4549,486.24
18.200,4550,513.12
18.204,4551,518.87
18.208,4552,543.63
18.212,4553,553.11
18.216,4554,551.78
18.220,4555,552.57
18.224,4556,543.85
18.228,4557,537.04
18.232,4558,525.63
18.236,4559,516.66
18.240,4560,511.9
18.244,4561,504.02
18.248,4562,511.04
18.252,4563,509.22
18.256,4564,501.31
18.260,4565,503.81
18.264,4566,489.66
18.268,4567,477.81
18.272,4568,476.13
18.276,4569,467.82
18.280,4570,456.51
18.284,4571,460.41
18.288,4572,471.14
18.292,4573,486.52
18.296,4574,487.11
18.300,4575,510.82
18.304,4576,523.51
18.308,4577,555.9
18.312,4578,554.0
18.316,4579,564.2
18.320,4580,560.0
18.324,4581,549.25
18.328,4582,543.44
18.332,4583,528.81
18.336,4584,522.78
18.340,4585,517.82
18.344,4586,516.11
18.348,4587,504.55
18.352,4588,512.6
18.356,4589,521.51
18.360,4590,503.8
18.364,4591,502.46
18.368,4592,490.57
18.372,4593,470.92
18.376,4594,469.0
18.380,4595,464.09
18.384,4596,469.06
18.388,4597,470.52
18.392,4598,480.93
18.396,4599,500.62
18.400,4600,517.33
18.404,4601,535.04
18.408,4602,554.48
18.412,4603,557.43
18.416,4604,567.07
18.420,4605,571.72
18.424,4606,551.93
18.428,4607,548.05
18.432,4608,541.72
18.436,4609,533.05
18.440,4610,524.25
18.444,4611,523.53
18.448,4612,516.6
18.452,4613,523.18
18.456,4614,518.36
18.460,4615,521.03
18.464,4616,510.58
18.468,4617,500.38
18.472,4618,493.65
18.476,4619,475.41
18.480,4620,471.14
18.484,4621,464.01
18.488,4622,479.33
18.492,4623,493.46
18.496,4624,500.85
18.500,4625,516.64
18.504,4626,544.72
18.508,4627,553.2
18.512,4628,565.08
18.516,4629,578.03
18.520,4630,569.05
18.524,4631,563.34
18.528,4632,561.06
18.532,4633,546.66
18.536,4634,530.87
18.540,4635,534.41
18.544,4636,517.44
18.548,4637,526.56
18.552,4638,523.39
18.556,4639,517.44
18.560,4640,512.4
18.564,4641,504.27
18.568,4642,506.4
18.572,4643,489.57
18.576,4644,476.97
18.580,4645,475.26
18.584,4646,476.25
18.588,4647,477.32
18.592,4648,489.61
18.596,4649,506.37
18.600,4650,521.28
18.604,4651,540.8
18.608,4652,554.78
18.612,4653,562.0
18.616,4654,565.46
18.620,4655,570.73
18.624,4656,559.48
18.628,4657,552.54
18.632,4658,541.1
18.636,4659,536.6
18.640,4660,526.89
18.644,4661,522.8
18.648,4662,518.35
18.652,4663,517.65
18.656,4664,514.75
18.660,4665,512.88
18.664,4666,498.0
18.668,4667,495.39
18.672,4668,486.35
18.676,4669,476.69
18.680,4670,464.1
18.684,4671,465.03
18.688,4672,469.64
18.692,4673,479.61
18.696,4674,492.47
18.700,4675,511.34
18.704,4676,534.05
18.708,4677,551.12
18.712,4678,560.76
18.716,4679,561.11
18.720,4680,564.41
18.724,4681,555.33
18.728,4682,544.33
18.732,4683,531.98
18.736,4684,524.16
18.740,4685,522.01
18.744,4686,514.12
18.748,4687,512.2
18.752,4688,507.31
18.756,4689,520.31
18.760,4690,495.79
18.764,4691,489.7
18.768,4692,486.22
18.772,4693,478.48
18.776,4694,474.97
18.780,4695,463.19
18.784,4696,460.61
18.788,4697,467.51
18.792,4698,474.8
18.796,4699,482.16
18.800,4700,509.34
18.804,4701,527.53
18.808,4702,550.91
18.812,4703,549.96
18.816,4704,562.32
18.820,4705,550.15
18.824,4706,555.01
18.828,4707,539.65
18.832,4708,531.88
18.836,4709,521.92
18.840,4710,514.83
18.844,4711,508.28
18.848,4712,503.18
18.852,4713,503.87
18.856,4714,499.37
18.860,4715,497.78
18.864,4716,484.85
18.868,4717,482.6
18.872,4718,475.29
18.876,4719,466.5
18.880,4720,460.33
18.884,4721,454.08
18.888,4722,457.41
18.892,4723,467.74
18.896,4724,486.03
18.900,4725,505.82
18.904,4726,522.8
18.908,4727,531.8
18.912,4728,553.46
18.916,4729,554.48
18.920,4730,555.0
18.924,4731,544.72
18.928,4732,533.88
18.932,4733,532.27
18.936,4734,511.0
18.940,4735,501.74
18.944,4736,512.44
18.948,4737,503.53
18.952,4738,499.76
18.956,4739,497.26
18.960,4740,487.58
18.964,4741,496.34
18.968,4742,482.53
18.972,4743,471.43
18.976,4744,463.21
18.980,4745,449.85
18.984,4746,453.96
18.988,4747,461.25
18.992,4748,459.03
18.996,4749,486.17
19.000,4750,505.48
19.004,4751,521.61
19.008,4752,533.62
19.012,4753,547.49
19.016,4754,551.16
19.020,4755,553.14
19.024,4756,543.25
19.028,4757,539.07
19.032,4758,523.75
19.036,4759,514.73
19.040,4760,514.9
19.044,4761,505.77
19.048,4762,506.86
19.052,4763,498.67
19.056,4764,508.27
19.060,4765,492.6
19.064,4766,492.26
19.068,4767,482.01
19.072,4768,469.74
19.076,4769,462.41
19.080,4770,462.24
19.084,4771,463.06
19.088,4772,460.12
19.092,4773,470.77
19.096,4774,480.79
19.100,4775,514.04
19.104,4776,521.8
19.108,4777,538.55
19.112,4778,553.76
19.116,4779,561.27
19.120,4780,563.27
19.124,4781,559.71
19.128,4782,544.81
19.132,4783,529.82
19.136,4784,520.22
19.140,4785,515.68
19.144,4786,515.92
19.148,4787,514.95
19.152,4788,512.83
19.156,4789,501.22
19.160,4790,502.84
19.164,4791,504.49
19.168,4792,487.64
19.172,4793,479.42
19.176,4794,481.43
19.180,4795,464.09
19.184,4796,468.94
19.188,4797,475.61
19.192,4798,482.46
19.196,4799,493.83
19.200,4800,505.37
19.204,4801,529.96
19.208,4802,552.11
19.212,4803,563.07
19.216,4804,570.38
19.220,4805,560.11
19.224,4806,559.16
19.228,4807,540.93
19.232,4808,535.52
19.236,4809,532.25
19.240,4810,514.92
19.244,4811,523.18
19.248,4812,525.61
19.252,4813,511.72
19.256,4814,514.8
19.260,4815,518.95
19.264,4816,507.56
19.268,4817,498.18
19.272,4818,486.9
19.276,4819,471.68
19.280,4820,470.37
19.284,4821,474.82
19.288,4822,474.93
19.292,4823,488.52
19.296,4824,500.21
19.300,4825,516.96
19.304,4826,537.5
19.308,4827,551.01
19.312,4828,560.79
19.316,4829,571.01
19.320,4830,568.86
19.324,4831,559.69
19.328,4832,556.83
19.332,4833,540.08
19.336,4834,536.41
19.340,4835,530.04
19.344,4836,530.8
19.348,4837,523.7
19.352,4838,524.47
19.356,4839,519.79
19.360,4840,509.91
19.364,4841,512.25
19.368,4842,506.38
19.372,4843,488.84
19.376,4844,488.2
19.380,4845,477.07
19.384,4846,479.92
19.388,4847,475.88
19.392,4848,483.91
19.396,4849,503.48
19.400,4850,518.92
19.404,4851,541.17
19.408,4852,555.19
19.412,4853,567.62
19.416,4854,571.23
19.420,4855,566.16
19.424,4856,561.38
19.428,4857,558.95
19.432,4858,543.16
19.436,4859,528.74
19.440,4860,519.15
19.444,4861,521.79
19.448,4862,522.18
19.452,4863,515.1
19.456,4864,510.64
19.460,4865,515.87
19.464,4866,519.47
19.468,4867,500.8
19.472,4868,482.79
19.476,4869,476.59
19.480,4870,469.93
19.484,4871,463.66
19.488,4872,467.62
19.492,4873,483.32
19.496,4874,502.66
19.500,4875,518.89
19.504,4876,533.52
19.508,4877,553.89
19.512,4878,564.55
19.516,4879,562.99
19.520,4880,560.35
19.524,4881,561.08
19.528,4882,553.26
19.532,4883,539.72
19.536,4884,533.35
19.540,4885,527.47
19.544,4886,511.21
19.548,4887,517.08
19.552,4888,519.07
19.556,4889,516.18
19.560,4890,513.07
19.564,4891,497.96
19.568,4892,493.56
19.572,4893,483.29
19.576,4894,467.98
19.580,4895,464.39
19.584,4896,456.56
19.588,4897,462.91
19.592,4898,478.19
19.596,4899,496.63
19.600,4900,510.74
19.604,4901,535.2
19.608,4902,550.58
19.612,4903,551.27
19.616,4904,559.22
19.620,4905,555.88
19.624,4906,554.45
19.628,4907,544.23
19.632,4908,527.56
19.636,4909,524.97
19.640,4910,508.97
19.644,4911,514.7
19.648,4912,498.1
19.652,4913,505.8
19.656,4914,501.56
19.660,4915,502.85
19.664,4916,494.16
19.668,4917,474.95
19.672,4918,467.75
19.676,4919,461.04
19.680,4920,461.45
19.684,4921,461.58
19.688,4922,462.28
19.692,4923,475.92
19.696,4924,482.86
19.700,4925,505.96
19.704,4926,523.23
19.708,4927,534.07
19.712,4928,547.7
19.716,4929,552.22
19.720,4930,553.87
19.724,4931,547.43
19.728,4932,533.6
19.732,4933,523.19
19.736,4934,508.4
19.740,4935,511.16
19.744,4936,504.63
19.748,4937,502.96
19.752,4938,504.09
19.756,4939,497.97
19.760,4940,492.04
19.764,4941,486.67
19.768,4942,478.46
19.772,4943,470.32
19.776,4944,457.47
19.780,4945,451.65
19.784,4946,446.64
19.788,4947,455.03
19.792,4948,460.54
19.796,4949,480.74
19.800,4950,504.18
19.804,4951,521.35
19.808,4952,535.92
19.812,4953,546.57
19.816,4954,555.83
19.820,4955,546.14
19.824,4956,546.24
19.828,4957,532.17
19.832,4958,525.9
19.836,4959,515.08
19.840,4960,506.88
19.844,4961,506.42
19.848,4962,500.84
19.852,4963,497.63
19.856,4964,498.82
19.860,4965,491.89
19.864,4966,490.89
19.868,4967,478.86
19.872,4968,466.06
19.876,4969,463.23
19.880,4970,457.12
19.884,4971,453.53
19.888,4972,458.01
19.892,4973,473.91
19.896,4974,485.23
19.900,4975,506.19
19.904,4976,519.46
19.908,4977,542.3
19.912,4978,550.62
19.916,4979,558.21
19.920,4980,553.86
19.924,4981,545.74
19.928,4982,534.69
19.932,4983,528.59
19.936,4984,518.66
19.940,4985,508.83
19.944,4986,515.31
19.948,4987,512.82
19.952,4988,499.78
19.956,4989,497.78
19.960,4990,496.56
19.964,4991,496.81
19.968,4992,498.01
19.972,4993,472.51
19.976,4994,466.75
19.980,4995,467.21
19.984,4996,458.76
19.988,4997,470.21
19.992,4998,480.67
19.996,4999,492.96
20.000,5000,515.53
20.004,5001,534.66
20.008,5002,541.46
20.012,5003,557.55
20.016,5004,560.75
20.020,5005,562.24
20.024,5006,551.12
20.028,5007,542.77
20.032,5008,536.94
20.036,5009,527.79
20.040,5010,526.91
20.044,5011,518.5
20.048,5012,521.81
20.052,5013,520.53
20.056,5014,518.25
20.060,5015,495.84
20.064,5016,500.41
20.068,5017,496.44
20.072,5018,479.21
20.076,5019,473.13
20.080,5020,471.72
20.084,5021,468.05
20.088,5022,471.42
20.092,5023,490.86
20.096,5024,498.31
20.100,5025,523.29
20.104,5026,537.48
20.108,5027,554.14
20.112,5028,563.39
20.116,5029,566.37
20.120,5030,567.6
20.124,5031,556.76
20.128,5032,555.33
20.132,5033,543.17
20.136,5034,531.93
20.140,5035,530.27
20.144,5036,519.08
20.148,5037,513.65
20.152,5038,522.26
20.156,5039,513.32
20.160,5040,509.37
20.164,5041,508.96
20.168,5042,503.08
20.172,5043,485.85
20.176,5044,475.96
20.180,5045,479.18
20.184,5046,466.12
20.188,5047,479.93
20.192,5048,489.18
20.196,5049,500.43
20.200,5050,521.43
20.204,5051,537.17
20.208,5052,553.8
20.212,5053,566.73
20.216,5054,569.22
20.220,5055,563.99
20.224,5056,566.96
20.228,5057,552.14
20.232,5058,547.35
20.236,5059,534.31
20.240,5060,539.36
20.244,5061,526.28
20.248,5062,516.71
20.252,5063,515.44
20.256,5064,515.37
20.260,5065,513.14
20.264,5066,501.38
20.268,5067,494.18
20.272,5068,488.27
20.276,5069,472.3
20.280,5070,471.55
20.284,5071,471.29
20.288,5072,470.88
20.292,5073,488.02
20.296,5074,501.61
20.300,5075,524.08
20.304,5076,540.79
20.308,5077,552.92
20.312,5078,563.81
20.316,5079,570.79
20.320,5080,568.79
20.324,5081,553.84
20.328,5082,554.57
20.332,5083,538.04
20.336,5084,535.39
20.340,5085,524.57
20.344,5086,517.01
20.348,5087,517.49
20.352,5088,521.91
20.356,5089,511.01
20.360,5090,502.91
20.364,5091,501.71
20.368,5092,498.3
20.372,5093,488.99
20.376,5094,476.97
20.380,5095,457.63
20.384,5096,463.43
20.388,5097,466.89
20.392,5098,478.68
20.396,5099,490.55
20.400,5100,512.15
20.404,5101,526.84
20.408,5102,556.4
20.412,5103,557.94
20.416,5104,560.04
20.420,5105,555.41
20.424,5106,557.46
20.428,5107,546.15
20.432,5108,537.82
20.436,5109,525.07
20.440,5110,514.77
20.444,5111,509.45
20.448,5112,507.14
20.452,5113,507.21
20.456,5114,509.42
20.460,5115,500.19
20.464,5116,496.5
20.468,5117,488.91
20.472,5118,473.47
20.476,5119,469.41
20.480,5120,460.46
20.484,5121,458.61
20.488,5122,461.43
20.492,5123,472.85
20.496,5124,484.31
20.500,5125,502.77
20.504,5126,525.5
20.508,5127,543.69
20.512,5128,549.84
20.516,5129,557.26
20.520,5130,552.67
20.524,5131,543.81
20.528,5132,537.27
20.532,5133,528.22
20.536,5134,514.55
20.540,5135,508.0
20.544,5136,504.23
20.548,5137,504.91
20.552,5138,497.04
20.556,5139,502.02
20.560,5140,497.83
20.564,5141,490.72
20.568,5142,478.34
20.572,5143,471.24
20.576,5144,456.08
20.580,5145,450.9
20.584,5146,455.61
20.588,5147,451.73
20.592,5148,465.26
20.596,5149,481.31
20.600,5150,504.78
20.604,5151,514.98
20.608,5152,534.19
20.612,5153,543.05
20.616,5154,558.71
20.620,5155,549.52
20.624,5156,542.1
20.628,5157,535.12
20.632,5158,527.79
20.636,5159,506.88
20.640,5160,504.13
20.644,5161,505.38
20.648,5162,500.17
20.652,5163,495.9
20.656,5164,497.03
20.660,5165,496.58
20.664,5166,490.59
20.668,5167,488.04
20.672,5168,463.4
20.676,5169,454.63
20.680,5170,449.39
20.684,5171,456.8
20.688,5172,454.18
20.692,5173,462.71
20.696,5174,488.03
20.700,5175,500.6
20.704,5176,526.8
20.708,5177,539.22
20.712,5178,546.77
20.716,5179,557.9
20.720,5180,556.34
20.724,5181,552.84
20.728,5182,535.88
20.732,5183,526.13
20.736,5184,524.33
20.740,5185,516.37
20.744,5186,509.19
20.748,5187,503.14
20.752,5188,501.52
20.756,5189,498.37
20.760,5190,496.39
20.764,5191,493.04
20.768,5192,480.18
20.772,5193,477.76
20.776,5194,455.32
20.780,5195,456.26
20.784,5196,455.58
20.788,5197,465.74
20.792,5198,476.56
20.796,5199,485.68
20.800,5200,510.43
20.804,5201,524.25
20.808,5202,545.74
20.812,5203,550.87
20.816,5204,561.27
20.820,5205,565.49
20.824,5206,561.63
20.828,5207,548.61
20.832,5208,530.1
20.836,5209,523.26
20.840,5210,515.16
20.844,5211,512.77
20.848,5212,506.65
20.852,5213,510.34
20.856,5214,515.77
20.860,5215,516.54
20.864,5216,502.89
20.868,5217,493.07
20.872,5218,484.9
20.876,5219,466.66
20.880,5220,463.44
20.884,5221,468.89
20.888,5222,469.73
20.892,5223,480.34
20.896,5224,501.35
20.900,5225,509.19
20.904,5226,540.37
20.908,5227,548.56
20.912,5228,565.19
20.916,5229,567.9
20.920,5230,569.62
20.924,5231,564.46
20.928,5232,547.16
20.932,5233,544.45
20.936,5234,534.16
20.940,5235,531.3
20.944,5236,519.7
20.948,5237,524.9
20.952,5238,522.18
20.956,5239,515.81
20.960,5240,517.78
20.964,5241,505.71
20.968,5242,501.83
20.972,5243,487.59
20.976,5244,479.05
20.980,5245,472.59
20.984,5246,475.07
20.988,5247,475.5
20.992,5248,489.16
20.996,5249,505.19
21.000,5250,518.07
21.004,5251,543.91
21.008,5252,562.04
21.012,5253,569.14
21.016,5254,573.5
21.020,5255,567.08
21.024,5256,569.25
21.028,5257,548.48
21.032,5258,544.87
21.036,5259,541.33
21.040,5260,525.64
21.044,5261,526.56
21.048,5262,519.62
21.052,5263,524.07
21.056,5264,513.88
21.060,5265,513.86
21.064,5266,506.17
21.068,5267,499.89
21.072,5268,482.27
21.076,5269,485.52
21.080,5270,474.2
21.084,5271,469.48
21.088,5272,482.01
21.092,5273,486.73
21.096,5274,503.58
21.100,5275,522.2
21.104,5276,545.9
21.108,5277,555.87
21.112,5278,561.7
21.116,5279,570.89
21.120,5280,570.61
21.124,5281,562.21
21.128,5282,550.02
21.132,5283,538.86
21.136,5284,525.93
21.140,5285,527.69
21.144,5286,518.23
21.148,5287,516.92
21.152,5288,520.24
21.156,5289,520.42
21.160,5290,507.74
21.164,5291,503.49
21.168,5292,493.9
21.172,5293,486.91
21.176,5294,470.96
21.180,5295,465.2
21.184,5296,468.39
21.188,5297,468.75
21.192,5298,477.65
21.196,5299,497.3
21.200,5300,512.02
21.204,5301,532.92
21.208,5302,554.72
21.212,5303,559.47
21.216,5304,564.05
21.220,5305,560.98
21.224,5306,550.04
21.228,5307,547.03
21.232,5308,539.74
21.236,5309,531.24
21.240,5310,530.56
21.244,5311,513.67
21.248,5312,513.49
21.252,5313,506.91
21.256,5314,516.55
21.260,5315,508.82
21.264,5316,501.65
21.268,5317,490.71
21.272,5318,477.15
21.276,5319,457.72
21.280,5320,466.14
21.284,5321,462.08
21.288,5322,464.86
21.292,5323,471.11
21.296,5324,493.45
21.300,5325,509.51
21.304,5326,527.46
21.308,5327,537.81
21.312,5328,548.35
21.316,5329,556.93
21.320,5330,555.16
21.324,5331,544.72
21.328,5332,546.06
21.332,5333,526.77
21.336,5334,518.84
21.340,5335,513.16
21.344,5336,513.78
21.348,5337,502.7
21.352,5338,503.77
21.356,5339,497.33
21.360,5340,502.43
21.364,5341,492.99
21.368,5342,482.54
21.372,5343,472.52
21.376,5344,468.95
21.380,5345,454.63
21.384,5346,451.13
21.388,5347,455.71
21.392,5348,472.88
21.396,5349,486.82
21.400,5350,504.87
21.404,5351,518.85
21.408,5352,539.37
21.412,5353,550.35
21.416,5354,552.99
21.420,5355,550.51
21.424,5356,546.4
21.428,5357,536.52
21.432,5358,522.6
21.436,5359,514.03
21.440,5360,501.63
21.444,5361,506.85
21.448,5362,502.13
21.452,5363,507.67
21.456,5364,492.46
21.460,5365,496.29
21.464,5366,491.24
21.468,5367,476.91
21.472,5368,471.32
21.476,5369,461.04
21.480,5370,455.63
21.484,5371,451.19
21.488,5372,444.2
21.492,5373,468.18
21.496,5374,484.16
21.500,5375,499.56
21.504,5376,515.9
21.508,5377,539.25
21.512,5378,549.74
21.516,5379,559.31
21.520,5380,548.46
21.524,5381,550.12
21.528,5382,536.08
21.532,5383,523.84
21.536,5384,518.8
21.540,5385,513.74
21.544,5386,504.32
21.548,5387,511.02
21.552,5388,503.93
21.556,5389,497.26
21.560,5390,493.85
21.564,5391,496.16
21.568,5392,480.69
21.572,5393,473.14
21.576,5394,463.93
21.580,5395,456.85
21.584,5396,460.02
21.588,5397,459.14
21.592,5398,467.76
21.596,5399,479.1
21.600,5400,506.71
21.604,5401,525.01
21.608,5402,547.14
21.612,5403,550.52
21.616,5404,562.42
21.620,5405,556.02
21.624,5406,557.9
21.628,5407,537.9
21.632,5408,530.14
21.636,5409,525.56
21.640,5410,521.15
21.644,5411,516.08
21.648,5412,505.79
21.652,5413,514.71
21.656,5414,508.76
21.660,5415,498.59
21.664,5416,496.42
21.668,5417,488.38
21.672,5418,476.54
21.676,5419,475.75
21.680,5420,466.53
21.684,5421,467.8
21.688,5422,464.73
21.692,5423,472.75
21.696,5424,497.38
21.700,5425,514.62
21.704,5426,536.85
21.708,5427,552.17
21.712,5428,561.32
21.716,5429,568.9
21.720,5430,564.84
21.724,5431,559.19
21.728,5432,557.04
21.732,5433,544.21
21.736,5434,525.92
21.740,5435,517.32
21.744,5436,525.34
21.748,5437,516.55
21.752,5438,516.94
21.756,5439,513.88
21.760,5440,513.39
21.764,5441,503.9
21.768,5442,491.83
21.772,5443,479.33
21.776,5444,467.6
21.780,5445,466.7
21.784,5446,474.58
21.788,5447,470.83
21.792,5448,485.54
21.796,5449,506.14
21.800,5450,525.7
21.804,5451,536.99
21.808,5452,558.06
21.812,5453,564.74
21.816,5454,563.33
21.820,5455,573.6
21.824,5456,563.89
21.828,5457,550.54
21.832,5458,544.63
21.836,5459,536.04
21.840,5460,528.71
21.844,5461,520.26
21.848,5462,521.63
21.852,5463,522.54
21.856,5464,522.51
21.860,5465,514.68
21.864,5466,504.49
21.868,5467,501.36
21.872,5468,494.28
21.876,5469,477.44
21.880,5470,475.39
21.884,5471,476.11
21.888,5472,480.84
21.892,5473,492.83
21.896,5474,504.39
21.900,5475,527.45
21.904,5476,545.79
21.908,5477,552.85
21.912,5478,568.2
21.916,5479,572.53
21.920,5480,567.31
21.924,5481,562.19
21.928,5482,545.85
21.932,5483,546.26
21.936,5484,537.5
21.940,5485,531.82
21.944,5486,528.47
21.948,5487,518.64
21.952,5488,519.18
21.956,5489,523.96
21.960,5490,517.94
21.964,5491,503.74
21.968,5492,487.88
21.972,5493,485.86
21.976,5494,472.79
21.980,5495,470.65
21.984,5496,472.63
21.988,5497,467.45
21.992,5498,484.99
21.996,5499,494.64
22.000,5500,527.81
22.004,5501,536.46
22.008,5502,553.75
22.012,5503,558.29
22.016,5504,558.39
22.020,5505,561.38
22.024,5506,554.68
22.028,5507,553.41
22.032,5508,533.51
22.036,5509,531.94
22.040,5510,523.29
22.044,5511,516.88
22.048,5512,505.22
22.052,5513,511.61
22.056,5514,515.53
22.060,5515,509.51
22.064,5516,500.91
22.068,5517,485.08
22.072,5518,480.69
22.076,5519,471.39
22.080,5520,461.68
22.084,5521,463.62
22.088,5522,463.46
22.092,5523,468.85
22.096,5524,489.85
22.100,5525,507.99
22.104,5526,533.94
22.108,5527,547.5
22.112,5528,555.0
22.116,5529,557.43
22.120,5530,560.13
22.124,5531,557.14
22.128,5532,537.49
22.132,5533,528.18
22.136,5534,525.87
22.140,5535,516.17
22.144,5536,508.23
22.148,5537,512.47
22.152,5538,508.72
22.156,5539,500.62
22.160,5540,501.24
22.164,5541,493.12
22.168,5542,490.33
22.172,5543,475.57
22.176,5544,465.32
22.180,5545,457.25
22.184,5546,457.14
22.188,5547,454.0
22.192,5548,464.41
22.196,5549,487.43
22.200,5550,505.89
22.204,5551,521.11
22.208,5552,530.4
22.212,5553,544.75
22.216,5554,555.8
22.220,5555,552.55
22.224,5556,542.89
22.228,5557,532.08
22.232,5558,526.38
22.236,5559,515.4
22.240,5560,508.5
22.244,5561,503.02
22.248,5562,503.68
22.252,5563,503.04
22.256,5564,497.45
22.260,5565,502.54
22.264,5566,486.72
22.268,5567,480.5
22.272,5568,463.24
22.276,5569,455.9
22.280,5570,457.1
22.284,5571,454.86
22.288,5572,457.52
22.292,5573,464.84
22.296,5574,484.8
22.300,5575,498.05
22.304,5576,524.94
22.308,5577,526.03
22.312,5578,545.92
22.316,5579,549.04
22.320,5580,556.03
22.324,5581,543.68
22.328,5582,539.99
22.332,5583,530.57
22.336,5584,517.51
22.340,5585,502.5
22.344,5586,502.16
22.348,5587,501.43
22.352,5588,504.08
22.356,5589,502.27
22.360,5590,491.59
22.364,5591,493.45
22.368,5592,477.23
22.372,5593,469.7
22.376,5594,462.81
22.380,5595,455.0
22.384,5596,460.54
22.388,5597,463.73
22.392,5598,464.98
22.396,5599,481.82
22.400,5600,509.75
22.404,5601,524.45
22.408,5602,542.59
22.412,5603,551.29
22.416,5604,561.06
22.420,5605,558.04
22.424,5606,551.9
22.428,5607,536.79
22.432,5608,531.85
22.436,5609,514.06
22.440,5610,513.06
22.444,5611,507.76
22.448,5612,505.61
22.452,5613,504.18
22.456,5614,498.31
22.460,5615,507.59
22.464,5616,495.33
22.468,5617,486.58
22.472,5618,479.24
22.476,5619,472.28
22.480,5620,467.22
22.484,5621,459.01
22.488,5622,466.5
22.492,5623,473.31
22.496,5624,496.01
22.500,5625,512.08
22.504,5626,534.56
22.508,5627,550.38
22.512,5628,561.38
22.516,5629,565.41
22.520,5630,562.47
22.524,5631,551.01
22.528,5632,548.08
22.532,5633,543.45
22.536,5634,526.08
22.540,5635,518.65
22.544,5636,520.13
22.548,5637,522.77
22.552,5638,511.12
22.556,5639,504.03
22.560,5640,507.52
22.564,5641,503.9
22.568,5642,494.01
22.572,5643,483.46
22.576,5644,473.23
22.580,5645,466.46
22.584,5646,464.55
22.588,5647,474.25
22.592,5648,486.22
22.596,5649,493.66
22.600,5650,525.17
22.604,5651,539.45
22.608,5652,555.96
22.612,5653,563.69
22.616,5654,570.75
22.620,5655,563.99
22.624,5656,568.56
22.628,5657,558.55
22.632,5658,541.75
22.636,5659,528.41
22.640,5660,525.87
22.644,5661,525.61
22.648,5662,519.94
22.652,5663,517.39
22.656,5664,519.47
22.660,5665,511.46
22.664,5666,513.65
22.668,5667,503.0
22.672,5668,491.62
22.676,5669,476.7
22.680,5670,473.98
22.684,5671,476.21
22.688,5672,468.16
22.692,5673,488.28
22.696,5674,508.96
22.700,5675,529.23
22.704,5676,536.81
22.708,5677,557.57
22.712,5678,571.52
22.716,5679,576.87
22.720,5680,563.23
22.724,5681,556.07
22.728,5682,555.17
22.732,5683,546.16
22.736,5684,534.42
22.740,5685,526.8
22.744,5686,529.16
22.748,5687,528.0
22.752,5688,518.56
22.756,5689,519.59
22.760,5690,510.23
22.764,5691,514.93
22.768,5692,493.06
22.772,5693,483.92
22.776,5694,474.99
22.780,5695,467.76
22.784,5696,475.47
22.788,5697,484.19
22.792,5698,486.65
22.796,5699,499.93
22.800,5700,522.59
22.804,5701,534.5
22.808,5702,559.13
22.812,5703,564.3
22.816,5704,570.62
22.820,5705,564.52
22.824,5706,559.79
22.828,5707,544.39
22.832,5708,540.36
22.836,5709,534.41
22.840,5710,516.45
22.844,5711,515.57
22.848,5712,515.58
22.852,5713,514.91
22.856,5714,513.65
22.860,5715,509.57
22.864,5716,503.86
22.868,5717,493.12
22.872,5718,475.91
22.876,5719,474.1
22.880,5720,470.92
22.884,5721,465.41
22.888,5722,461.7
22.892,5723,480.31
22.896,5724,496.83
22.900,5725,509.3
22.904,5726,531.88
22.908,5727,552.23
22.912,5728,564.17
22.916,5729,562.62
22.920,5730,562.4
22.924,5731,552.96
22.928,5732,542.17
22.932,5733,538.71
22.936,5734,527.54
22.940,5735,519.11
22.944,5736,510.25
22.948,5737,516.07
22.952,5738,512.99
22.956,5739,501.51
22.960,5740,506.75
22.964,5741,496.04
22.968,5742,487.02
22.972,5743,467.21
22.976,5744,459.64
22.980,5745,462.74
22.984,5746,454.01
22.988,5747,464.78
22.992,5748,466.84
22.996,5749,481.85
23.000,5750,513.77
23.004,5751,528.14
23.008,5752,539.6
23.012,5753,551.66
23.016,5754,552.42
23.020,5755,555.02
23.024,5756,551.66
23.028,5757,535.56
23.032,5758,528.63
23.036,5759,510.54
23.040,5760,517.58
23.044,5761,510.23
23.048,5762,504.06
23.052,5763,501.6
23.056,5764,506.56
23.060,5765,494.77
23.064,5766,491.38
23.068,5767,479.33
23.072,5768,466.43
23.076,5769,464.65
23.080,5770,452.3
23.084,5771,454.27
23.088,5772,455.65
23.092,5773,467.3
23.096,5774,482.93
23.100,5775,499.56
23.104,5776,523.68
23.108,5777,536.2
23.112,5778,550.85
23.116,5779,555.07
23.120,5780,555.52
23.124,5781,542.21
23.128,5782,537.32
23.132,5783,523.64
23.136,5784,515.08
23.140,5785,505.6
23.144,5786,502.61
23.148,5787,505.21
23.152,5788,500.3
23.156,5789,496.95
23.160,5790,499.35
23.164,5791,490.72
23.168,5792,475.32
23.172,5793,470.38
23.176,5794,465.07
23.180,5795,458.61
23.184,5796,450.76
23.188,5797,453.32
23.192,5798,467.32
23.196,5799,490.16
23.200,5800,506.53
23.204,5801,513.17
23.208,5802,541.8
23.212,5803,540.55
23.216,5804,562.05
23.220,5805,556.46
23.224,5806,545.26
23.228,5807,537.96
23.232,5808,530.05
23.236,5809,516.47
23.240,5810,513.78
23.244,5811,507.65
23.248,5812,505.53
23.252,5813,511.81
23.256,5814,495.94
23.260,5815,500.54
23.264,5816,488.3
23.268,5817,484.22
23.272,5818,472.04
23.276,5819,475.82
23.280,5820,457.41
23.284,5821,457.76
23.288,5822,460.83
23.292,5823,478.02
23.296,5824,488.56
23.300,5825,506.89
23.304,5826,535.91
23.308,5827,547.69
23.312,5828,556.82
23.316,5829,570.41
23.320,5830,557.09
23.324,5831,550.22
23.328,5832,541.09
23.332,5833,539.04
23.336,5834,522.87
23.340,5835,523.66
23.344,5836,512.69
23.348,5837,506.38
23.352,5838,509.66
23.356,5839,512.45
23.360,5840,512.37
23.364,5841,506.36
23.368,5842,493.73
23.372,5843,484.95
23.376,5844,462.41
23.380,5845,467.87
23.384,5846,465.82
23.388,5847,469.42
23.392,5848,479.15
23.396,5849,501.45
23.400,5850,521.37
23.404,5851,543.56
23.408,5852,551.03
23.412,5853,559.75
23.416,5854,575.44
23.420,5855,565.42
23.424,5856,558.41
23.428,5857,545.66
23.432,5858,542.78
23.436,5859,534.55
23.440,5860,528.97
23.444,5861,522.7
23.448,5862,522.32
23.452,5863,521.48
23.456,5864,519.64
23.460,5865,518.48
23.464,5866,510.6
23.468,5867,498.93
23.472,5868,485.84
23.476,5869,481.83
23.480,5870,470.01
23.484,5871,470.42
23.488,5872,472.98
23.492,5873,495.37
23.496,5874,498.91
23.500,5875,524.17
23.504,5876,542.92
23.508,5877,559.65
23.512,5878,566.94
23.516,5879,572.21
23.520,5880,569.7
23.524,5881,553.22
23.528,5882,551.56
23.532,5883,549.75
23.536,5884,531.87
23.540,5885,528.93
23.544,5886,534.95
23.548,5887,518.65
23.552,5888,519.41
23.556,5889,518.53
23.560,5890,507.52
23.564,5891,505.25
23.568,5892,493.77
23.572,5893,491.25
23.576,5894,478.5
23.580,5895,464.43
23.584,5896,474.68
23.588,5897,479.94
23.592,5898,485.37
23.596,5899,506.34
23.600,5900,523.4
23.604,5901,535.88
23.608,5902,556.37
23.612,5903,566.71
23.616,5904,567.19
23.620,5905,564.82
23.624,5906,563.94
23.628,5907,561.85
23.632,5908,541.94
23.636,5909,533.56
23.640,5910,521.55
23.644,5911,520.53
23.648,5912,518.68
23.652,5913,516.69
23.656,5914,513.48
23.660,5915,511.69
23.664,5916,502.65
23.668,5917,500.44
23.672,5918,493.08
23.676,5919,472.07
23.680,5920,466.96
23.684,5921,468.45
23.688,5922,473.49
23.692,5923,478.71
23.696,5924,495.06
23.700,5925,518.03
23.704,5926,527.47
23.708,5927,558.44
23.712,5928,561.38
23.716,5929,563.38
23.720,5930,562.26
23.724,5931,551.83
23.728,5932,553.53
23.732,5933,535.34
23.736,5934,524.45
23.740,5935,526.17
23.744,5936,518.98
23.748,5937,511.91
23.752,5938,513.06
23.756,5939,507.82
23.760,5940,503.41
23.764,5941,496.92
23.768,5942,489.51
23.772,5943,482.06
23.776,5944,475.79
23.780,5945,452.44
23.784,5946,468.69
23.788,5947,467.92
23.792,5948,474.48
23.796,5949,488.26
23.800,5950,500.85
23.804,5951,531.44
23.808,5952,537.85
23.812,5953,555.45
23.816,5954,555.63
23.820,5955,549.08
23.824,5956,550.56
23.828,5957,541.06
23.832,5958,524.78
23.836,5959,522.54
23.840,5960,519.34
23.844,5961,509.86
23.848,5962,507.53
23.852,5963,501.57
23.856,5964,498.27
23.860,5965,496.61
23.864,5966,491.56
23.868,5967,481.95
23.872,5968,470.58
23.876,5969,471.66
23.880,5970,457.36
23.884,5971,449.56
23.888,5972,453.22
23.892,5973,461.8
23.896,5974,480.43
23.900,5975,505.27
23.904,5976,520.31
23.908,5977,534.41
23.912,5978,550.31
23.916,5979,554.76
23.920,5980,552.52
23.924,5981,544.46
23.928,5982,534.78
23.932,5983,519.25
23.936,5984,507.9
23.940,5985,505.26
23.944,5986,501.31
23.948,5987,499.29
23.952,5988,500.78
23.956,5989,497.7
23.960,5990,490.39
23.964,5991,488.46
23.968,5992,481.05
23.972,5993,467.42
23.976,5994,463.19
23.980,5995,454.77
23.984,5996,453.68
23.988,5997,455.41
23.992,5998,469.51
23.996,5999,486.51
24.000,6000,494.77
24.004,6001,525.48
24.008,6002,535.12
24.012,6003,550.76
24.016,6004,543.77
24.020,6005,549.95
24.024,6006,538.58
24.028,6007,535.42
24.032,6008,526.55
24.036,6009,518.43
24.040,6010,510.31
24.044,6011,501.41
24.048,6012,509.95
24.052,6013,498.47
24.056,6014,500.84
24.060,6015,495.3
24.064,6016,489.46
24.068,6017,477.29
24.072,6018,477.13
24.076,6019,466.49
24.080,6020,457.58
24.084,6021,455.53
24.088,6022,457.22
24.092,6023,471.75
24.096,6024,484.67
24.100,6025,507.53
24.104,6026,527.64
24.108,6027,541.2
24.112,6028,554.94
24.116,6029,560.67
24.120,6030,560.39
24.124,6031,558.91
24.128,6032,536.08
24.132,6033,526.8
24.136,6034,517.98
24.140,6035,515.6
24.144,6036,506.32
24.148,6037,509.01
24.152,6038,513.71
24.156,6039,511.71
24.160,6040,511.66
24.164,6041,502.07
24.168,6042,493.83
24.172,6043,477.62
24.176,6044,469.09
24.180,6045,467.9
24.184,6046,466.68
24.188,6047,460.59
24.192,6048,473.88
24.196,6049,491.66
24.200,6050,511.05
24.204,6051,538.67
24.208,6052,556.76
24.212,6053,562.02
24.216,6054,567.06
24.220,6055,572.3
24.224,6056,560.16
24.228,6057,551.36
24.232,6058,540.54
24.236,6059,531.63
24.240,6060,529.04
24.244,6061,522.81
24.248,6062,518.63
24.252,6063,515.89
24.256,6064,516.87
24.260,6065,505.43
24.264,6066,507.4
24.268,6067,497.1
24.272,6068,487.75
24.276,6069,472.54
24.280,6070,472.8
24.284,6071,470.41
24.288,6072,474.55
24.292,6073,487.12
24.296,6074,498.34
24.300,6075,514.62
24.304,6076,541.04
24.308,6077,546.41
24.312,6078,568.62
24.316,6079,579.36
24.320,6080,571.26
24.324,6081,566.86
24.328,6082,560.55
24.332,6083,547.98
24.336,6084,543.82
24.340,6085,524.56
24.344,6086,522.77
24.348,6087,524.26
24.352,6088,514.85
24.356,6089,519.47
24.360,6090,515.81
24.364,6091,514.02
24.368,6092,503.93
24.372,6093,492.4
24.376,6094,482.61
24.380,6095,473.62
24.384,6096,473.09
24.388,6097,479.64
24.392,6098,491.5
24.396,6099,500.38
24.400,6100,523.62
24.404,6101,540.08
24.408,6102,557.22
24.412,6103,571.58
24.416,6104,570.58
24.420,6105,566.36
24.424,6106,559.86
24.428,6107,551.58
24.432,6108,545.85
24.436,6109,533.44
24.440,6110,524.82
24.444,6111,526.17
24.448,6112,521.7
24.452,6113,522.63
24.456,6114,526.56
24.460,6115,521.15
24.464,6116,508.07
24.468,6117,498.67
24.472,6118,491.23
24.476,6119,482.17
24.480,6120,468.97
24.484,6121,463.85
24.488,6122,476.69
24.492,6123,484.79
24.496,6124,501.94
24.500,6125,520.05
24.504,6126,533.46
24.508,6127,549.81
24.512,6128,566.75
24.516,6129,566.28
24.520,6130,562.09
24.524,6131,557.4
24.528,6132,550.31
24.532,6133,536.06
24.536,6134,535.58
24.540,6135,524.85
24.544,6136,511.36
24.548,6137,516.09
24.552,6138,520.08
24.556,6139,524.83
24.560,6140,505.47
24.564,6141,500.41
24.568,6142,485.4
24.572,6143,482.41
24.576,6144,472.29
24.580,6145,464.76
24.584,6146,457.55
24.588,6147,469.43
24.592,6148,484.19
24.596,6149,497.86
24.600,6150,512.2
24.604,6151,528.86
24.608,6152,548.21
24.612,6153,554.64
24.616,6154,549.51
24.620,6155,551.02
24.624,6156,556.63
24.628,6157,546.68
24.632,6158,530.23
24.636,6159,518.08
24.640,6160,513.05
24.644,6161,504.84
24.648,6162,506.84
24.652,6163,513.5
24.656,6164,501.89
24.660,6165,496.97
24.664,6166,487.77
24.668,6167,484.54
24.672,6168,469.34
24.676,6169,465.99
24.680,6170,455.48
24.684,6171,461.78
24.688,6172,461.92
24.692,6173,472.13
24.696,6174,480.24
24.700,6175,504.39
24.704,6176,523.94
24.708,6177,539.76
24.712,6178,550.52
24.716,6179,554.13
24.720,6180,547.38
24.724,6181,535.82
24.728,6182,531.33
24.732,6183,529.37
24.736,6184,519.21
24.740,6185,513.71
24.744,6186,506.35
24.748,6187,503.98
24.752,6188,501.98
24.756,6189,493.12
24.760,6190,496.6
24.764,6191,486.49
24.768,6192,477.4
24.772,6193,465.49
24.776,6194,459.62
24.780,6195,457.08
24.784,6196,455.16
24.788,6197,452.77
24.792,6198,468.5
24.796,6199,483.09
24.800,6200,493.97
24.804,6201,524.42
24.808,6202,533.96
24.812,6203,549.79
24.816,6204,549.06
24.820,6205,553.96
24.824,6206,549.47
24.828,6207,536.08
24.832,6208,526.96
24.836,6209,513.08
24.840,6210,507.78
24.844,6211,500.7
24.848,6212,507.64
24.852,6213,507.23
24.856,6214,498.83
24.860,6215,497.06
24.864,6216,487.64
24.868,6217,476.05
24.872,6218,469.05
24.876,6219,456.99
24.880,6220,447.75
24.884,6221,455.45
24.888,6222,455.19
24.892,6223,470.09
24.896,6224,475.69
24.900,6225,505.51
24.904,6226,521.23
24.908,6227,537.57
24.912,6228,554.67
24.916,6229,555.65
24.920,6230,556.15
24.924,6231,548.97
24.928,6232,541.42
24.932,6233,526.25
24.936,6234,520.45
24.940,6235,513.09
24.944,6236,513.14
24.948,6237,506.41
24.952,6238,510.94
24.956,6239,508.45
24.960,6240,500.31
24.964,6241,499.09
24.968,6242,485.69
24.972,6243,474.68
24.976,6244,464.82
24.980,6245,457.58
24.984,6246,461.98
24.988,6247,464.96
24.992,6248,475.7
24.996,6249,496.5
25.000,6250,515.53
25.004,6251,531.36
25.008,6252,539.33
25.012,6253,560.19
25.016,6254,555.43
25.020,6255,558.55
25.024,6256,555.33
25.028,6257,552.9
25.032,6258,526.79
25.036,6259,521.7
25.040,6260,518.5
25.044,6261,520.42
25.048,6262,509.55
25.052,6263,512.08
25.056,6264,518.55
25.060,6265,513.51
25.064,6266,501.07
25.068,6267,498.64
25.072,6268,484.84
25.076,6269,471.62
25.080,6270,466.2
25.084,6271,465.35
25.088,6272,468.5
25.092,6273,485.76
25.096,6274,504.04
25.100,6275,513.08
25.104,6276,540.35
25.108,6277,549.56
25.112,6278,564.53
25.116,6279,570.95
25.120,6280,572.54
25.124,6281,562.13
25.128,6282,553.88
25.132,6283,549.23
25.136,6284,540.15
25.140,6285,531.31
25.144,6286,526.25
25.148,6287,523.55
25.152,6288,527.13
25.156,6289,521.78
25.160,6290,512.24
25.164,6291,508.73
25.168,6292,500.86
25.172,6293,483.39
25.176,6294,477.22
25.180,6295,479.99
25.184,6296,467.22
25.188,6297,478.58
25.192,6298,488.71
25.196,6299,507.2
25.200,6300,518.87
25.204,6301,537.51
25.208,6302,556.68
25.212,6303,564.83
25.216,6304,578.24
25.220,6305,571.31
25.224,6306,567.52
25.228,6307,550.57
25.232,6308,546.53
25.236,6309,544.88
25.240,6310,527.89
25.244,6311,519.56
25.248,6312,526.65
25.252,6313,519.03
25.256,6314,513.8
25.260,6315,510.35
25.264,6316,503.27
25.268,6317,500.77
25.272,6318,484.8
25.276,6319,475.07
25.280,6320,470.46
25.284,6321,472.06
25.288,6322,478.46
25.292,6323,490.54
25.296,6324,499.95
25.300,6325,523.77
25.304,6326,534.98
25.308,6327,560.62
25.312,6328,566.92
25.316,6329,570.0
25.320,6330,560.93
25.324,6331,564.51
25.328,6332,548.99
25.332,6333,537.84
25.336,6334,527.57
25.340,6335,521.43
25.344,6336,521.59
25.348,6337,519.2
25.352,6338,516.36
25.356,6339,521.51
25.360,6340,504.76
25.364,6341,503.87
25.368,6342,487.95
25.372,6343,484.89
25.376,6344,475.13
25.380,6345,466.65
25.384,6346,466.4
25.388,6347,471.14
25.392,6348,481.32
25.396,6349,489.4
25.400,6350,516.76
25.404,6351,538.57
25.408,6352,551.62
25.412,6353,556.66
25.416,6354,569.97
25.420,6355,561.36
25.424,6356,558.31
25.428,6357,546.54
25.432,6358,538.94
25.436,6359,517.32
25.440,6360,513.47
25.444,6361,514.45
25.448,6362,509.24
25.452,6363,507.38
25.456,6364,512.69
25.460,6365,500.15
25.464,6366,496.6
25.468,6367,487.41
25.472,6368,474.38
25.476,6369,456.24
25.480,6370,451.34
25.484,6371,456.04
25.488,6372,470.34
25.492,6373,469.27
25.496,6374,487.66
25.500,6375,514.43
25.504,6376,524.65
25.508,6377,542.15
25.512,6378,552.01
25.516,6379,551.9
25.520,6380,550.16
25.524,6381,544.93
25.528,6382,537.19
25.532,6383,523.75
25.536,6384,515.33
25.540,6385,511.42
25.544,6386,511.01
25.548,6387,513.61
25.552,6388,500.09
25.556,6389,502.06
25.560,6390,492.86
25.564,6391,487.42
25.568,6392,473.7
25.572,6393,477.03
25.576,6394,458.79
25.580,6395,457.79
25.584,6396,448.2
25.588,6397,447.66
25.592,6398,474.67
25.596,6399,477.16
25.600,6400,498.04
25.604,6401,525.56
25.608,6402,536.91
25.612,6403,546.65
25.616,6404,557.42
25.620,6405,549.5
25.624,6406,547.38
25.628,6407,529.72
25.632,6408,530.05
25.636,6409,512.95
25.640,6410,509.17
25.644,6411,501.63
25.648,6412,499.43
25.652,6413,500.55
25.656,6414,503.54
25.660,6415,494.97
25.664,6416,490.07
25.668,6417,478.31
25.672,6418,475.25
25.676,6419,454.69
25.680,6420,447.52
25.684,6421,458.57
25.688,6422,449.12
25.692,6423,475.66
25.696,6424,484.72
25.700,6425,505.3
25.704,6426,523.63
25.708,6427,535.73
25.712,6428,551.49
25.716,6429,562.47
25.720,6430,557.96
25.724,6431,543.99
25.728,6432,542.49
25.732,6433,522.72
25.736,6434,517.57
25.740,6435,512.51
25.744,6436,513.14
25.748,6437,501.0
25.752,6438,509.91
25.756,6439,502.44
25.760,6440,493.8
25.764,6441,497.86
25.768,6442,483.28
25.772,6443,466.86
25.776,6444,468.82
25.780,6445,452.72
25.784,6446,456.79
25.788,6447,458.8
25.792,6448,471.22
25.796,6449,494.96
25.800,6450,512.05
25.804,6451,522.39
25.808,6452,543.67
25.812,6453,556.02
25.816,6454,566.18
25.820,6455,561.46
25.824,6456,548.63
25.828,6457,539.1
25.832,6458,536.88
25.836,6459,528.39
25.840,6460,516.49
25.844,6461,512.7
25.848,6462,515.68
25.852,6463,514.02
25.856,6464,500.78
25.860,6465,506.52
25.864,6466,504.45
25.868,6467,486.32
25.872,6468,485.69
25.876,6469,467.99
25.880,6470,467.75
25.884,6471,462.28
25.888,6472,464.2
25.892,6473,482.7
25.896,6474,497.52
25.900,6475,522.9
25.904,6476,539.03
25.908,6477,545.45
25.912,6478,564.25
25.916,6479,571.82
25.920,6480,570.1
25.924,6481,567.93
25.928,6482,559.02
25.932,6483,538.27
25.936,6484,533.68
25.940,6485,535.2
25.944,6486,526.92
25.948,6487,517.46
25.952,6488,513.16
25.956,6489,511.36
25.960,6490,516.4
25.964,6491,506.76
25.968,6492,497.44
25.972,6493,485.67
25.976,6494,475.18
25.980,6495,474.78
25.984,6496,470.9
25.988,6497,477.57
25.992,6498,480.29
25.996,6499,509.95
26.000,6500,526.23
26.004,6501,544.5
26.008,6502,547.89
26.012,6503,570.66
26.016,6504,566.14
26.020,6505,572.21
26.024,6506,568.74
26.028,6507,558.9
26.032,6508,547.2
26.036,6509,542.54
26.040,6510,529.05
26.044,6511,521.17
26.048,6512,520.41
26.052,6513,521.51
26.056,6514,522.89
26.060,6515,511.26
26.064,6516,511.98
26.068,6517,499.38
26.072,6518,487.24
26.076,6519,475.75
26.080,6520,471.08
26.084,6521,472.66
26.088,6522,475.27
26.092,6523,489.84
26.096,6524,496.11
26.100,6525,515.17
26.104,6526,535.39
26.108,6527,559.68
26.112,6528,565.42
26.116,6529,570.68
26.120,6530,571.3
26.124,6531,564.94
26.128,6532,550.48
26.132,6533,536.38
26.136,6534,531.28
26.140,6535,519.65
26.144,6536,521.3
26.148,6537,516.43
26.152,6538,519.35
26.156,6539,516.89
26.160,6540,510.43
26.164,6541,507.44
26.168,6542,506.82
26.172,6543,477.5
26.176,6544,484.82
26.180,6545,464.52
26.184,6546,461.3
26.188,6547,467.31
26.192,6548,484.7
26.196,6549,498.2
26.200,6550,513.2
26.204,6551,531.7
26.208,6552,546.54
26.212,6553,562.54
26.216,6554,569.62
26.220,6555,561.84
26.224,6556,553.41
26.228,6557,544.81
26.232,6558,526.45
26.236,6559,525.98
26.240,6560,520.68
26.244,6561,513.38
26.248,6562,510.67
26.252,6563,515.8
26.256,6564,510.4
26.260,6565,506.4
26.264,6566,499.82
26.268,6567,488.9
26.272,6568,482.94
26.276,6569,462.4
26.280,6570,461.01
26.284,6571,450.27
26.288,6572,462.15
26.292,6573,482.43
26.296,6574,484.84
26.300,6575,503.91
26.304,6576,526.36
26.308,6577,545.69
26.312,6578,555.56
26.316,6579,555.11
26.320,6580,562.38
26.324,6581,548.65
26.328,6582,543.67
26.332,6583,534.9
26.336,6584,515.17
26.340,6585,506.14
26.344,6586,510.04
26.348,6587,506.55
26.352,6588,504.64
26.356,6589,503.5
26.360,6590,497.83
26.364,6591,497.53
26.368,6592,469.86
26.372,6593,476.46
26.376,6594,462.72
26.380,6595,454.56
26.384,6596,449.57
26.388,6597,462.96
26.392,6598,464.11
26.396,6599,484.9
26.400,6600,507.5
26.404,6601,514.83
26.408,6602,538.44
26.412,6603,549.19
26.416,6604,554.27
26.420,6605,549.18
26.424,6606,546.85
26.428,6607,539.08
26.432,6608,523.32
26.436,6609,523.61
26.440,6610,503.94
26.444,6611,501.75
26.448,6612,507.38
26.452,6613,500.61
26.456,6614,495.85
26.460,6615,493.82
26.464,6616,494.93
26.468,6617,482.88
26.472,6618,465.68
26.476,6619,452.42
26.480,6620,459.48
26.484,6621,453.11
26.488,6622,455.21
26.492,6623,464.22
26.496,6624,475.49
26.500,6625,497.2
26.504,6626,522.41
26.508,6627,535.19
26.512,6628,554.74
26.516,6629,556.67
26.520,6630,549.32
26.524,6631,541.67
26.528,6632,541.17
26.532,6633,524.33
26.536,6634,527.38
26.540,6635,510.61
26.544,6636,500.96
26.548,6637,496.57
26.552,6638,500.91
26.556,6639,507.97
26.560,6640,497.42
26.564,6641,481.87
26.568,6642,480.4
26.572,6643,471.63
26.576,6644,468.99
26.580,6645,459.03
26.584,6646,455.5
26.588,6647,462.28
26.592,6648,481.09
26.596,6649,492.54
26.600,6650,504.22
26.604,6651,528.8
26.608,6652,546.72
26.612,6653,562.66
26.616,6654,559.48
26.620,6655,555.88
26.624,6656,552.45
26.628,6657,539.88
26.632,6658,532.34
26.636,6659,519.63
26.640,6660,516.49
26.644,6661,506.87
26.648,6662,514.51
26.652,6663,513.55
26.656,6664,502.19
26.660,6665,508.09
26.664,6666,496.42
26.668,6667,495.43
26.672,6668,483.75
26.676,6669,474.87
26.680,6670,466.75
26.684,6671,459.07
26.688,6672,459.95
26.692,6673,479.97
26.696,6674,490.48
26.700,6675,515.25
26.704,6676,527.44
26.708,6677,552.66
26.712,6678,562.76
26.716,6679,560.58
26.720,6680,560.68
26.724,6681,560.06
26.728,6682,552.67
26.732,6683,539.97
26.736,6684,527.36
26.740,6685,524.29
26.744,6686,519.0
26.748,6687,516.15
26.752,6688,511.83
26.756,6689,516.0
26.760,6690,508.8
26.764,6691,505.05
26.768,6692,488.54
26.772,6693,489.81
26.776,6694,474.92
26.780,6695,471.24
26.784,6696,475.68
26.788,6697,480.79
26.792,6698,488.28
26.796,6699,497.57
26.800,6700,520.09
26.804,6701,540.42
26.808,6702,556.3
26.812,6703,566.8
26.816,6704,574.37
26.820,6705,572.41
26.824,6706,568.32
26.828,6707,557.33
26.832,6708,541.02
26.836,6709,533.43
26.840,6710,528.0
26.844,6711,525.78
26.848,6712,520.36
26.852,6713,521.27
26.856,6714,518.17
26.860,6715,513.41
26.864,6716,510.48
26.868,6717,503.3
26.872,6718,496.42
26.876,6719,483.91
26.880,6720,471.8
26.884,6721,477.0
26.888,6722,470.88
26.892,6723,489.11
26.896,6724,501.02
26.900,6725,519.62
26.904,6726,548.31
26.908,6727,554.48
26.912,6728,567.94
26.916,6729,573.95
26.920,6730,569.95
26.924,6731,558.06
26.928,6732,555.19
26.932,6733,542.05
26.936,6734,533.68
26.940,6735,527.12
26.944,6736,524.9
26.948,6737,522.7
26.952,6738,513.75
26.956,6739,518.67
26.960,6740,520.68
26.964,6741,499.06
26.968,6742,493.61
26.972,6743,484.02
26.976,6744,469.12
26.980,6745,463.08
26.984,6746,464.91
26.988,6747,477.83
26.992,6748,482.42
26.996,6749,495.77
27.000,6750,517.21
27.004,6751,538.21
27.008,6752,553.79
27.012,6753,562.64
27.016,6754,577.49
27.020,6755,566.28
27.024,6756,560.24
27.028,6757,546.59
27.032,6758,534.65
27.036,6759,523.98
27.040,6760,516.44
27.044,6761,519.53
27.048,6762,515.82
27.052,6763,511.28
27.056,6764,510.24
27.060,6765,511.59
27.064,6766,499.48
27.068,6767,490.97
27.072,6768,481.35
27.076,6769,472.36
27.080,6770,460.6
27.084,6771,452.04
27.088,6772,458.5
27.092,6773,478.29
27.096,6774,490.12
27.100,6775,509.38
27.104,6776,522.2
27.108,6777,541.42
27.112,6778,555.68
27.116,6779,559.78
27.120,6780,553.58
27.124,6781,546.54
27.128,6782,549.07
27.132,6783,529.74
27.136,6784,520.84
27.140,6785,508.88
27.144,6786,506.86
27.148,6787,506.74
27.152,6788,501.91
27.156,6789,504.75
27.160,6790,495.52
27.164,6791,490.17
27.168,6792,480.52
27.172,6793,466.5
27.176,6794,457.08
27.180,6795,457.2
27.184,6796,450.94
27.188,6797,458.81
27.192,6798,469.64
27.196,6799,487.2
27.200,6800,507.54
27.204,6801,520.13
27.208,6802,533.78
27.212,6803,549.88
27.216,6804,557.07
27.220,6805,550.67
27.224,6806,545.18
27.228,6807,535.02
27.232,6808,524.7
27.236,6809,518.55
27.240,6810,507.53
27.244,6811,507.46
27.248,6812,504.73
27.252,6813,510.51
27.256,6814,497.07
27.260,6815,500.49
27.264,6816,492.29
27.268,6817,474.94
27.272,6818,471.71
27.276,6819,462.34
27.280,6820,450.98
27.284,6821,442.11
27.288,6822,459.64
27.292,6823,462.35
27.296,6824,482.7
27.300,6825,494.92
27.304,6826,523.04
27.308,6827,529.2
27.312,6828,545.11
27.316,6829,549.97
27.320,6830,550.82
27.324,6831,538.54
27.328,6832,536.88
27.332,6833,526.72
27.336,6834,514.24
27.340,6835,507.91
27.344,6836,494.16
27.348,6837,509.85
27.352,6838,501.57
27.356,6839,503.34
27.360,6840,497.64
27.364,6841,490.53
27.368,6842,484.04
27.372,6843,468.56
27.376,6844,465.85
27.380,6845,461.82
27.384,6846,455.07
27.388,6847,458.55
27.392,6848,474.17
27.396,6849,487.97
27.400,6850,503.65
27.404,6851,522.63
27.408,6852,540.58
27.412,6853,554.24
27.416,6854,554.13
27.420,6855,558.11
27.424,6856,556.61
27.428,6857,541.87
27.432,6858,529.17
27.436,6859,522.78
27.440,6860,512.25
27.444,6861,505.83
27.448,6862,505.68
27.452,6863,502.44
27.456,6864,510.18
27.460,6865,500.73
27.464,6866,488.78
27.468,6867,489.33
27.472,6868,478.69
27.476,6869,469.24
27.480,6870,456.51
27.484,6871,456.27
27.488,6872,472.8
27.492,6873,474.51
27.496,6874,494.9
27.500,6875,512.49
27.504,6876,525.38
27.508,6877,541.17
27.512,6878,560.23
27.516,6879,562.02
27.520,6880,561.0
27.524,6881,560.14
27.528,6882,540.27
27.532,6883,536.47
27.536,6884,532.51
27.540,6885,524.74
27.544,6886,516.56
27.548,6887,517.95
27.552,6888,517.78
27.556,6889,510.19
27.560,6890,504.07
27.564,6891,506.96
27.568,6892,494.8
27.572,6893,491.78
27.576,6894,472.67
27.580,6895,473.03
27.584,6896,471.18
27.588,6897,474.78
27.592,6898,484.04
27.596,6899,496.22
27.600,6900,517.68
27.604,6901,535.71
27.608,6902,553.83
27.612,6903,560.64
27.616,6904,570.72
27.620,6905,575.61
27.624,6906,558.71
27.628,6907,555.01
27.632,6908,535.15
27.636,6909,535.69
27.640,6910,528.14
27.644,6911,519.61
27.648,6912,523.72
27.652,6913,520.99
27.656,6914,526.06
27.660,6915,515.4
27.664,6916,509.89
27.668,6917,498.63
27.672,6918,484.47
27.676,6919,489.93
27.680,6920,473.88
27.684,6921,473.0
27.688,6922,476.88
27.692,6923,481.59
27.696,6924,497.9
27.700,6925,515.28
27.704,6926,545.9
27.708,6927,558.48
27.712,6928,566.0
27.716,6929,566.32
27.720,6930,567.26
27.724,6931,563.69
27.728,6932,549.62
27.732,6933,547.66
27.736,6934,531.71
27.740,6935,526.98
27.744,6936,523.64
27.748,6937,513.34
27.752,6938,524.16
27.756,6939,519.12
27.760,6940,506.0
27.764,6941,506.43
27.768,6942,497.35
27.772,6943,484.07
27.776,6944,479.94
27.780,6945,476.77
27.784,6946,471.74
27.788,6947,469.26
27.792,6948,482.9
27.796,6949,493.36
27.800,6950,520.51
27.804,6951,534.14
27.808,6952,554.88
27.812,6953,567.65
27.816,6954,572.45
27.820,6955,568.11
27.824,6956,559.59
27.828,6957,544.38
27.832,6958,549.01
27.836,6959,539.69
27.840,6960,523.48
27.844,6961,521.34
27.848,6962,512.89
27.852,6963,514.6
27.856,6964,514.12
27.860,6965,507.39
27.864,6966,509.76
27.868,6967,494.51
27.872,6968,480.15
27.876,6969,471.21
27.880,6970,467.08
27.884,6971,458.01
27.888,6972,470.73
27.892,6973,479.22
27.896,6974,498.53
27.900,6975,514.67
27.904,6976,528.96
27.908,6977,544.44
27.912,6978,563.24
27.916,6979,563.82
27.920,6980,562.75
27.924,6981,556.0
27.928,6982,543.45
27.932,6983,528.79
27.936,6984,530.88
27.940,6985,515.87
27.944,6986,517.51
27.948,6987,509.84
27.952,6988,513.26
27.956,6989,503.21
27.960,6990,497.13
27.964,6991,494.25
27.968,6992,483.97
27.972,6993,477.93
27.976,6994,466.87
27.980,6995,452.6
27.984,6996,454.11
27.988,6997,455.94
27.992,6998,469.16
27.996,6999,487.38
28.000,7000,503.64
28.004,7001,529.17
28.008,7002,541.79
28.012,7003,547.36
28.016,7004,560.4
28.020,7005,557.24
28.024,7006,547.72
28.028,7007,535.77
28.032,7008,534.43
28.036,7009,520.5
28.040,7010,506.08
28.044,7011,506.86
28.048,7012,500.84
28.052,7013,506.52
28.056,7014,496.81
28.060,7015,494.24
28.064,7016,487.43
28.068,7017,482.51
28.072,7018,465.93
28.076,7019,460.53
28.080,7020,445.35
28.084,7021,455.82
28.088,7022,446.3
28.092,7023,468.55
28.096,7024,484.62
28.100,7025,500.18
28.104,7026,525.14
28.108,7027,541.07
28.112,7028,551.69
28.116,7029,556.62
28.120,7030,551.94
28.124,7031,542.66
28.128,7032,535.72
28.132,7033,528.74
28.136,7034,514.96
28.140,7035,498.85
28.144,7036,497.79
28.148,7037,509.9
28.152,7038,498.38
28.156,7039,497.43
28.160,7040,499.73
28.164,7041,492.88
28.168,7042,482.43
28.172,7043,470.53
28.176,7044,452.06
28.180,7045,463.1
28.184,7046,451.4
28.188,7047,462.12
28.192,7048,469.35
28.196,7049,482.64
28.200,7050,502.49
28.204,7051,521.67
28.208,7052,544.97
28.212,7053,544.25
28.216,7054,555.91
28.220,7055,560.3
28.224,7056,544.8
28.228,7057,537.68
28.232,7058,522.71
28.236,7059,525.02
28.240,7060,507.39
28.244,7061,510.75
28.248,7062,498.67
28.252,7063,502.26
28.256,7064,504.98
28.260,7065,495.9
28.264,7066,492.85
28.268,7067,479.59
28.272,7068,475.23
28.276,7069,460.9
28.280,7070,455.22
28.284,7071,459.37
28.288,7072,455.68
28.292,7073,476.99
28.296,7074,487.34
28.300,7075,515.9
28.304,7076,526.32
28.308,7077,541.04
28.312,7078,556.18
28.316,7079,564.75
28.320,7080,549.88
28.324,7081,550.91
28.328,7082,549.29
28.332,7083,530.06
28.336,7084,520.46
28.340,7085,512.53
28.344,7086,513.82
28.348,7087,508.62
28.352,7088,514.66
28.356,7089,505.29
28.360,7090,505.7
28.364,7091,500.38
28.368,7092,489.82
28.372,7093,481.26
28.376,7094,469.13
28.380,7095,463.26
28.384,7096,470.58
28.388,7097,472.36
28.392,7098,483.5
28.396,7099,502.15
28.400,7100,518.43
28.404,7101,534.48
28.408,7102,554.12
28.412,7103,561.95
28.416,7104,574.88
28.420,7105,567.54
28.424,7106,560.68
28.428,7107,557.46
28.432,7108,544.4
28.436,7109,529.32
28.440,7110,527.51
28.444,7111,516.69
28.448,7112,519.16
28.452,7113,519.97
28.456,7114,518.14
28.460,7115,513.11
28.464,7116,503.37
28.468,7117,499.77
28.472,7118,490.21
28.476,7119,475.92
28.480,7120,472.23
28.484,7121,472.98
28.488,7122,477.82
28.492,7123,488.26
28.496,7124,504.69
28.500,7125,523.93
28.504,7126,543.11
28.508,7127,557.98
28.512,7128,565.06
28.516,7129,573.21
28.520,7130,567.82
28.524,7131,561.75
28.528,7132,555.98
28.532,7133,544.53
28.536,7134,532.42
28.540,7135,530.63
28.544,7136,521.38
28.548,7137,524.37
28.552,7138,516.11
28.556,7139,524.83
28.560,7140,517.46
28.564,7141,510.57
28.568,7142,499.55
28.572,7143,483.76
28.576,7144,472.81
28.580,7145,473.26
28.584,7146,469.95
28.588,7147,477.36
28.592,7148,490.97
28.596,7149,504.22
28.600,7150,517.21
28.604,7151,542.07
28.608,7152,552.8
28.612,7153,567.58
28.616,7154,572.92
28.620,7155,566.85
28.624,7156,568.15
28.628,7157,551.26
28.632,7158,542.21
28.636,7159,537.8
28.640,7160,526.52
28.644,7161,518.24
28.648,7162,518.1
28.652,7163,519.12
28.656,7164,514.33
28.660,7165,509.85
28.664,7166,508.69
28.668,7167,494.7
28.672,7168,491.83
28.676,7169,474.47
28.680,7170,464.33
28.684,7171,465.73
28.688,7172,474.88
28.692,7173,479.45
28.696,7174,501.81
28.700,7175,515.71
28.704,7176,535.6
28.708,7177,546.68
28.712,7178,560.3
28.716,7179,564.57
28.720,7180,567.06
28.724,7181,554.26
28.728,7182,540.07
28.732,7183,531.26
28.736,7184,523.48
28.740,7185,521.69
28.744,7186,511.28
28.748,7187,508.77
28.752,7188,510.09
28.756,7189,509.07
28.760,7190,504.5
28.764,7191,492.67
28.768,7192,487.07
28.772,7193,481.49
28.776,7194,469.45
28.780,7195,462.67
28.784,7196,456.37
28.788,7197,462.7
28.792,7198,469.42
28.796,7199,492.26
28.800,7200,511.7
28.804,7201,525.73
28.808,7202,540.72
28.812,7203,549.5
28.816,7204,556.81
28.820,7205,562.26
28.824,7206,546.01
28.828,7207,540.0
28.832,7208,532.16
28.836,7209,518.71
28.840,7210,506.88
28.844,7211,509.25
28.848,7212,511.91
28.852,7213,505.12
28.856,7214,502.27
28.860,7215,498.03
28.864,7216,482.77
28.868,7217,483.17
28.872,7218,469.45
28.876,7219,458.04
28.880,7220,460.01
28.884,7221,449.66
28.888,7222,458.42
28.892,7223,463.8
28.896,7224,485.81
28.900,7225,497.32
28.904,7226,522.33
28.908,7227,537.65
28.912,7228,550.89
28.916,7229,547.37
28.920,7230,549.29
28.924,7231,541.21
28.928,7232,537.81
28.932,7233,517.6
28.936,7234,513.71
28.940,7235,510.43
28.944,7236,505.16
28.948,7237,496.43
28.952,7238,505.93
28.956,7239,499.83
28.960,7240,499.6
28.964,7241,487.18
28.968,7242,479.85
28.972,7243,470.17
28.976,7244,458.16
28.980,7245,462.36
28.984,7246,451.04
28.988,7247,458.26
28.992,7248,465.28
28.996,7249,481.56
29.000,7250,501.9
29.004,7251,518.34
29.008,7252,533.37
29.012,7253,548.3
29.016,7254,551.33
29.020,7255,560.19
29.024,7256,544.65
29.028,7257,533.37
29.032,7258,528.29
29.036,7259,523.8
29.040,7260,503.81
29.044,7261,511.33
29.048,7262,500.5
29.052,7263,501.89
29.056,7264,496.62
29.060,7265,496.53
29.064,7266,486.32
29.068,7267,480.47
29.072,7268,471.44
29.076,7269,462.92
29.080,7270,458.31
29.084,7271,457.16
29.088,7272,460.75
29.092,7273,477.38
29.096,7274,488.97
29.100,7275,512.0
29.104,7276,526.59
29.108,7277,539.63
29.112,7278,547.91
29.116,7279,547.16
29.120,7280,555.45
29.124,7281,546.39
29.128,7282,541.7
29.132,7283,536.87
29.136,7284,513.81
29.140,7285,519.09
29.144,7286,506.64
29.148,7287,503.72
29.152,7288,519.32
29.156,7289,511.82
29.160,7290,493.21
29.164,7291,504.03
29.168,7292,488.87
29.172,7293,485.71
29.176,7294,466.82
29.180,7295,465.17
29.184,7296,463.71
29.188,7297,459.97
29.192,7298,479.94
29.196,7299,498.76
29.200,7300,510.66
29.204,7301,535.5
29.208,7302,552.16
29.212,7303,560.78
29.216,7304,570.23
29.220,7305,567.1
29.224,7306,564.83
29.228,7307,550.17
29.232,7308,543.21
29.236,7309,529.56
29.240,7310,526.35
29.244,7311,521.28
29.248,7312,520.06
29.252,7313,520.43
29.256,7314,514.57
29.260,7315,510.79
29.264,7316,498.35
29.268,7317,497.51
29.272,7318,481.78
29.276,7319,474.08
29.280,7320,469.39
29.284,7321,472.3
29.288,7322,476.88
29.292,7323,487.49
29.296,7324,500.94
29.300,7325,521.57
29.304,7326,535.65
29.308,7327,561.37
29.312,7328,572.73
29.316,7329,568.68
29.320,7330,564.81
29.324,7331,558.81
29.328,7332,550.33
29.332,7333,540.07
29.336,7334,535.93
29.340,7335,528.77
29.344,7336,527.52
29.348,7337,523.05
29.352,7338,522.16
29.356,7339,518.3
29.360,7340,521.79
29.364,7341,515.27
29.368,7342,496.5
29.372,7343,490.54
29.376,7344,478.79
29.380,7345,472.32
29.384,7346,469.67
29.388,7347,472.01
29.392,7348,486.36
29.396,7349,507.02
29.400,7350,527.33
29.404,7351,544.16
29.408,7352,556.73
29.412,7353,572.34
29.416,7354,571.27
29.420,7355,569.56
29.424,7356,558.19
29.428,7357,558.62
29.432,7358,547.47
29.436,7359,530.29
29.440,7360,522.19
29.444,7361,531.05
29.448,7362,521.96
29.452,7363,515.52
29.456,7364,516.56
29.460,7365,515.93
29.464,7366,510.99
29.468,7367,500.55
29.472,7368,493.21
29.476,7369,479.97
29.480,7370,472.21
29.484,7371,473.64
29.488,7372,471.24
29.492,7373,481.55
29.496,7374,493.85
29.500,7375,520.94
29.504,7376,533.44
29.508,7377,552.87
29.512,7378,562.88
29.516,7379,565.57
29.520,7380,563.6
29.524,7381,562.47
29.528,7382,555.21
29.532,7383,536.42
29.536,7384,525.51
29.540,7385,529.32
29.544,7386,517.69
29.548,7387,512.94
29.552,7388,512.48
29.556,7389,515.06
29.560,7390,507.01
29.564,7391,500.69
29.568,7392,485.67
29.572,7393,477.07
29.576,7394,474.83
29.580,7395,465.31
29.584,7396,465.93
29.588,7397,459.49
29.592,7398,474.55
29.596,7399,493.67
29.600,7400,513.43
29.604,7401,537.39
29.608,7402,545.42
29.612,7403,551.63
29.616,7404,556.58
29.620,7405,552.53
29.624,7406,556.54
29.628,7407,540.75
29.632,7408,528.17
29.636,7409,525.86
29.640,7410,519.64
29.644,7411,508.71
29.648,7412,505.78
29.652,7413,507.68
29.656,7414,497.62
29.660,7415,502.14
29.664,7416,495.86
29.668,7417,484.45
29.672,7418,475.98
29.676,7419,463.46
29.680,7420,457.41
29.684,7421,460.61
29.688,7422,460.01
29.692,7423,476.72
29.696,7424,489.3
29.700,7425,503.24
29.704,7426,522.56
29.708,7427,535.69
29.712,7428,553.96
29.716,7429,564.75
29.720,7430,551.03
29.724,7431,546.64
29.728,7432,537.74
29.732,7433,525.69
29.736,7434,515.34
29.740,7435,511.69
29.744,7436,499.19
29.748,7437,499.58
29.752,7438,502.85
29.756,7439,500.22
29.760,7440,496.69
29.764,7441,491.42
29.768,7442,484.62
29.772,7443,465.24
29.776,7444,457.17
29.780,7445,457.71
29.784,7446,452.32
29.788,7447,457.41
29.792,7448,472.38
29.796,7449,476.05
29.800,7450,507.98
29.804,7451,521.45
29.808,7452,531.45
29.812,7453,552.32
29.816,7454,559.42
29.820,7455,556.87
29.824,7456,543.47
29.828,7457,537.83
29.832,7458,526.93
29.836,7459,510.22
29.840,7460,519.3
29.844,7461,501.2
29.848,7462,511.69
29.852,7463,502.36
29.856,7464,501.81
29.860,7465,495.89
29.864,7466,495.9
29.868,7467,488.45
29.872,7468,471.84
29.876,7469,459.27
29.880,7470,452.72
29.884,7471,456.95
29.888,7472,450.27
29.892,7473,463.83
29.896,7474,486.36
29.900,7475,506.38
29.904,7476,522.07
29.908,7477,538.35
29.912,7478,544.3
29.916,7479,554.58
29.920,7480,554.33
29.924,7481,549.92
29.928,7482,541.8
29.932,7483,521.63
29.936,7484,526.76
29.940,7485,505.57
29.944,7486,512.37
29.948,7487,506.91
29.952,7488,511.86
29.956,7489,508.55
29.960,7490,501.88
29.964,7491,494.93
29.968,7492,480.62
29.972,7493,476.88
29.976,7494,465.1
29.980,7495,458.1
29.984,7496,456.27
29.988,7497,465.79
29.992,7498,475.24
29.996,7499,496.56
30.000,7500,509.83
30.004,7501,524.96
30.008,7502,543.91
30.012,7503,558.35
30.016,7504,555.94
30.020,7505,567.38
30.024,7506,555.03
30.028,7507,546.21
30.032,7508,537.23
30.036,7509,530.47
30.040,7510,523.98
30.044,7511,514.62
30.048,7512,513.19
30.052,7513,523.15
30.056,7514,505.26
30.060,7515,505.92
30.064,7516,499.94
30.068,7517,498.18
30.072,7518,485.61
30.076,7519,476.5
30.080,7520,465.55
30.084,7521,469.13
30.088,7522,468.95
30.092,7523,481.67
30.096,7524,496.95
30.100,7525,515.94
30.104,7526,533.66
30.108,7527,554.57
30.112,7528,566.0
30.116,7529,566.44
30.120,7530,566.63
30.124,7531,563.92
30.128,7532,553.47
30.132,7533,548.44
30.136,7534,532.64
30.140,7535,528.38
30.144,7536,525.89
30.148,7537,517.51
30.152,7538,516.22
30.156,7539,513.32
30.160,7540,516.58
30.164,7541,507.5
30.168,7542,500.22
30.172,7543,489.45
30.176,7544,480.34
30.180,7545,475.67
30.184,7546,470.15
30.188,7547,479.52
30.192,7548,489.89
30.196,7549,497.78
30.200,7550,521.02
30.204,7551,546.8
30.208,7552,570.82
30.212,7553,567.16
30.216,7554,572.14
30.220,7555,564.02
30.224,7556,564.55
30.228,7557,554.28
30.232,7558,541.89
30.236,7559,542.0
30.240,7560,528.95
30.244,7561,520.06
30.248,7562,517.72
30.252,7563,523.87
30.256,7564,516.42
30.260,7565,511.11
30.264,7566,501.24
30.268,7567,498.14
30.272,7568,490.59
30.276,7569,481.8
30.280,7570,472.91
30.284,7571,476.94
30.288,7572,470.15
30.292,7573,486.38
30.296,7574,502.78
30.300,7575,513.14
30.304,7576,537.36
30.308,7577,549.39
30.312,7578,565.35
30.316,7579,565.6
30.320,7580,569.89
30.324,7581,566.95
30.328,7582,549.98
30.332,7583,537.68
30.336,7584,525.99
30.340,7585,525.44
30.344,7586,515.91
30.348,7587,521.21
30.352,7588,522.78
30.356,7589,520.93
30.360,7590,517.03
30.364,7591,503.17
30.368,7592,495.11
30.372,7593,479.49
30.376,7594,467.52
30.380,7595,469.07
30.384,7596,458.67
30.388,7597,472.76
30.392,7598,475.93
30.396,7599,494.1
30.400,7600,520.2
30.404,7601,532.59
30.408,7602,549.16
30.412,7603,556.61
30.416,7604,565.53
30.420,7605,559.32
30.424,7606,549.9
30.428,7607,539.85
30.432,7608,526.91
30.436,7609,518.65
30.440,7610,519.32
30.444,7611,512.02
30.448,7612,506.37
30.452,7613,511.97
30.456,7614,507.4
30.460,7615,504.17
30.464,7616,491.39
30.468,7617,484.05
30.472,7618,476.68
30.476,7619,464.41
30.480,7620,462.81
30.484,7621,460.17
30.488,7622,467.52
30.492,7623,473.38
30.496,7624,485.18
30.500,7625,506.31
30.504,7626,533.81
30.508,7627,544.46
30.512,7628,550.15
30.516,7629,558.1
30.520,7630,552.78
30.524,7631,545.65
30.528,7632,541.75
30.532,7633,528.39
30.536,7634,521.05
30.540,7635,517.37
30.544,7636,504.23
30.548,7637,505.42
30.552,7638,506.75
30.556,7639,504.1
30.560,7640,495.29
30.564,7641,490.11
30.568,7642,488.28
30.572,7643,467.89
30.576,7644,462.36
30.580,7645,455.93
30.584,7646,446.69
30.588,7647,459.64
30.592,7648,462.47
30.596,7649,484.48
30.600,7650,507.12
30.604,7651,518.76
30.608,7652,530.47
30.612,7653,547.3
30.616,7654,552.01
30.620,7655,551.11
30.624,7656,545.09
30.628,7657,535.8
30.632,7658,518.48
30.636,7659,519.47
30.640,7660,499.79
30.644,7661,503.08
30.648,7662,505.91
30.652,7663,498.61
30.656,7664,494.06
30.660,7665,492.94
30.664,7666,487.34
30.668,7667,488.22
30.672,7668,463.98
30.676,7669,462.24
30.680,7670,453.42
30.684,7671,449.65
30.688,7672,452.23
30.692,7673,464.03
30.696,7674,486.15
30.700,7675,506.26
30.704,7676,527.6
30.708,7677,534.54
30.712,7678,540.93
30.716,7679,556.63
30.720,7680,555.19
30.724,7681,551.58
30.728,7682,529.96
30.732,7683,533.39
30.736,7684,518.97
30.740,7685,519.99
30.744,7686,507.33
30.748,7687,512.1
30.752,7688,503.39
30.756,7689,512.69
30.760,7690,498.3
30.764,7691,487.8
30.768,7692,485.9
30.772,7693,479.44
30.776,7694,470.7
30.780,7695,459.22
30.784,7696,459.9
30.788,7697,463.25
30.792,7698,479.85
30.796,7699,494.79
30.800,7700,507.5
30.804,7701,532.32
30.808,7702,544.49
30.812,7703,560.49
30.816,7704,559.24
30.820,7705,559.99
30.824,7706,551.2
30.828,7707,538.01
30.832,7708,529.36
30.836,7709,529.84
30.840,7710,521.37
30.844,7711,512.04
30.848,7712,515.61
30.852,7713,513.0
30.856,7714,514.39
30.860,7715,505.83
30.864,7716,501.11
30.868,7717,487.65
30.872,7718,486.8
30.876,7719,475.08
30.880,7720,467.3
30.884,7721,475.45
30.888,7722,475.38
30.892,7723,487.53
30.896,7724,499.26
30.900,7725,514.76
30.904,7726,537.53
30.908,7727,552.01
30.912,7728,561.58
30.916,7729,572.66
30.920,7730,565.46
30.924,7731,561.51
30.928,7732,551.73
30.932,7733,535.1
30.936,7734,534.28
30.940,7735,528.69
30.944,7736,522.03
30.948,7737,521.18
30.952,7738,518.0
30.956,7739,515.09
30.960,7740,511.27
30.964,7741,500.0
30.968,7742,500.33
30.972,7743,482.68
30.976,7744,476.84
30.980,7745,463.98
30.984,7746,468.35
30.988,7747,478.03
30.992,7748,487.2
30.996,7749,502.92
31.000,7750,522.47
31.004,7751,533.46
31.008,7752,559.64
31.012,7753,565.42
31.016,7754,572.0
31.020,7755,572.24
31.024,7756,553.47
31.028,7757,560.3
31.032,7758,542.94
31.036,7759,537.36
31.040,7760,527.01
31.044,7761,521.94
31.048,7762,527.8
31.052,7763,516.62
31.056,7764,520.71
31.060,7765,513.39
31.064,7766,510.78
31.068,7767,503.08
31.072,7768,491.85
31.076,7769,481.72
31.080,7770,470.56
31.084,7771,470.45
31.088,7772,477.38
31.092,7773,491.64
31.096,7774,504.44
31.100,7775,520.29
31.104,7776,540.38
31.108,7777,558.9
31.112,7778,567.85
31.116,7779,574.13
31.120,7780,567.32
31.124,7781,565.94
31.128,7782,551.19
31.132,7783,542.47
31.136,7784,535.02
31.140,7785,520.45
31.144,7786,520.56
31.148,7787,520.59
31.152,7788,518.86
31.156,7789,519.43
31.160,7790,502.59
31.164,7791,498.25
31.168,7792,499.45
31.172,7793,487.84
31.176,7794,482.9
31.180,7795,467.95
31.184,7796,471.5
31.188,7797,480.06
31.192,7798,472.63
31.196,7799,490.71
31.200,7800,513.69
31.204,7801,528.34
31.208,7802,555.64
31.212,7803,559.11
31.216,7804,561.79
31.220,7805,567.81
31.224,7806,558.73
31.228,7807,543.99
31.232,7808,538.41
31.236,7809,522.51
31.240,7810,516.35
31.244,7811,519.57
31.248,7812,509.31
31.252,7813,509.31
31.256,7814,507.3
31.260,7815,502.61
31.264,7816,487.63
31.268,7817,482.09
31.272,7818,478.29
31.276,7819,473.38
31.280,7820,463.87
31.284,7821,457.33
31.288,7822,463.32
31.292,7823,467.71
31.296,7824,488.96
31.300,7825,507.36
31.304,7826,524.29
31.308,7827,544.61
31.312,7828,554.41
31.316,7829,559.49
31.320,7830,564.4
31.324,7831,551.02
31.328,7832,531.23
31.332,7833,522.94
31.336,7834,518.86
31.340,7835,508.55
31.344,7836,506.88
31.348,7837,511.46
31.352,7838,504.83
31.356,7839,497.59
31.360,7840,503.96
31.364,7841,490.47
31.368,7842,481.7
31.372,7843,472.23
31.376,7844,463.74
31.380,7845,452.13
31.384,7846,453.71
31.388,7847,463.0
31.392,7848,473.68
31.396,7849,481.19
31.400,7850,503.02
31.404,7851,527.55
31.408,7852,536.14
31.412,7853,542.58
31.416,7854,549.97
31.420,7855,553.43
31.424,7856,544.1
31.428,7857,535.08
31.432,7858,525.56
31.436,7859,514.17
31.440,7860,510.49
31.444,7861,509.77
31.448,7862,504.27
31.452,7863,503.57
31.456,7864,504.09
31.460,7865,498.53
31.464,7866,493.4
31.468,7867,471.61
31.472,7868,469.53
31.476,7869,461.52
31.480,7870,452.97
31.484,7871,448.71
31.488,7872,456.37
31.492,7873,464.9
31.496,7874,485.13
31.500,7875,505.2
31.504,7876,520.25
31.508,7877,541.42
31.512,7878,546.06
31.516,7879,550.59
31.520,7880,552.0
31.524,7881,543.78
31.528,7882,539.99
31.532,7883,525.14
31.536,7884,518.94
31.540,7885,513.98
31.544,7886,499.9
31.548,7887,504.52
31.552,7888,504.33
31.556,7889,494.8
31.560,7890,498.62
31.564,7891,491.1
31.568,7892,477.14
31.572,7893,478.11
31.576,7894,464.01
31.580,7895,448.29
31.584,7896,454.2
31.588,7897,459.77
31.592,7898,471.74
31.596,7899,485.25
31.600,7900,502.9
31.604,7901,527.06
31.608,7902,538.32
31.612,7903,557.2
31.616,7904,560.28
31.620,7905,558.12
31.624,7906,548.74
31.628,7907,542.24
31.632,7908,531.98
31.636,7909,523.44
31.640,7910,509.96
31.644,7911,512.67
31.648,7912,502.03
31.652,7913,510.85
31.656,7914,518.67
31.660,7915,501.21
31.664,7916,495.42
31.668,7917,493.09
31.672,7918,476.37
31.676,7919,466.4
31.680,7920,463.44
31.684,7921,463.85
31.688,7922,471.73
31.692,7923,477.57
31.696,7924,493.17
31.700,7925,513.43
31.704,7926,530.57
31.708,7927,550.73
31.712,7928,566.17
31.716,7929,562.37
31.720,7930,559.91
31.724,7931,558.09
31.728,7932,546.8
31.732,7933,533.33
31.736,7934,524.8
31.740,7935,516.22
31.744,7936,519.64
31.748,7937,515.32
31.752,7938,524.62
31.756,7939,517.41
31.760,7940,507.99
31.764,7941,501.15
31.768,7942,494.73
31.772,7943,481.02
31.776,7944,476.85
31.780,7945,475.32
31.784,7946,468.39
31.788,7947,471.8
31.792,7948,477.75
31.796,7949,495.76
31.800,7950,520.79
31.804,7951,538.69
31.808,7952,555.97
31.812,7953,560.54
31.816,7954,574.58
31.820,7955,567.77
31.824,7956,556.07
31.828,7957,549.61
31.832,7958,541.23
31.836,7959,534.41
31.840,7960,521.38
31.844,7961,527.63
31.848,7962,522.27
31.852,7963,524.71
31.856,7964,525.24
31.860,7965,514.36
31.864,7966,506.28
31.868,7967,501.97
31.872,7968,482.38
31.876,7969,484.14
31.880,7970,473.13
31.884,7971,470.21
31.888,7972,472.06
31.892,7973,482.22
31.896,7974,502.02
31.900,7975,523.66
31.904,7976,540.31
31.908,7977,546.94
31.912,7978,564.21
31.916,7979,573.64
31.920,7980,577.39
31.924,7981,562.9
31.928,7982,555.4
31.932,7983,543.43
31.936,7984,532.49
31.940,7985,522.61
31.944,7986,519.41
31.948,7987,515.69
31.952,7988,521.68
31.956,7989,521.19
31.960,7990,512.87
31.964,7991,504.15
31.968,7992,501.35
31.972,7993,495.64
31.976,7994,470.07
31.980,7995,472.64
31.984,7996,469.3
31.988,7997,474.52
31.992,7998,486.66
31.996,7999,505.66
32.000,8000,517.37
32.004,8001,544.86
32.008,8002,547.13
32.012,8003,565.51
32.016,8004,561.2
32.020,8005,559.54
32.024,8006,560.18
32.028,8007,551.6
32.032,8008,535.78
32.036,8009,530.87
32.040,8010,518.7
32.044,8011,521.77
32.048,8012,509.25
32.052,8013,514.63
32.056,8014,512.79
32.060,8015,508.2
32.064,8016,500.32
32.068,8017,490.35
32.072,8018,469.89
32.076,8019,464.51
32.080,8020,467.62
32.084,8021,464.67
32.088,8022,471.73
32.092,8023,477.13
32.096,8024,499.18
32.100,8025,510.19
32.104,8026,533.19
32.108,8027,542.75
32.112,8028,553.0
32.116,8029,563.24
32.120,8030,552.11
32.124,8031,557.26
32.128,8032,548.73
32.132,8033,530.71
32.136,8034,526.79
32.140,8035,512.1
32.144,8036,508.99
32.148,8037,508.8
32.152,8038,504.3
32.156,8039,507.2
32.160,8040,503.72
32.164,8041,495.75
32.168,8042,481.67
32.172,8043,467.04
32.176,8044,465.06
32.180,8045,455.3
32.184,8046,448.59
32.188,8047,454.74
32.192,8048,469.08
32.196,8049,491.97
32.200,8050,505.82
32.204,8051,519.21
32.208,8052,534.07
32.212,8053,545.13
32.216,8054,549.56
32.220,8055,552.69
32.224,8056,549.9
32.228,8057,546.62
32.232,8058,532.38
32.236,8059,514.08
32.240,8060,512.9
32.244,8061,505.44
32.248,8062,510.04
32.252,8063,503.97
32.256,8064,497.98
32.260,8065,499.75
32.264,8066,485.91
32.268,8067,477.32
32.272,8068,468.19
32.276,8069,458.82
32.280,8070,445.09
32.284,8071,456.01
32.288,8072,467.34
32.292,8073,462.57
32.296,8074,488.8
32.300,8075,495.23
32.304,8076,520.33
32.308,8077,533.22
32.312,8078,548.22
32.316,8079,554.32
32.320,8080,545.68
32.324,8081,543.82
32.328,8082,537.99
32.332,8083,521.07
32.336,8084,520.65
32.340,8085,514.19
32.344,8086,503.28
32.348,8087,509.1
32.352,8088,494.71
32.356,8089,498.29
32.360,8090,499.05
32.364,8091,494.1
32.368,8092,485.69
32.372,8093,475.03
32.376,8094,461.93
32.380,8095,458.27
32.384,8096,454.39
32.388,8097,453.31
32.392,8098,473.88
32.396,8099,488.6
32.400,8100,504.65
32.404,8101,521.69
32.408,8102,547.86
32.412,8103,547.46
32.416,8104,556.43
32.420,8105,552.14
32.424,8106,548.54
32.428,8107,544.04
32.432,8108,531.06
32.436,8109,519.27
32.440,8110,517.27
32.444,8111,514.03
32.448,8112,508.45
32.452,8113,506.2
32.456,8114,503.44
32.460,8115,495.06
32.464,8116,502.38
32.468,8117,484.45
32.472,8118,472.6
32.476,8119,464.62
32.480,8120,457.32
32.484,8121,465.18
32.488,8122,465.41
32.492,8123,473.02
32.496,8124,489.86
32.500,8125,508.0
32.504,8126,535.42
32.508,8127,541.36
32.512,8128,558.58
32.516,8129,565.22
32.520,8130,563.6
32.524,8131,556.88
32.528,8132,546.2
32.532,8133,527.32
32.536,8134,527.75
32.540,8135,519.38
32.544,8136,512.38
32.548,8137,521.87
32.552,8138,520.31
32.556,8139,512.2
32.560,8140,511.41
32.564,8141,503.52
32.568,8142,487.02
32.572,8143,482.78
32.576,8144,478.73
32.580,8145,468.61
32.584,8146,463.87
32.588,8147,477.34
32.592,8148,485.32
32.596,8149,495.36
32.600,8150,516.57
32.604,8151,535.99
32.608,8152,549.81
32.612,8153,567.86
32.616,8154,567.56
32.620,8155,569.03
32.624,8156,569.36
32.628,8157,550.21
32.632,8158,538.3
32.636,8159,533.69
32.640,8160,525.29
32.644,8161,521.91
32.648,8162,517.87
32.652,8163,514.38
32.656,8164,517.25
32.660,8165,509.78
32.664,8166,503.9
32.668,8167,510.58
32.672,8168,498.65
32.676,8169,489.03
32.680,8170,471.92
32.684,8171,467.38
32.688,8172,478.76
32.692,8173,483.34
32.696,8174,502.23
32.700,8175,518.25
32.704,8176,544.19
32.708,8177,556.04
32.712,8178,568.64
32.716,8179,569.62
32.720,8180,569.79
32.724,8181,556.86
32.728,8182,554.15
32.732,8183,542.91
32.736,8184,536.59
32.740,8185,526.23
32.744,8186,520.07
32.748,8187,522.41
32.752,8188,526.77
32.756,8189,518.38
32.760,8190,521.99
32.764,8191,497.99
32.768,8192,495.22
32.772,8193,487.13
32.776,8194,473.22
32.780,8195,461.0
32.784,8196,470.55
32.788,8197,470.92
32.792,8198,482.39
32.796,8199,500.71
32.800,8200,518.83
32.804,8201,535.64
32.808,8202,556.25
32.812,8203,561.3
32.816,8204,573.49
32.820,8205,572.18
32.824,8206,554.28
32.828,8207,547.36
32.832,8208,543.97
32.836,8209,525.76
32.840,8210,521.55
32.844,8211,520.24
32.848,8212,521.49
32.852,8213,520.84
32.856,8214,513.44
32.860,8215,511.91
32.864,8216,504.05
32.868,8217,499.78
32.872,8218,482.59
32.876,8219,472.3
32.880,8220,465.32
32.884,8221,459.2
32.888,8222,463.6
32.892,8223,468.62
32.896,8224,500.81
32.900,8225,521.1
32.904,8226,524.68
32.908,8227,550.52
32.912,8228,559.3
32.916,8229,561.3
32.920,8230,562.86
32.924,8231,553.22
32.928,8232,554.42
32.932,8233,536.8
32.936,8234,520.54
32.940,8235,512.3
32.944,8236,517.87
32.948,8237,509.13
32.952,8238,507.96
32.956,8239,507.27
32.960,8240,502.66
32.964,8241,499.99
32.968,8242,482.12
32.972,8243,466.08
32.976,8244,463.27
32.980,8245,455.6
32.984,8246,454.53
32.988,8247,454.88
32.992,8248,468.38
32.996,8249,481.93
33.000,8250,509.95
33.004,8251,520.15
33.008,8252,539.19
33.012,8253,556.51
33.016,8254,553.89
33.020,8255,555.09
33.024,8256,550.96
33.028,8257,539.52
33.032,8258,524.35
33.036,8259,513.14
33.040,8260,515.54
33.044,8261,506.96
33.048,8262,501.3
33.052,8263,501.53
33.056,8264,500.71
33.060,8265,489.67
33.064,8266,491.83
33.068,8267,484.76
33.072,8268,467.5
33.076,8269,457.13
33.080,8270,452.3
33.084,8271,451.62
33.088,8272,465.11
33.092,8273,471.24
33.096,8274,484.34
33.100,8275,499.72
33.104,8276,521.05
33.108,8277,535.81
33.112,8278,542.74
33.116,8279,550.37
33.120,8280,552.39
33.124,8281,539.89
33.128,8282,529.4
33.132,8283,523.71
33.136,8284,513.58
33.140,8285,501.57
33.144,8286,509.26
33.148,8287,507.39
33.152,8288,510.01
33.156,8289,498.04
33.160,8290,498.24
33.164,8291,494.19
33.168,8292,482.37
33.172,8293,474.56
33.176,8294,461.19
33.180,8295,452.28
33.184,8296,454.79
33.188,8297,459.73
33.192,8298,471.5
33.196,8299,489.14
33.200,8300,504.19
33.204,8301,521.48
33.208,8302,543.08
33.212,8303,548.82
33.216,8304,551.04
33.220,8305,556.87
33.224,8306,538.3
33.228,8307,542.01
33.232,8308,530.79
33.236,8309,518.44
33.240,8310,516.49
33.244,8311,506.56
33.248,8312,507.74
33.252,8313,499.96
33.256,8314,499.15
33.260,8315,502.14
33.264,8316,492.22
33.268,8317,480.37
33.272,8318,478.59
33.276,8319,465.31
33.280,8320,456.8
33.284,8321,457.65
33.288,8322,469.32
33.292,8323,478.78
33.296,8324,490.81
33.300,8325,512.09
33.304,8326,526.1
33.308,8327,551.77
33.312,8328,560.98
33.316,8329,559.32
33.320,8330,560.42
33.324,8331,557.16
33.328,8332,548.12
33.332,8333,538.26
33.336,8334,528.08
33.340,8335,520.28
33.344,8336,508.83
33.348,8337,519.49
33.352,8338,511.52
33.356,8339,512.28
33.360,8340,507.49
33.364,8341,505.36
33.368,8342,490.57
33.372,8343,477.55
33.376,8344,478.85
33.380,8345,469.61
33.384,8346,471.84
33.388,8347,470.48
33.392,8348,483.17
33.396,8349,501.54
33.400,8350,512.74
33.404,8351,529.51
33.408,8352,548.51
33.412,8353,560.38
33.416,8354,575.02
33.420,8355,576.98
33.424,8356,559.66
33.428,8357,551.58
33.432,8358,539.82
33.436,8359,531.16
33.440,8360,526.96
33.444,8361,523.17
33.448,8362,518.74
33.452,8363,518.82
33.456,8364,515.16
33.460,8365,510.84
33.464,8366,505.59
33.468,8367,500.94
33.472,8368,489.93
33.476,8369,476.52
33.480,8370,476.2
33.484,8371,471.25
33.488,8372,479.67
33.492,8373,486.08
33.496,8374,510.0
33.500,8375,527.1
33.504,8376,543.12
33.508,8377,561.91
33.512,8378,564.51
33.516,8379,578.83
33.520,8380,565.59
33.524,8381,564.41
33.528,8382,552.16
33.532,8383,536.67
33.536,8384,529.94
33.540,8385,526.65
33.544,8386,526.35
33.548,8387,521.04
33.552,8388,525.18
33.556,8389,518.23
33.560,8390,511.81
33.564,8391,514.16
33.568,8392,504.31
33.572,8393,488.09
33.576,8394,473.04
33.580,8395,468.6
33.584,8396,469.37
33.588,8397,476.35
33.592,8398,491.61
33.596,8399,502.84
33.600,8400,522.21
33.604,8401,541.26
33.608,8402,550.52
33.612,8403,570.47
33.616,8404,576.61
33.620,8405,571.03
33.624,8406,568.5
33.628,8407,551.62
33.632,8408,542.12
33.636,8409,538.19
33.640,8410,525.09
33.644,8411,519.12
33.648,8412,526.62
33.652,8413,517.58
33.656,8414,512.89
33.660,8415,511.84
33.664,8416,496.33
33.668,8417,499.65
33.672,8418,490.27
33.676,8419,470.14
33.680,8420,465.73
33.684,8421,474.15
33.688,8422,475.03
33.692,8423,480.44
33.696,8424,496.67
33.700,8425,517.29
33.704,8426,539.7
33.708,8427,552.68
33.712,8428,562.43
33.716,8429,563.78
33.720,8430,569.04
33.724,8431,558.45
33.728,8432,541.92
33.732,8433,534.12
33.736,8434,533.4
33.740,8435,511.88
33.744,8436,510.62
33.748,8437,514.88
33.752,8438,510.76
33.756,8439,504.61
33.760,8440,490.84
33.764,8441,496.48
33.768,8442,493.04
33.772,8443,473.68
33.776,8444,463.29
33.780,8445,464.23
33.784,8446,465.01
33.788,8447,460.31
33.792,8448,473.03
33.796,8449,483.91
33.800,8450,508.31
33.804,8451,523.67
33.808,8452,541.55
33.812,8453,543.04
33.816,8454,560.95
33.820,8455,548.2
33.824,8456,543.48
33.828,8457,538.15
33.832,8458,520.45
33.836,8459,512.64
33.840,8460,508.34
33.844,8461,500.54
33.848,8462,502.98
33.852,8463,504.09
33.856,8464,509.24
33.860,8465,501.71
33.864,8466,481.45
33.868,8467,481.06
33.872,8468,467.93
33.876,8469,463.51
33.880,8470,453.7
33.884,8471,454.87
33.888,8472,460.63
33.892,8473,467.2
33.896,8474,477.85
33.900,8475,501.29
33.904,8476,523.94
33.908,8477,539.46
33.912,8478,547.2
33.916,8479,555.23
33.920,8480,550.65
33.924,8481,539.34
33.928,8482,535.62
33.932,8483,527.86
33.936,8484,520.52
33.940,8485,506.15
33.944,8486,504.95
33.948,8487,501.61
33.952,8488,496.08
33.956,8489,500.87
33.960,8490,491.87
33.964,8491,489.15
33.968,8492,477.03
33.972,8493,467.02
33.976,8494,459.66
33.980,8495,453.83
33.984,8496,454.11
33.988,8497,455.27
33.992,8498,466.72
33.996,8499,485.25
34.000,8500,500.81
34.004,8501,521.29
34.008,8502,534.86
34.012,8503,547.95
34.016,8504,556.28
34.020,8505,554.93
34.024,8506,548.65
34.028,8507,540.86
34.032,8508,526.43
34.036,8509,520.77
34.040,8510,508.94
34.044,8511,510.45
34.048,8512,507.76
34.052,8513,510.51
34.056,8514,505.52
34.060,8515,501.12
34.064,8516,493.14
34.068,8517,480.89
34.072,8518,470.2
34.076,8519,466.9
34.080,8520,452.17
34.084,8521,462.36
34.088,8522,461.89
34.092,8523,474.65
34.096,8524,492.18
34.100,8525,508.19
34.104,8526,525.74
34.108,8527,533.59
34.112,8528,554.76
34.116,8529,560.58
34.120,8530,551.31
34.124,8531,551.78
34.128,8532,541.38
34.132,8533,535.9
34.136,8534,516.03
34.140,8535,514.17
34.144,8536,511.91
34.148,8537,507.68
34.152,8538,511.11
34.156,8539,500.56
34.160,8540,496.03
34.164,8541,498.55
34.168,8542,491.97
34.172,8543,476.43
34.176,8544,472.0
34.180,8545,465.6
34.184,8546,465.55
34.188,8547,468.56
34.192,8548,472.6
34.196,8549,495.57
34.200,8550,515.0
34.204,8551,539.4
34.208,8552,543.54
34.212,8553,569.87
34.216,8554,565.36
34.220,8555,560.28
34.224,8556,557.23
34.228,8557,553.6
34.232,8558,539.26
34.236,8559,527.12
34.240,8560,526.4
34.244,8561,523.82
34.248,8562,518.31
34.252,8563,524.29
34.256,8564,524.28
34.260,8565,502.4
34.264,8566,505.68
34.268,8567,504.01
34.272,8568,488.46
34.276,8569,483.1
34.280,8570,473.21
34.284,8571,463.9
34.288,8572,472.05
34.292,8573,485.6
34.296,8574,507.0
34.300,8575,520.19
34.304,8576,537.3
34.308,8577,553.06
34.312,8578,566.99
34.316,8579,571.91
34.320,8580,578.96
34.324,8581,562.89
34.328,8582,549.09
34.332,8583,546.28
34.336,8584,535.8
34.340,8585,528.75
34.344,8586,521.27
34.348,8587,524.21
34.352,8588,519.37
34.356,8589,517.34
34.360,8590,513.19
34.364,8591,512.74
34.368,8592,493.93
34.372,8593,488.98
34.376,8594,478.76
34.380,8595,476.36
34.384,8596,471.21
34.388,8597,480.26
34.392,8598,484.39
34.396,8599,504.98
34.400,8600,522.93
34.404,8601,540.72
34.408,8602,562.42
34.412,8603,569.09
34.416,8604,572.66
34.420,8605,574.45
34.424,8606,565.05
34.428,8607,552.87
34.432,8608,547.29
34.436,8609,543.03
34.440,8610,524.98
34.444,8611,525.66
34.448,8612,521.6
34.452,8613,520.2
34.456,8614,510.25
34.460,8615,511.08
34.464,8616,503.48
34.468,8617,503.06
34.472,8618,482.3
34.476,8619,482.38
34.480,8620,466.61
34.484,8621,468.05
34.488,8622,471.63
34.492,8623,481.66
34.496,8624,493.26
34.500,8625,523.44
34.504,8626,540.75
34.508,8627,556.67
34.512,8628,566.34
34.516,8629,570.57
34.520,8630,570.18
34.524,8631,555.45
34.528,8632,551.0
34.532,8633,543.91
34.536,8634,530.04
34.540,8635,520.89
34.544,8636,513.82
34.548,8637,514.11
34.552,8638,511.94
34.556,8639,499.69
34.560,8640,509.26
34.564,8641,506.41
34.568,8642,493.34
34.572,8643,480.9
34.576,8644,467.48
34.580,8645,462.68
34.584,8646,467.5
34.588,8647,460.83
34.592,8648,485.94
34.596,8649,486.42
34.600,8650,514.19
34.604,8651,526.39
34.608,8652,542.83
34.612,8653,546.59
34.616,8654,563.42
34.620,8655,559.61
34.624,8656,555.46
34.628,8657,539.38
34.632,8658,536.09
34.636,8659,522.01
34.640,8660,513.56
34.644,8661,508.0
34.648,8662,512.81
34.652,8663,507.97
34.656,8664,506.08
34.660,8665,494.23
34.664,8666,492.91
34.668,8667,479.7
34.672,8668,469.91
34.676,8669,455.98
34.680,8670,459.09
34.684,8671,454.63
34.688,8672,459.57
34.692,8673,466.29
34.696,8674,486.61
34.700,8675,500.31
34.704,8676,522.38
34.708,8677,540.92
34.712,8678,550.6
34.716,8679,556.01
34.720,8680,549.35
34.724,8681,537.68
34.728,8682,536.91
34.732,8683,521.05
34.736,8684,514.73
34.740,8685,504.43
34.744,8686,504.11
34.748,8687,505.74
34.752,8688,500.59
34.756,8689,495.06
34.760,8690,496.47
34.764,8691,490.15
34.768,8692,479.92
34.772,8693,470.57
34.776,8694,464.85
34.780,8695,460.07
34.784,8696,454.81
34.788,8697,455.26
34.792,8698,468.98
34.796,8699,477.84
34.800,8700,502.07
34.804,8701,528.11
34.808,8702,536.34
34.812,8703,547.42
34.816,8704,549.09
34.820,8705,555.31
34.824,8706,543.34
34.828,8707,536.26
34.832,8708,523.39
34.836,8709,510.84
34.840,8710,508.33
34.844,8711,501.14
34.848,8712,500.72
34.852,8713,500.2
34.856,8714,507.64
34.860,8715,499.5
34.864,8716,491.57
34.868,8717,478.77
34.872,8718,473.55
34.876,8719,461.24
34.880,8720,460.4
34.884,8721,453.39
34.888,8722,466.06
34.892,8723,469.34
34.896,8724,486.68
34.900,8725,503.29
34.904,8726,523.89
34.908,8727,536.15
34.912,8728,546.6
34.916,8729,549.49
34.920,8730,551.59
34.924,8731,544.97
34.928,8732,540.65
34.932,8733,526.84
34.936,8734,519.88
34.940,8735,519.27
34.944,8736,512.68
34.948,8737,502.46
34.952,8738,509.55
34.956,8739,508.75
34.960,8740,502.07
34.964,8741,492.39
34.968,8742,488.74
34.972,8743,476.22
34.976,8744,469.09
34.980,8745,464.2
34.984,8746,462.42
34.988,8747,463.78
34.992,8748,470.47
34.996,8749,493.46
35.000,8750,511.5
35.004,8751,530.26
35.008,8752,548.37
35.012,8753,560.39
35.016,8754,558.96
35.020,8755,565.5
35.024,8756,557.38
35.028,8757,547.41
35.032,8758,536.97
35.036,8759,536.58
35.040,8760,523.17
35.044,8761,517.32
35.048,8762,509.73
35.052,8763,514.21
35.056,8764,515.63
35.060,8765,504.9
35.064,8766,502.91
35.068,8767,495.15
35.072,8768,487.64
35.076,8769,469.22
35.080,8770,468.31
35.084,8771,466.92
35.088,8772,472.83
35.092,8773,485.6
35.096,8774,503.51
35.100,8775,523.23
35.104,8776,548.06
35.108,8777,554.62
35.112,8778,566.65
35.116,8779,569.23
35.120,8780,568.17
35.124,8781,558.6
35.128,8782,552.18
35.132,8783,540.12
35.136,8784,528.58
35.140,8785,527.73
35.144,8786,521.01
35.148,8787,522.34
35.152,8788,519.44
35.156,8789,520.85
35.160,8790,520.72
35.164,8791,510.42
35.168,8792,497.79
35.172,8793,487.49
35.176,8794,480.37
35.180,8795,471.49
35.184,8796,470.39
35.188,8797,481.12
35.192,8798,488.6
35.196,8799,501.44
35.200,8800,522.73
35.204,8801,540.15
35.208,8802,554.44
35.212,8803,568.34
35.216,8804,570.44
35.220,8805,568.21
35.224,8806,566.96
35.228,8807,551.84
35.232,8808,549.72
35.236,8809,529.97
35.240,8810,529.96
35.244,8811,525.63
35.248,8812,523.52
35.252,8813,522.11
35.256,8814,522.58
35.260,8815,513.83
35.264,8816,506.49
35.268,8817,497.35
35.272,8818,496.17
35.276,8819,474.38
35.280,8820,476.27
35.284,8821,467.03
35.288,8822,477.05
35.292,8823,490.03
35.296,8824,496.38
35.300,8825,516.17
35.304,8826,541.61
35.308,8827,558.58
35.312,8828,562.1
35.316,8829,575.94
35.320,8830,566.2
35.324,8831,562.14
35.328,8832,555.96
35.332,8833,537.32
35.336,8834,537.51
35.340,8835,520.87
35.344,8836,519.23
35.348,8837,515.94
35.352,8838,525.45
35.356,8839,514.14
35.360,8840,513.23
35.364,8841,507.43
35.368,8842,491.56
35.372,8843,486.24
35.376,8844,471.58
35.380,8845,459.2
35.384,8846,462.9
35.388,8847,469.0
35.392,8848,470.44
35.396,8849,490.17
35.400,8850,512.94
35.404,8851,533.29
35.408,8852,549.65
35.412,8853,557.61
35.416,8854,559.48
35.420,8855,562.69
35.424,8856,548.16
35.428,8857,546.64
35.432,8858,527.08
35.436,8859,527.34
35.440,8860,513.04
35.444,8861,518.59
35.448,8862,508.49
35.452,8863,506.36
35.456,8864,502.58
35.460,8865,504.69
35.464,8866,490.55
35.468,8867,484.86
35.472,8868,476.99
35.476,8869,461.95
35.480,8870,455.12
35.484,8871,455.04
35.488,8872,456.1
35.492,8873,469.26
35.496,8874,487.68
35.500,8875,499.89
35.504,8876,524.53
35.508,8877,540.41
35.512,8878,551.51
35.516,8879,555.22
35.520,8880,544.21
35.524,8881,543.33
35.528,8882,538.46
35.532,8883,526.01
35.536,8884,512.76
35.540,8885,516.69
35.544,8886,511.16
35.548,8887,498.68
35.552,8888,502.32
35.556,8889,503.06
35.560,8890,503.24
35.564,8891,481.39
35.568,8892,483.13
35.572,8893,468.57
35.576,8894,461.13
35.580,8895,452.75
35.584,8896,459.04
35.588,8897,464.83
35.592,8898,466.73
35.596,8899,479.89
35.600,8900,512.39
35.604,8901,522.45
35.608,8902,532.25
35.612,8903,551.88
35.616,8904,551.27
35.620,8905,549.29
35.624,8906,548.4
35.628,8907,527.77
35.632,8908,528.08
35.636,8909,515.89
35.640,8910,509.86
35.644,8911,505.27
35.648,8912,496.04
35.652,8913,498.58
35.656,8914,501.36
35.660,8915,498.01
35.664,8916,489.02
35.668,8917,473.56
35.672,8918,468.88
35.676,8919,457.35
35.680,8920,451.14
35.684,8921,454.83
35.688,8922,458.97
35.692,8923,462.73
35.696,8924,484.25
35.700,8925,505.82
35.704,8926,523.09
35.708,8927,537.67
35.712,8928,549.46
35.716,8929,549.59
35.720,8930,560.63
35.724,8931,547.35
35.728,8932,534.05
35.732,8933,520.01
35.736,8934,511.35
35.740,8935,509.41
35.744,8936,512.29
35.748,8937,504.24
35.752,8938,504.65
35.756,8939,500.03
35.760,8940,506.3
35.764,8941,502.83
35.768,8942,474.0
35.772,8943,473.39
35.776,8944,467.58
35.780,8945,461.42
35.784,8946,456.24
35.788,8947,461.39
35.792,8948,477.15
35.796,8949,496.66
35.800,8950,502.36
35.804,8951,525.63
35.808,8952,546.4
35.812,8953,551.64
35.816,8954,558.54
35.820,8955,564.91
35.824,8956,554.59
35.828,8957,542.14
35.832,8958,536.12
35.836,8959,519.89
35.840,8960,519.55
35.844,8961,517.01
35.848,8962,518.44
35.852,8963,515.42
35.856,8964,511.84
35.860,8965,506.82
35.864,8966,500.15
35.868,8967,497.15
35.872,8968,487.15
35.876,8969,475.14
35.880,8970,466.96
35.884,8971,462.23
35.888,8972,465.25
35.892,8973,479.99
35.896,8974,501.03
35.900,8975,517.46
35.904,8976,540.8
35.908,8977,551.05
35.912,8978,556.43
35.916,8979,565.14
35.920,8980,570.04
35.924,8981,561.48
35.928,8982,551.7
35.932,8983,540.91
35.936,8984,530.11
35.940,8985,528.15
35.944,8986,519.7
35.948,8987,521.72
35.952,8988,519.34
35.956,8989,511.15
35.960,8990,519.92
35.964,8991,506.18
35.968,8992,501.52
35.972,8993,490.34
35.976,8994,478.52
35.980,8995,470.47
35.984,8996,471.82
35.988,8997,473.71
35.992,8998,483.49
35.996,8999,500.75
36.000,9000,514.81
36.004,9001,536.18
36.008,9002,555.58
36.012,9003,569.32
36.016,9004,563.77
36.020,9005,572.4
36.024,9006,569.39
36.028,9007,558.14
36.032,9008,549.73
36.036,9009,530.31
36.040,9010,524.52
36.044,9011,518.76
36.048,9012,527.99
36.052,9013,530.17
36.056,9014,513.11
36.060,9015,514.85
36.064,9016,503.36
36.068,9017,491.96
36.072,9018,485.26
36.076,9019,485.38
36.080,9020,470.96
36.084,9021,474.64
36.088,9022,478.67
36.092,9023,483.48
36.096,9024,507.89
36.100,9025,516.67
36.104,9026,537.45
36.108,9027,557.02
36.112,9028,564.76
36.116,9029,569.52
36.120,9030,572.16
36.124,9031,566.91
36.128,9032,545.39
36.132,9033,542.21
36.136,9034,537.77
36.140,9035,532.08
36.144,9036,511.49
36.148,9037,516.42
36.152,9038,518.53
36.156,9039,514.43
36.160,9040,514.77
36.164,9041,506.83
36.168,9042,497.65
36.172,9043,483.93
36.176,9044,474.4
36.180,9045,472.15
36.184,9046,468.84
36.188,9047,472.5
36.192,9048,482.19
36.196,9049,494.28
36.200,9050,512.65
36.204,9051,534.53
36.208,9052,553.72
36.212,9053,556.12
36.216,9054,565.9
36.220,9055,564.45
36.224,9056,555.09
36.228,9057,545.84
36.232,9058,538.24
36.236,9059,523.06
36.240,9060,524.71
36.244,9061,507.87
36.248,9062,515.32
36.252,9063,514.08
36.256,9064,514.68
36.260,9065,496.69
36.264,9066,493.56
36.268,9067,492.64
36.272,9068,474.56
36.276,9069,467.76
36.280,9070,465.43
36.284,9071,455.13
36.288,9072,459.65
36.292,9073,470.47
36.296,9074,489.81
36.300,9075,505.33
36.304,9076,526.88
36.308,9077,541.78
36.312,9078,554.84
36.316,9079,554.64
36.320,9080,557.79
36.324,9081,552.27
36.328,9082,542.67
36.332,9083,530.28
36.336,9084,517.38
36.340,9085,512.53
36.344,9086,502.29
36.348,9087,507.02
36.352,9088,508.13
36.356,9089,499.8
36.360,9090,503.8
36.364,9091,494.62
36.368,9092,489.76
36.372,9093,466.9
36.376,9094,461.99
36.380,9095,452.42
36.384,9096,451.81
36.388,9097,461.1
36.392,9098,473.37
36.396,9099,484.36
36.400,9100,501.61
36.404,9101,517.1
36.408,9102,536.98
36.412,9103,549.05
36.416,9104,555.08
36.420,9105,554.78
36.424,9106,542.27
36.428,9107,532.21
36.432,9108,529.84
36.436,9109,516.34
36.440,9110,501.63
36.444,9111,510.88
36.448,9112,499.83
36.452,9113,504.72
36.456,9114,498.28
36.460,9115,495.83
36.464,9116,495.54
36.468,9117,472.42
36.472,9118,468.1
36.476,9119,457.01
36.480,9120,452.41
36.484,9121,450.87
36.488,9122,460.6
36.492,9123,469.57
36.496,9124,481.89
36.500,9125,508.51
36.504,9126,524.57
36.508,9127,533.63
36.512,9128,546.65
36.516,9129,550.28
36.520,9130,552.54
36.524,9131,543.84
36.528,9132,539.0
36.532,9133,523.71
36.536,9134,516.85
36.540,9135,507.83
36.544,9136,503.98
36.548,9137,508.12
36.552,9138,497.82
36.556,9139,503.13
36.560,9140,501.69
36.564,9141,497.1
36.568,9142,479.15
36.572,9143,477.65
36.576,9144,463.07
36.580,9145,457.66
36.584,9146,457.22
36.588,9147,455.79
36.592,9148,477.44
36.596,9149,491.09
36.600,9150,504.55
36.604,9151,523.7
36.608,9152,551.61
36.612,9153,552.53
36.616,9154,558.04
36.620,9155,550.65
36.624,9156,550.09
36.628,9157,543.88
36.632,9158,529.56
36.636,9159,523.43
36.640,9160,517.69
36.644,9161,511.22
36.648,9162,515.15
36.652,9163,509.59
36.656,9164,508.45
36.660,9165,505.06
36.664,9166,491.46
36.668,9167,492.09
36.672,9168,482.81
36.676,9169,473.63
36.680,9170,466.16
36.684,9171,462.9
36.688,9172,470.43
36.692,9173,490.34
36.696,9174,491.17
36.700,9175,516.9
36.704,9176,535.36
36.708,9177,552.9
36.712,9178,554.99
36.716,9179,573.75
36.720,9180,569.7
36.724,9181,557.44
36.728,9182,556.43
36.732,9183,539.71
36.736,9184,538.61
36.740,9185,524.51
36.744,9186,511.86
36.748,9187,518.19
36.752,9188,515.65
36.756,9189,510.34
36.760,9190,508.12
36.764,9191,506.68
36.768,9192,493.6
36.772,9193,490.47
36.776,9194,470.43
36.780,9195,469.93
36.784,9196,471.56
36.788,9197,476.2
36.792,9198,483.39
36.796,9199,502.74
36.800,9200,516.3
36.804,9201,536.41
36.808,9202,549.54
36.812,9203,571.47
36.816,9204,569.47
36.820,9205,565.8
36.824,9206,562.29
36.828,9207,559.49
36.832,9208,550.84
36.836,9209,531.13
36.840,9210,535.29
36.844,9211,523.92
36.848,9212,526.93
36.852,9213,524.83
36.856,9214,516.43
36.860,9215,512.8
36.864,9216,502.15
36.868,9217,499.81
36.872,9218,490.98
36.876,9219,479.01
36.880,9220,468.41
36.884,9221,473.73
36.888,9222,479.85
36.892,9223,488.12
36.896,9224,500.76
36.900,9225,523.18
36.904,9226,536.62
36.908,9227,557.26
36.912,9228,568.47
36.916,9229,575.83
36.920,9230,577.49
36.924,9231,570.88
36.928,9232,557.42
36.932,9233,541.29
36.936,9234,536.77
36.940,9235,521.58
36.944,9236,523.05
36.948,9237,520.57
36.952,9238,517.82
36.956,9239,519.81
36.960,9240,511.9
36.964,9241,514.74
36.968,9242,496.62
36.972,9243,494.38
36.976,9244,478.22
36.980,9245,466.43
36.984,9246,469.2
36.988,9247,481.81
36.992,9248,483.28
36.996,9249,499.86
37.000,9250,520.09
37.004,9251,539.43
37.008,9252,554.86
37.012,9253,555.7
37.016,9254,564.0
37.020,9255,563.1
37.024,9256,570.66
37.028,9257,545.53
37.032,9258,538.65
37.036,9259,539.4
37.040,9260,523.63
37.044,9261,522.71
37.048,9262,518.58
37.052,9263,507.47
37.056,9264,509.79
37.060,9265,506.37
37.064,9266,493.1
37.068,9267,482.51
37.072,9268,484.18
37.076,9269,478.06
37.080,9270,459.36
37.084,9271,461.42
37.088,9272,472.13
37.092,9273,481.09
37.096,9274,486.78
37.100,9275,510.6
37.104,9276,530.71
37.108,9277,537.1
37.112,9278,553.04
37.116,9279,557.39
37.120,9280,548.68
37.124,9281,547.98
37.128,9282,541.87
37.132,9283,532.43
37.136,9284,516.07
37.140,9285,516.41
37.144,9286,509.2
37.148,9287,507.33
37.152,9288,504.14
37.156,9289,495.7
37.160,9290,503.6
37.164,9291,495.01
37.168,9292,483.62
37.172,9293,471.02
37.176,9294,457.98
37.180,9295,458.34
37.184,9296,453.2
37.188,9297,461.86
37.192,9298,472.92
37.196,9299,483.86
37.200,9300,501.37
37.204,9301,522.06
37.208,9302,539.71
37.212,9303,542.2
37.216,9304,554.39
37.220,9305,546.23
37.224,9306,543.99
37.228,9307,545.03
37.232,9308,521.35
37.236,9309,511.91
37.240,9310,507.5
37.244,9311,504.15
37.248,9312,497.87
37.252,9313,503.27
37.256,9314,502.51
37.260,9315,497.92
37.264,9316,490.47
37.268,9317,478.75
37.272,9318,465.66
37.276,9319,460.03
37.280,9320,455.51
37.284,9321,448.57
37.288,9322,455.82
37.292,9323,467.58
37.296,9324,492.44
37.300,9325,506.53
37.304,9326,526.07
37.308,9327,539.36
37.312,9328,545.01
37.316,9329,554.68
37.320,9330,556.95
37.324,9331,540.51
37.328,9332,535.28
37.332,9333,525.3
37.336,9334,517.94
37.340,9335,513.72
37.344,9336,504.38
37.348,9337,502.8
37.352,9338,515.08
37.356,9339,498.83
37.360,9340,491.41
37.364,9341,490.87
37.368,9342,479.04
37.372,9343,470.44
37.376,9344,461.3
37.380,9345,446.39
37.384,9346,454.61
37.388,9347,460.09
37.392,9348,475.0
37.396,9349,487.01
37.400,9350,509.78
37.404,9351,530.56
37.408,9352,542.18
37.412,9353,553.03
37.416,9354,554.82
37.420,9355,557.44
37.424,9356,547.43
37.428,9357,530.11
37.432,9358,528.91
37.436,9359,525.06
37.440,9360,517.57
37.444,9361,509.23
37.448,9362,505.55
37.452,9363,506.86
37.456,9364,506.2
37.460,9365,497.96
37.464,9366,492.15
37.468,9367,486.97
37.472,9368,478.1
37.476,9369,470.33
37.480,9370,458.66
37.484,9371,453.02
37.488,9372,464.97
37.492,9373,480.85
37.496,9374,487.18
37.500,9375,508.58
37.504,9376,528.24
37.508,9377,553.66
37.512,9378,562.68
37.516,9379,561.94
37.520,9380,565.24
37.524,9381,553.16
37.528,9382,546.63
37.532,9383,529.36
37.536,9384,523.9
37.540,9385,517.55
37.544,9386,512.99
37.548,9387,518.3
37.552,9388,511.31
37.556,9389,517.72
37.560,9390,512.2
37.564,9391,504.45
37.568,9392,499.26
37.572,9393,485.51
37.576,9394,472.39
37.580,9395,467.32
37.584,9396,470.53
37.588,9397,467.71
37.592,9398,487.56
37.596,9399,499.19
37.600,9400,521.32
37.604,9401,538.15
37.608,9402,550.62
37.612,9403,571.17
37.616,9404,568.76
37.620,9405,569.7
37.624,9406,560.09
37.628,9407,549.67
37.632,9408,543.09
37.636,9409,531.68
37.640,9410,526.85
37.644,9411,523.79
37.648,9412,519.39
37.652,9413,524.51
37.656,9414,521.23
37.660,9415,506.73
37.664,9416,504.65
37.668,9417,497.73
37.672,9418,485.03
37.676,9419,476.6
37.680,9420,475.73
37.684,9421,473.72
37.688,9422,470.08
37.692,9423,482.26
37.696,9424,504.34
37.700,9425,520.76
37.704,9426,543.88
37.708,9427,553.85
37.712,9428,567.48
37.716,9429,568.55
37.720,9430,569.45
37.724,9431,566.5
37.728,9432,556.08
37.732,9433,539.72
37.736,9434,539.1
37.740,9435,527.85
37.744,9436,525.79
37.748,9437,523.82
37.752,9438,519.1
37.756,9439,522.44
37.760,9440,511.95
37.764,9441,506.48
37.768,9442,493.8
37.772,9443,482.02
37.776,9444,487.34
37.780,9445,471.29
37.784,9446,468.71
37.788,9447,482.4
37.792,9448,478.64
37.796,9449,506.15
37.800,9450,520.69
37.804,9451,537.57
37.808,9452,552.84
37.812,9453,563.25
37.816,9454,574.9
37.820,9455,571.34
37.824,9456,560.07
37.828,9457,547.7
37.832,9458,540.38
37.836,9459,526.81
37.840,9460,520.6
37.844,9461,518.41
37.848,9462,514.44
37.852,9463,513.55
37.856,9464,512.56
37.860,9465,505.59
37.864,9466,508.8
37.868,9467,484.75
37.872,9468,485.44
37.876,9469,475.52
37.880,9470,465.39
37.884,9471,463.72
37.888,9472,469.35
37.892,9473,479.55
37.896,9474,497.72
37.900,9475,515.42
37.904,9476,529.94
37.908,9477,543.17
37.912,9478,558.95
37.916,9479,564.4
37.920,9480,563.51
37.924,9481,551.41
37.928,9482,553.71
37.932,9483,526.25
37.936,9484,531.06
37.940,9485,513.4
37.944,9486,511.93
37.948,9487,517.2
37.952,9488,516.27
37.956,9489,512.9
37.960,9490,505.58
37.964,9491,496.99
37.968,9492,480.34
37.972,9493,470.52
37.976,9494,465.19
37.980,9495,461.21
37.984,9496,459.96
37.988,9497,464.92
37.992,9498,477.73
37.996,9499,493.42
38.000,9500,506.28
38.004,9501,516.14
38.008,9502,544.15
38.012,9503,549.88
38.016,9504,553.32
38.020,9505,554.27
38.024,9506,541.76
38.028,9507,536.32
38.032,9508,520.89
38.036,9509,508.02
38.040,9510,507.55
38.044,9511,512.04
38.048,9512,504.65
38.052,9513,506.03
38.056,9514,500.44
38.060,9515,498.38
38.064,9516,482.32
38.068,9517,477.67
38.072,9518,466.61
38.076,9519,455.0
38.080,9520,454.39
38.084,9521,453.96
38.088,9522,458.43
38.092,9523,467.59
38.096,9524,486.4
38.100,9525,502.41
38.104,9526,521.82
38.108,9527,534.2
38.112,9528,549.56
38.116,9529,553.75
38.120,9530,546.5
38.124,9531,541.54
38.128,9532,538.93
38.132,9533,519.09
38.136,9534,513.51
38.140,9535,512.53
38.144,9536,507.19
38.148,9537,506.59
38.152,9538,504.08
38.156,9539,498.42
38.160,9540,488.84
38.164,9541,497.5
38.168,9542,483.44
38.172,9543,466.41
38.176,9544,461.04
38.180,9545,451.69
38.184,9546,452.5
38.188,9547,460.12
38.192,9548,465.94
38.196,9549,492.34
38.200,9550,502.21
38.204,9551,520.53
38.208,9552,543.07
38.212,9553,544.78
38.216,9554,554.83
38.220,9555,561.54
38.224,9556,547.21
38.228,9557,538.42
38.232,9558,525.1
38.236,9559,514.71
38.240,9560,511.03
38.244,9561,517.27
38.248,9562,510.21
38.252,9563,507.85
38.256,9564,506.85
38.260,9565,504.19
38.264,9566,492.55
38.268,9567,484.88
38.272,9568,474.62
38.276,9569,467.43
38.280,9570,455.6
38.284,9571,453.09
38.288,9572,460.35
38.292,9573,476.03
38.296,9574,486.2
38.300,9575,512.6
38.304,9576,523.84
38.308,9577,543.71
38.312,9578,550.22
38.316,9579,563.21
38.320,9580,553.49
38.324,9581,545.43
38.328,9582,544.51
38.332,9583,535.52
38.336,9584,528.41
38.340,9585,519.59
38.344,9586,516.9
38.348,9587,514.38
38.352,9588,513.69
38.356,9589,516.8
38.360,9590,506.75
38.364,9591,497.25
38.368,9592,497.49
38.372,9593,486.08
38.376,9594,475.28
38.380,9595,464.65
38.384,9596,467.6
38.388,9597,477.41
38.392,9598,479.91
38.396,9599,500.63
38.400,9600,511.46
38.404,9601,532.0
38.408,9602,555.73
38.412,9603,565.58
38.416,9604,566.5
38.420,9605,562.37
38.424,9606,557.53
38.428,9607,559.4
38.432,9608,541.34
38.436,9609,535.6
38.440,9610,527.93
38.444,9611,522.9
38.448,9612,521.93
38.452,9613,517.96
38.456,9614,522.11
38.460,9615,514.13
38.464,9616,505.93
38.468,9617,500.33
38.472,9618,487.85
38.476,9619,480.22
38.480,9620,468.94
38.484,9621,463.94
38.488,9622,467.07
38.492,9623,480.95
38.496,9624,498.78
38.500,9625,519.2
38.504,9626,540.25
38.508,9627,558.07
38.512,9628,569.27
38.516,9629,567.17
38.520,9630,578.07
38.524,9631,563.63
38.528,9632,552.22
38.532,9633,543.91
38.536,9634,536.21
38.540,9635,529.81
38.544,9636,522.21
38.548,9637,528.67
38.552,9638,515.2
38.556,9639,521.45
38.560,9640,518.59
38.564,9641,508.52
38.568,9642,495.69
38.572,9643,489.4
38.576,9644,483.21
38.580,9645,473.28
38.584,9646,469.35
38.588,9647,467.88
38.592,9648,488.03
38.596,9649,494.76
38.600,9650,525.45
38.604,9651,536.43
38.608,9652,559.86
38.612,9653,569.93
38.616,9654,570.42
38.620,9655,568.12
38.624,9656,570.12
38.628,9657,551.57
38.632,9658,540.9
38.636,9659,530.85
38.640,9660,522.77
38.644,9661,521.61
38.648,9662,518.88
38.652,9663,507.45
38.656,9664,511.91
38.660,9665,516.99
38.664,9666,508.34
38.668,9667,504.81
38.672,9668,478.2
38.676,9669,467.17
38.680,9670,472.73
38.684,9671,462.51
38.688,9672,474.68
38.692,9673,479.18
38.696,9674,502.07
38.700,9675,514.41
38.704,9676,533.44
38.708,9677,555.58
38.712,9678,563.21
38.716,9679,562.02
38.720,9680,551.77
38.724,9681,562.47
38.728,9682,545.89
38.732,9683,536.76
38.736,9684,522.55
38.740,9685,518.68
38.744,9686,511.61
38.748,9687,509.92
38.752,9688,501.23
38.756,9689,512.07
38.760,9690,505.72
38.764,9691,494.62
38.768,9692,492.94
38.772,9693,476.79
38.776,9694,466.11
38.780,9695,457.02
38.784,9696,465.52
38.788,9697,472.28
38.792,9698,470.21
38.796,9699,485.83
38.800,9700,507.23
38.804,9701,529.77
38.808,9702,542.45
38.812,9703,552.17
38.816,9704,560.44
38.820,9705,556.42
38.824,9706,547.78
38.828,9707,538.39
38.832,9708,527.07
38.836,9709,523.09
38.840,9710,512.04
38.844,9711,507.77
38.848,9712,505.77
38.852,9713,508.22
38.856,9714,500.79
38.860,9715,505.98
38.864,9716,487.81
38.868,9717,476.01
38.872,9718,472.33
38.876,9719,463.09
38.880,9720,453.35
38.884,9721,466.62
38.888,9722,459.77
38.892,9723,473.77
38.896,9724,486.92
38.900,9725,504.32
38.904,9726,517.76
38.908,9727,537.81
38.912,9728,550.1
38.916,9729,547.29
38.920,9730,541.81
38.924,9731,549.39
38.928,9732,537.47
38.932,9733,526.32
38.936,9734,514.17
38.940,9735,511.76
38.944,9736,498.91
38.948,9737,500.21
38.952,9738,499.16
38.956,9739,504.32
38.960,9740,494.52
38.964,9741,486.43
38.968,9742,483.05
38.972,9743,473.22
38.976,9744,459.38
38.980,9745,455.12
38.984,9746,446.99
38.988,9747,454.61
38.992,9748,464.13
38.996,9749,482.68
39.000,9750,505.54
39.004,9751,518.19
39.008,9752,539.94
39.012,9753,551.46
39.016,9754,549.37
39.020,9755,560.3
39.024,9756,544.33
39.028,9757,531.64
39.032,9758,522.07
39.036,9759,518.64
39.040,9760,509.43
39.044,9761,506.92
39.048,9762,495.36
39.052,9763,500.22
39.056,9764,496.28
39.060,9765,501.61
39.064,9766,489.33
39.068,9767,480.66
39.072,9768,473.01
39.076,9769,468.29
39.080,9770,460.79
39.084,9771,459.69
39.088,9772,458.01
39.092,9773,470.86
39.096,9774,488.44
39.100,9775,503.19
39.104,9776,525.71
39.108,9777,542.44
39.112,9778,556.22
39.116,9779,550.7
39.120,9780,555.88
39.124,9781,551.35
39.128,9782,548.88
39.132,9783,534.28
39.136,9784,520.73
39.140,9785,513.48
39.144,9786,515.42
39.148,9787,513.04
39.152,9788,506.8
39.156,9789,509.21
39.160,9790,511.2
39.164,9791,501.11
39.168,9792,486.78
39.172,9793,473.9
39.176,9794,473.09
39.180,9795,465.27
39.184,9796,467.3
39.188,9797,473.42
39.192,9798,476.59
39.196,9799,495.66
39.200,9800,510.97
39.204,9801,526.41
39.208,9802,548.45
39.212,9803,563.98
39.216,9804,566.15
39.220,9805,564.51
39.224,9806,552.29
39.228,9807,549.7
39.232,9808,539.08
39.236,9809,530.15
39.240,9810,522.03
39.244,9811,518.68
39.248,9812,520.51
39.252,9813,519.01
39.256,9814,508.37
39.260,9815,513.32
39.264,9816,504.29
39.268,9817,497.06
39.272,9818,489.41
39.276,9819,479.99
39.280,9820,478.29
39.284,9821,468.87
39.288,9822,477.32
39.292,9823,481.42
39.296,9824,504.29
39.300,9825,515.0
39.304,9826,542.73
39.308,9827,550.93
39.312,9828,561.06
39.316,9829,573.43
39.320,9830,572.72
39.324,9831,570.23
39.328,9832,552.7
39.332,9833,541.76
39.336,9834,534.45
39.340,9835,523.02
39.344,9836,520.86
39.348,9837,522.82
39.352,9838,516.3
39.356,9839,510.71
39.360,9840,509.61
39.364,9841,509.09
39.368,9842,494.87
39.372,9843,493.24
39.376,9844,483.07
39.380,9845,475.96
39.384,9846,471.07
39.388,9847,477.04
39.392,9848,482.48
39.396,9849,504.63
39.400,9850,525.21
39.404,9851,540.62
39.408,9852,550.98
39.412,9853,560.27
39.416,9854,570.72
39.420,9855,569.24
39.424,9856,572.06
39.428,9857,548.22
39.432,9858,537.13
39.436,9859,535.38
39.440,9860,525.31
39.444,9861,534.24
39.448,9862,516.13
39.452,9863,525.96
39.456,9864,514.08
39.460,9865,513.55
39.464,9866,505.61
39.468,9867,493.49
39.472,9868,492.17
39.476,9869,479.31
39.480,9870,466.6
39.484,9871,473.86
39.488,9872,469.87
39.492,9873,489.25
39.496,9874,500.24
39.500,9875,514.73
39.504,9876,536.52
39.508,9877,548.46
39.512,9878,555.47
39.516,9879,572.43
39.520,9880,562.84
39.524,9881,555.43
39.528,9882,542.94
39.532,9883,539.13
39.536,9884,520.5
39.540,9885,517.39
39.544,9886,518.1
39.548,9887,510.35
39.552,9888,516.24
39.556,9889,514.22
39.560,9890,510.91
39.564,9891,499.29
39.568,9892,487.82
39.572,9893,477.45
39.576,9894,477.89
39.580,9895,465.81
39.584,9896,462.86
39.588,9897,467.82
39.592,9898,484.21
39.596,9899,498.2
39.600,9900,504.06
39.604,9901,530.06
39.608,9902,551.84
39.612,9903,554.35
39.616,9904,559.3
39.620,9905,554.97
39.624,9906,553.16
39.628,9907,539.9
39.632,9908,535.98
39.636,9909,517.07
39.640,9910,512.97
39.644,9911,510.69
39.648,9912,506.35
39.652,9913,505.24
39.656,9914,505.28
39.660,9915,498.87
39.664,9916,493.6
39.668,9917,478.27
39.672,9918,478.03
39.676,9919,455.75
39.680,9920,454.04
39.684,9921,460.64
39.688,9922,450.93
39.692,9923,478.57
39.696,9924,483.48
39.700,9925,503.1
39.704,9926,522.66
39.708,9927,542.68
39.712,9928,548.49
39.716,9929,556.26
39.720,9930,555.9
39.724,9931,551.69
39.728,9932,536.74
39.732,9933,522.88
39.736,9934,511.11
39.740,9935,506.36
39.744,9936,503.72
39.748,9937,500.72
39.752,9938,505.02
39.756,9939,492.09
39.760,9940,493.29
39.764,9941,492.24
39.768,9942,478.35
39.772,9943,469.0
39.776,9944,462.45
39.780,9945,459.36
39.784,9946,456.82
39.788,9947,453.61
39.792,9948,459.97
39.796,9949,483.57
39.800,9950,497.92
39.804,9951,518.72
39.808,9952,533.22
39.812,9953,551.91
39.816,9954,550.2
39.820,9955,550.06
39.824,9956,548.33
39.828,9957,536.77
39.832,9958,523.69
39.836,9959,516.77
39.840,9960,515.21
39.844,9961,508.47
39.848,9962,502.83
39.852,9963,504.39
39.856,9964,501.41
39.860,9965,502.29
39.864,9966,488.92
39.868,9967,483.78
39.872,9968,479.53
39.876,9969,458.48
39.880,9970,455.46
39.884,9971,460.5
39.888,9972,466.55
39.892,9973,473.61
39.896,9974,487.86
39.900,9975,504.84
39.904,9976,517.02
39.908,9977,536.5
39.912,9978,555.47
39.916,9979,554.18
39.920,9980,553.85
39.924,9981,549.56
39.928,9982,538.87
39.932,9983,527.58
39.936,9984,511.71
39.940,9985,515.64
39.944,9986,510.22
39.948,9987,509.7
39.952,9988,506.29
39.956,9989,508.99
39.960,9990,499.19
39.964,9991,502.05
39.968,9992,490.51
39.972,9993,481.1
39.976,9994,467.1
39.980,9995,452.84
39.984,9996,456.48
39.988,9997,458.73
39.992,9998,477.07
39.996,9999,494.63
40.000,10000,520.21
40.004,10001,528.14
40.008,10002,545.09
40.012,10003,551.73
40.016,10004,574.25
40.020,10005,564.61
40.024,10006,561.11
40.028,10007,545.09
40.032,10008,535.47
40.036,10009,526.76
40.040,10010,512.18
40.044,10011,514.59
40.048,10012,515.93
40.052,10013,516.44
40.056,10014,518.34
40.060,10015,511.03
40.064,10016,501.01
40.068,10017,491.14
40.072,10018,481.94
40.076,10019,482.6
40.080,10020,469.87
40.084,10021,467.71
40.088,10022,479.29
40.092,10023,486.28
40.096,10024,501.86
40.100,10025,514.26
40.104,10026,541.55
40.108,10027,549.08
40.112,10028,564.44
40.116,10029,564.68
40.120,10030,574.94
40.124,10031,564.42
40.128,10032,551.46
40.132,10033,538.72
40.136,10034,531.74
40.140,10035,528.06
40.144,10036,515.36
40.148,10037,524.76
40.152,10038,524.38
40.156,10039,518.41
40.160,10040,516.44
40.164,10041,512.33
40.168,10042,501.93
40.172,10043,490.0
40.176,10044,477.09
40.180,10045,471.63
40.184,10046,471.64
40.188,10047,468.16
40.192,10048,488.85
40.196,10049,498.34
40.200,10050,522.67
40.204,10051,540.57
40.208,10052,555.09
40.212,10053,560.15
40.216,10054,573.89
40.220,10055,571.55
40.224,10056,564.61
40.228,10057,555.64
40.232,10058,540.74
40.236,10059,539.65
40.240,10060,528.23
40.244,10061,527.37
40.248,10062,518.51
40.252,10063,518.1
40.256,10064,520.11
40.260,10065,515.97
40.264,10066,507.99
40.268,10067,503.69
40.272,10068,481.69
40.276,10069,478.76
40.280,10070,466.42
40.284,10071,477.31
40.288,10072,476.08
40.292,10073,491.82
40.296,10074,507.77
40.300,10075,517.2
40.304,10076,536.59
40.308,10077,559.39
40.312,10078,561.33
40.316,10079,568.41
40.320,10080,565.76
40.324,10081,556.13
40.328,10082,558.97
40.332,10083,543.14
40.336,10084,529.31
40.340,10085,518.49
40.344,10086,519.11
40.348,10087,520.14
40.352,10088,523.26
40.356,10089,522.3
40.360,10090,510.55
40.364,10091,509.26
40.368,10092,494.21
40.372,10093,486.38
40.376,10094,473.74
40.380,10095,464.08
40.384,10096,470.51
40.388,10097,467.94
40.392,10098,476.79
40.396,10099,491.38
40.400,10100,516.8
40.404,10101,534.67
40.408,10102,550.28
40.412,10103,558.38
40.416,10104,556.51
40.420,10105,565.36
40.424,10106,556.42
40.428,10107,545.45
40.432,10108,529.56
40.436,10109,520.71
40.440,10110,519.21
40.444,10111,509.36
40.448,10112,512.81
40.452,10113,509.58
40.456,10114,508.38
40.460,10115,506.29
40.464,10116,498.6
40.468,10117,487.0
40.472,10118,471.71
40.476,10119,464.54
40.480,10120,464.19
40.484,10121,457.97
40.488,10122,468.62
40.492,10123,466.52
40.496,10124,493.84
40.500,10125,502.12
40.504,10126,518.84
40.508,10127,536.47
40.512,10128,546.69
40.516,10129,561.58
40.520,10130,549.73
40.524,10131,548.64
40.528,10132,536.37
40.532,10133,520.22
40.536,10134,519.11
40.540,10135,511.05
40.544,10136,501.33
40.548,10137,508.31
40.552,10138,499.48
40.556,10139,493.81
40.560,10140,500.91
40.564,10141,488.2
40.568,10142,475.93
40.572,10143,467.84
40.576,10144,458.13
40.580,10145,453.67
40.584,10146,447.55
40.588,10147,461.53
40.592,10148,469.73
40.596,10149,482.65
40.600,10150,509.32
40.604,10151,521.43
40.608,10152,538.16
40.612,10153,546.88
40.616,10154,552.09
40.620,10155,555.63
40.624,10156,542.08
40.628,10157,538.08
40.632,10158,521.5
40.636,10159,512.66
40.640,10160,504.68
40.644,10161,498.63
40.648,10162,504.71
40.652,10163,496.58
40.656,10164,503.55
40.660,10165,499.6
40.664,10166,487.94
40.668,10167,483.03
40.672,10168,471.89
40.676,10169,464.57
40.680,10170,450.06
40.684,10171,454.57
40.688,10172,462.23
40.692,10173,467.81
40.696,10174,486.35
40.700,10175,501.23
40.704,10176,531.16
40.708,10177,541.77
40.712,10178,548.51
40.716,10179,559.74
40.720,10180,552.51
40.724,10181,548.18
40.728,10182,540.44
40.732,10183,533.57
40.736,10184,517.12
40.740,10185,519.88
40.744,10186,512.1
40.748,10187,510.58
40.752,10188,509.06
40.756,10189,508.52
40.760,10190,502.23
40.764,10191,494.47
40.768,10192,490.85
40.772,10193,476.33
40.776,10194,469.01
40.780,10195,455.42
40.784,10196,464.44
40.788,10197,464.96
40.792,10198,480.34
40.796,10199,492.96
40.800,10200,509.34
40.804,10201,531.51
40.808,10202,541.14
40.812,10203,548.63
40.816,10204,556.91
40.820,10205,564.69
40.824,10206,550.48
40.828,10207,542.07
40.832,10208,538.05
40.836,10209,527.37
40.840,10210,515.96
40.844,10211,515.0
40.848,10212,511.87
40.852,10213,516.29
40.856,10214,513.13
40.860,10215,503.88
40.864,10216,496.02
40.868,10217,485.9
40.872,10218,484.42
40.876,10219,475.77
40.880,10220,467.68
40.884,10221,462.16
40.888,10222,465.79
40.892,10223,484.98
40.896,10224,487.34
40.900,10225,518.79
40.904,10226,533.99
40.908,10227,550.17
40.912,10228,571.81
40.916,10229,570.45
40.920,10230,567.48
40.924,10231,560.01
40.928,10232,545.58
40.932,10233,536.5
40.936,10234,525.18
40.940,10235,525.12
40.944,10236,516.54
40.948,10237,519.87
40.952,10238,517.71
40.956,10239,519.89
40.960,10240,514.27
40.964,10241,506.29
40.968,10242,497.59
40.972,10243,484.11
40.976,10244,480.24
40.980,10245,472.29
40.984,10246,479.29
40.988,10247,480.22
40.992,10248,487.59
40.996,10249,507.47
41.000,10250,517.01
41.004,10251,537.95
41.008,10252,550.49
41.012,10253,570.3
41.016,10254,574.69
41.020,10255,566.48
41.024,10256,568.38
41.028,10257,556.05
41.032,10258,540.03
41.036,10259,534.47
41.040,10260,527.48
41.044,10261,531.95
41.048,10262,521.73
41.052,10263,524.32
41.056,10264,519.84
41.060,10265,522.34
41.064,10266,505.86
41.068,10267,502.84
41.072,10268,489.05
41.076,10269,477.51
41.080,10270,473.33
41.084,10271,477.92
41.088,10272,478.82
41.092,10273,484.23
41.096,10274,499.71
41.100,10275,524.85
41.104,10276,544.54
41.108,10277,552.27
41.112,10278,562.53
41.116,10279,567.85
41.120,10280,564.4
41.124,10281,564.85
41.128,10282,553.58
41.132,10283,540.26
41.136,10284,525.98
41.140,10285,524.15
41.144,10286,517.14
41.148,10287,522.4
41.152,10288,520.21
41.156,10289,518.48
41.160,10290,511.09
41.164,10291,508.28
41.168,10292,499.12
41.172,10293,486.93
41.176,10294,480.33
41.180,10295,467.86
41.184,10296,462.08
41.188,10297,466.06
41.192,10298,488.38
41.196,10299,492.53
41.200,10300,517.7
41.204,10301,534.22
41.208,10302,549.16
41.212,10303,565.24
41.216,10304,570.56
41.220,10305,560.06
41.224,10306,556.86
41.228,10307,547.07
41.232,10308,530.11
41.236,10309,528.75
41.240,10310,521.27
41.244,10311,514.72
41.248,10312,518.69
41.252,10313,504.66
41.256,10314,512.23
41.260,10315,502.74
41.264,10316,493.63
41.268,10317,491.26
41.272,10318,477.21
41.276,10319,465.92
41.280,10320,467.97
41.284,10321,454.27
41.288,10322,459.18
41.292,10323,471.41
41.296,10324,491.2
41.300,10325,508.27
41.304,10326,526.39
41.308,10327,538.5
41.312,10328,548.95
41.316,10329,558.58
41.320,10330,548.37
41.324,10331,551.24
41.328,10332,538.0
41.332,10333,532.94
41.336,10334,520.79
41.340,10335,514.02
41.344,10336,508.79
41.348,10337,496.94
41.352,10338,506.05
41.356,10339,501.78
41.360,10340,502.49
41.364,10341,488.01
41.368,10342,477.95
41.372,10343,475.6
41.376,10344,458.57
41.380,10345,458.03
41.384,10346,448.15
41.388,10347,457.74
41.392,10348,470.46
41.396,10349,483.85
41.400,10350,501.88
41.404,10351,524.94
41.408,10352,529.33
41.412,10353,544.6
41.416,10354,545.8
41.420,10355,547.33
41.424,10356,541.35
41.428,10357,536.5
41.432,10358,523.47
41.436,10359,517.56
41.440,10360,513.05
41.444,10361,510.21
41.448,10362,501.41
41.452,10363,489.49
41.456,10364,500.78
41.460,10365,500.3
41.464,10366,483.94
41.468,10367,477.19
41.472,10368,472.04
41.476,10369,461.83
41.480,10370,455.86
41.484,10371,454.3
41.488,10372,449.18
41.492,10373,470.97
41.496,10374,481.64
41.500,10375,511.17
41.504,10376,527.88
41.508,10377,536.69
41.512,10378,553.43
41.516,10379,550.28
41.520,10380,553.41
41.524,10381,547.49
41.528,10382,539.56
41.532,10383,520.14
41.536,10384,525.31
41.540,10385,511.71
41.544,10386,511.24
41.548,10387,503.49
41.552,10388,504.0
41.556,10389,501.75
41.560,10390,498.86
41.564,10391,491.08
41.568,10392,485.67
41.572,10393,481.92
41.576,10394,457.65
41.580,10395,454.49
41.584,10396,448.62
41.588,10397,460.08
41.592,10398,471.66
41.596,10399,490.15
41.600,10400,505.09
41.604,10401,518.64
41.608,10402,538.19
41.612,10403,554.8
41.616,10404,557.68
41.620,10405,565.15
41.624,10406,557.5
41.628,10407,541.51
41.632,10408,534.52
41.636,10409,525.34
41.640,10410,522.64
41.644,10411,516.09
41.648,10412,510.63
41.652,10413,506.83
41.656,10414,505.58
41.660,10415,504.96
41.664,10416,495.39
41.668,10417,486.27
41.672,10418,480.8
41.676,10419,464.35
41.680,10420,460.78
41.684,10421,471.6
41.688,10422,459.77
41.692,10423,483.2
41.696,10424,496.53
41.700,10425,511.12
41.704,10426,536.59
41.708,10427,544.59
41.712,10428,561.47
41.716,10429,564.94
41.720,10430,564.2
41.724,10431,557.99
41.728,10432,551.66
41.732,10433,542.0
41.736,10434,535.74
41.740,10435,521.55
41.744,10436,519.69
41.748,10437,520.57
41.752,10438,520.0
41.756,10439,509.85
41.760,10440,511.54
41.764,10441,508.16
41.768,10442,503.57
41.772,10443,479.56
41.776,10444,481.31
41.780,10445,465.72
41.784,10446,471.17
41.788,10447,474.61
41.792,10448,483.08
41.796,10449,500.69
41.800,10450,522.26
41.804,10451,542.97
41.808,10452,554.9
41.812,10453,570.14
41.816,10454,566.16
41.820,10455,566.91
41.824,10456,557.62
41.828,10457,554.62
41.832,10458,545.24
41.836,10459,537.77
41.840,10460,528.42
41.844,10461,527.43
41.848,10462,515.22
41.852,10463,521.98
41.856,10464,516.56
41.860,10465,517.9
41.864,10466,507.04
41.868,10467,499.88
41.872,10468,495.61
41.876,10469,485.18
41.880,10470,473.47
41.884,10471,468.63
41.888,10472,480.09
41.892,10473,486.77
41.896,10474,502.22
41.900,10475,520.13
41.904,10476,536.96
41.908,10477,556.93
41.912,10478,571.63
41.916,10479,575.63
41.920,10480,568.12
41.924,10481,556.88
41.928,10482,546.69
41.932,10483,544.15
41.936,10484,529.99
41.940,10485,527.5
41.944,10486,523.4
41.948,10487,524.36
41.952,10488,511.43
41.956,10489,517.39
41.960,10490,513.91
41.964,10491,505.31
41.968,10492,497.74
41.972,10493,483.69
41.976,10494,475.42
41.980,10495,474.04
41.984,10496,464.98
41.988,10497,474.68
41.992,10498,486.58
41.996,10499,497.85
42.000,10500,517.38
42.004,10501,532.64
42.008,10502,553.28
42.012,10503,559.35
42.016,10504,562.52
42.020,10505,568.02
42.024,10506,559.86
42.028,10507,551.07
42.032,10508,531.24
42.036,10509,521.75
42.040,10510,518.89
42.044,10511,514.99
42.048,10512,514.54
42.052,10513,513.31
42.056,10514,510.39
42.060,10515,500.26
42.064,10516,505.58
42.068,10517,494.19
42.072,10518,486.0
42.076,10519,466.8
42.080,10520,458.11
42.084,10521,459.99
42.088,10522,462.53
42.092,10523,476.44
42.096,10524,493.17
42.100,10525,512.96
42.104,10526,521.34
42.108,10527,542.86
42.112,10528,556.13
42.116,10529,566.75
42.120,10530,560.93
42.124,10531,549.25
42.128,10532,542.75
42.132,10533,537.09
42.136,10534,522.28
42.140,10535,513.85
42.144,10536,519.41
42.148,10537,509.04
42.152,10538,509.74
42.156,10539,506.81
42.160,10540,497.82
42.164,10541,493.37
42.168,10542,482.8
42.172,10543,475.88
42.176,10544,463.81
42.180,10545,453.73
42.184,10546,454.77
42.188,10547,461.59
42.192,10548,471.46
42.196,10549,480.17
42.200,10550,508.76
42.204,10551,527.55
42.208,10552,538.18
42.212,10553,550.77
42.216,10554,559.37
42.220,10555,554.91
42.224,10556,545.77
42.228,10557,531.66
42.232,10558,532.82
42.236,10559,516.7
42.240,10560,507.33
42.244,10561,503.64
42.248,10562,502.45
42.252,10563,494.84
42.256,10564,501.83
42.260,10565,501.02
42.264,10566,487.73
42.268,10567,483.11
42.272,10568,468.58
42.276,10569,459.83
42.280,10570,453.01
42.284,10571,454.62
42.288,10572,456.13
42.292,10573,473.35
42.296,10574,480.12
42.300,10575,502.61
42.304,10576,529.37
42.308,10577,542.31
42.312,10578,543.2
42.316,10579,550.51
42.320,10580,554.98
42.324,10581,541.77
42.328,10582,535.06
42.332,10583,525.53
42.336,10584,511.69
42.340,10585,509.12
42.344,10586,501.67
42.348,10587,507.03
42.352,10588,504.69
42.356,10589,502.54
42.360,10590,500.88
42.364,10591,489.69
42.368,10592,481.72
42.372,10593,474.93
42.376,10594,456.48
42.380,10595,453.3
42.384,10596,450.66
42.388,10597,465.51
42.392,10598,472.03
42.396,10599,486.05
42.400,10600,509.04
42.404,10601,530.99
42.408,10602,537.05
42.412,10603,551.38
42.416,10604,559.64
42.420,10605,559.25
42.424,10606,542.43
42.428,10607,540.56
42.432,10608,526.76
42.436,10609,519.32
42.440,10610,514.35
42.444,10611,507.28
42.448,10612,507.35
42.452,10613,511.29
42.456,10614,508.4
42.460,10615,505.5
42.464,10616,492.43
42.468,10617,485.66
42.472,10618,483.36
42.476,10619,468.24
42.480,10620,462.1
42.484,10621,453.62
42.488,10622,462.43
42.492,10623,475.95
42.496,10624,491.04
42.500,10625,509.12
42.504,10626,529.69
42.508,10627,542.42
42.512,10628,566.17
42.516,10629,553.52
42.520,10630,563.77
42.524,10631,556.9
42.528,10632,545.54
42.532,10633,533.03
42.536,10634,527.92
42.540,10635,518.99
42.544,10636,517.63
42.548,10637,513.67
42.552,10638,505.4
42.556,10639,517.78
42.560,10640,514.06
42.564,10641,504.52
42.568,10642,498.03
42.572,10643,490.84
42.576,10644,468.62
42.580,10645,469.58
42.584,10646,463.99
42.588,10647,471.63
42.592,10648,482.69
42.596,10649,504.1
42.600,10650,516.37
42.604,10651,546.37
42.608,10652,551.58
42.612,10653,560.47
42.616,10654,566.84
42.620,10655,565.93
42.624,10656,560.93
42.628,10657,551.1
42.632,10658,540.04
42.636,10659,533.29
42.640,10660,522.32
42.644,10661,519.09
42.648,10662,518.5
42.652,10663,520.2
42.656,10664,509.7
42.660,10665,517.12
42.664,10666,514.03
42.668,10667,496.39
42.672,10668,490.26
42.676,10669,477.8
42.680,10670,465.72
42.684,10671,470.62
42.688,10672,480.68
42.692,10673,487.71
42.696,10674,504.21
42.700,10675,523.19
42.704,10676,544.04
42.708,10677,555.97
42.712,10678,569.69
42.716,10679,577.73
42.720,10680,567.1
42.724,10681,563.27
42.728,10682,558.73
42.732,10683,545.85
42.736,10684,536.98
42.740,10685,531.2
42.744,10686,521.38
42.748,10687,521.05
42.752,10688,514.6
42.756,10689,512.32
42.760,10690,513.72
42.764,10691,515.32
42.768,10692,502.26
42.772,10693,484.3
42.776,10694,476.63
42.780,10695,477.21
42.784,10696,467.84
42.788,10697,476.65
42.792,10698,479.93
42.796,10699,499.78
42.800,10700,521.74
42.804,10701,539.2
42.808,10702,553.38
42.812,10703,561.23
42.816,10704,568.79
42.820,10705,569.13
42.824,10706,562.15
42.828,10707,545.77
42.832,10708,540.64
42.836,10709,527.29
42.840,10710,524.59
42.844,10711,514.31
42.848,10712,516.25
42.852,10713,523.3
42.856,10714,518.12
42.860,10715,505.45
42.864,10716,500.34
42.868,10717,493.67
42.872,10718,485.14
42.876,10719,461.08
42.880,10720,472.17
42.884,10721,468.29
42.888,10722,470.25
42.892,10723,481.29
42.896,10724,497.43
42.900,10725,510.75
42.904,10726,532.61
42.908,10727,546.32
42.912,10728,553.4
42.916,10729,561.79
42.920,10730,558.56
42.924,10731,550.56
42.928,10732,541.81
42.932,10733,533.17
42.936,10734,520.07
42.940,10735,515.21
42.944,10736,508.94
42.948,10737,513.19
42.952,10738,506.99
42.956,10739,511.17
42.960,10740,494.26
42.964,10741,493.78
42.968,10742,491.36
42.972,10743,466.94
42.976,10744,472.63
42.980,10745,456.24
42.984,10746,455.24
42.988,10747,454.1
42.992,10748,467.84
42.996,10749,486.03
43.000,10750,507.6
43.004,10751,518.6
43.008,10752,536.12
43.012,10753,549.24
43.016,10754,554.73
43.020,10755,554.33
43.024,10756,543.96
43.028,10757,540.57
43.032,10758,523.57
43.036,10759,511.65
43.040,10760,511.53
43.044,10761,511.2
43.048,10762,513.65
43.052,10763,502.82
43.056,10764,499.06
43.060,10765,498.48
43.064,10766,489.89
43.068,10767,480.0
43.072,10768,465.56
43.076,10769,462.24
43.080,10770,457.39
43.084,10771,452.54
43.088,10772,460.23
43.092,10773,469.98
43.096,10774,483.41
43.100,10775,511.2
43.104,10776,519.93
43.108,10777,535.9
43.112,10778,546.68
43.116,10779,556.59
43.120,10780,556.56
43.124,10781,545.86
43.128,10782,534.56
43.132,10783,529.94
43.136,10784,522.5
43.140,10785,507.11
43.144,10786,510.49
43.148,10787,495.74
43.152,10788,507.33
43.156,10789,499.77
43.160,10790,491.43
43.164,10791,489.57
43.168,10792,484.91
43.172,10793,465.24
43.176,10794,460.95
43.180,10795,453.18
43.184,10796,461.25
43.188,10797,459.29
43.192,10798,472.51
43.196,10799,490.14
43.200,10800,505.02
43.204,10801,520.8
43.208,10802,531.6
43.212,10803,553.17
43.216,10804,559.67
43.220,10805,555.05
43.224,10806,548.51
43.228,10807,538.22
43.232,10808,516.39
43.236,10809,515.31
43.240,10810,513.82
43.244,10811,513.35
43.248,10812,514.12
43.252,10813,506.51
43.256,10814,506.11
43.260,10815,497.51
43.264,10816,491.67
43.268,10817,476.54
43.272,10818,466.66
43.276,10819,460.64
43.280,10820,450.01
43.284,10821,457.33
43.288,10822,457.04
43.292,10823,478.83
43.296,10824,489.89
43.300,10825,508.23
43.304,10826,530.57
43.308,10827,540.36
43.312,10828,555.52
43.316,10829,559.1
43.320,10830,556.61
43.324,10831,554.59
43.328,10832,545.77
43.332,10833,538.73
43.336,10834,528.43
43.340,10835,524.76
43.344,10836,515.38
43.348,10837,513.37
43.352,10838,512.31
43.356,10839,514.97
43.360,10840,504.79
43.364,10841,505.5
43.368,10842,490.55
43.372,10843,477.33
43.376,10844,471.05
43.380,10845,467.28
43.384,10846,471.12
43.388,10847,474.15
43.392,10848,483.92
43.396,10849,502.85
43.400,10850,523.48
43.404,10851,534.24
43.408,10852,552.48
43.412,10853,560.22
43.416,10854,566.74
43.420,10855,567.87
43.424,10856,560.01
43.428,10857,548.24
43.432,10858,544.09
43.436,10859,527.24
43.440,10860,527.72
43.444,10861,520.3
43.448,10862,520.22
43.452,10863,517.13
43.456,10864,523.49
43.460,10865,515.83
43.464,10866,508.16
43.468,10867,500.15
43.472,10868,486.84
43.476,10869,481.25
43.480,10870,475.45
43.484,10871,478.69
43.488,10872,477.32
43.492,10873,489.84
43.496,10874,501.78
43.500,10875,518.54
43.504,10876,534.97
43.508,10877,556.48
43.512,10878,563.76
43.516,10879,576.53
43.520,10880,565.12
43.524,10881,565.84
43.528,10882,555.15
43.532,10883,543.34
43.536,10884,537.13
43.540,10885,524.99
43.544,10886,521.73
43.548,10887,521.88
43.552,10888,520.34
43.556,10889,516.01
43.560,10890,518.18
43.564,10891,502.1
43.568,10892,501.12
43.572,10893,495.06
43.576,10894,471.96
43.580,10895,472.78
43.584,10896,471.91
43.588,10897,474.37
43.592,10898,487.27
43.596,10899,499.5
43.600,10900,520.06
43.604,10901,539.74
43.608,10902,559.63
43.612,10903,569.86
43.616,10904,571.38
43.620,10905,570.95
43.624,10906,559.01
43.628,10907,550.62
43.632,10908,538.26
43.636,10909,536.41
43.640,10910,531.85
43.644,10911,522.88
43.648,10912,513.95
43.652,10913,512.33
43.656,10914,520.28
43.660,10915,512.09
43.664,10916,501.97
43.668,10917,500.45
43.672,10918,492.03
43.676,10919,480.32
43.680,10920,466.86
43.684,10921,470.92
43.688,10922,471.49
43.692,10923,482.54
43.696,10924,498.95
43.700,10925,511.57
43.704,10926,530.22
43.708,10927,547.62
43.712,10928,554.06
43.716,10929,569.08
43.720,10930,562.8
43.724,10931,559.99
43.728,10932,543.16
43.732,10933,540.81
43.736,10934,522.9
43.740,10935,529.25
43.744,10936,519.73
43.748,10937,507.96
43.752,10938,515.18
43.756,10939,506.37
43.760,10940,498.79
43.764,10941,501.09
43.768,10942,492.2
43.772,10943,476.53
43.776,10944,472.59
43.780,10945,461.99
43.784,10946,466.78
43.788,10947,459.92
43.792,10948,483.76
43.796,10949,487.91
43.800,10950,511.73
43.804,10951,536.82
43.808,10952,542.26
43.812,10953,550.73
43.816,10954,552.22
43.820,10955,564.38
43.824,10956,552.26
43.828,10957,538.48
43.832,10958,529.24
43.836,10959,511.94
43.840,10960,509.79
43.844,10961,508.51
43.848,10962,508.06
43.852,10963,504.52
43.856,10964,504.94
43.860,10965,495.96
43.864,10966,493.85
43.868,10967,483.33
43.872,10968,471.88
43.876,10969,463.35
43.880,10970,455.27
43.884,10971,459.54
43.888,10972,460.22
43.892,10973,465.56
43.896,10974,480.82
43.900,10975,503.47
43.904,10976,515.45
43.908,10977,538.29
43.912,10978,545.16
43.916,10979,544.18
43.920,10980,547.34
43.924,10981,537.93
43.928,10982,533.08
43.932,10983,517.99
43.936,10984,517.01
43.940,10985,509.68
43.944,10986,504.64
43.948,10987,500.43
43.952,10988,502.72
43.956,10989,491.14
43.960,10990,498.36
43.964,10991,483.01
43.968,10992,476.14
43.972,10993,471.21
43.976,10994,464.08
43.980,10995,455.53
43.984,10996,451.81
43.988,10997,451.6
43.992,10998,468.82
43.996,10999,489.17
44.000,11000,502.92
44.004,11001,517.39
44.008,11002,533.18
44.012,11003,554.45
44.016,11004,547.86
44.020,11005,547.41
44.024,11006,550.33
44.028,11007,533.07
44.032,11008,527.5
44.036,11009,518.77
44.040,11010,511.26
44.044,11011,510.57
44.048,11012,501.63
44.052,11013,508.78
44.056,11014,499.26
44.060,11015,499.88
44.064,11016,486.25
44.068,11017,487.75
44.072,11018,482.64
44.076,11019,465.7
44.080,11020,455.19
44.084,11021,457.23
44.088,11022,457.94
44.092,11023,465.29
44.096,11024,486.68
44.100,11025,507.55
44.104,11026,525.34
44.108,11027,540.49
44.112,11028,558.03
44.116,11029,552.84
44.120,11030,560.67
44.124,11031,551.28
44.128,11032,538.28
44.132,11033,529.96
44.136,11034,518.42
44.140,11035,517.69
44.144,11036,516.63
44.148,11037,510.12
44.152,11038,510.81
44.156,11039,505.43
44.160,11040,504.8
44.164,11041,504.32
44.168,11042,484.05
44.172,11043,475.37
44.176,11044,466.85
44.180,11045,465.57
44.184,11046,459.68
44.188,11047,468.85
44.192,11048,475.71
44.196,11049,494.74
44.200,11050,516.97
44.204,11051,522.43
44.208,11052,545.68
44.212,11053,559.92
44.216,11054,564.65
44.220,11055,562.5
44.224,11056,553.51
44.228,11057,557.09
44.232,11058,536.81
44.236,11059,528.71
44.240,11060,526.13
44.244,11061,513.95
44.248,11062,517.08
44.252,11063,517.81
44.256,11064,515.43
44.260,11065,514.07
44.264,11066,501.74
44.268,11067,496.84
44.272,11068,491.14
44.276,11069,473.26
44.280,11070,470.87
44.284,11071,473.31
44.288,11072,472.46
44.292,11073,492.73
44.296,11074,499.24
44.300,11075,519.78
44.304,11076,538.75
44.308,11077,555.81
44.312,11078,563.67
44.316,11079,576.16
44.320,11080,566.67
44.324,11081,561.32
44.328,11082,560.42
44.332,11083,545.3
44.336,11084,534.72
44.340,11085,529.72
44.344,11086,529.47
44.348,11087,525.94
44.352,11088,518.46
44.356,11089,516.34
44.360,11090,513.89
44.364,11091,519.39
44.368,11092,498.54
44.372,11093,486.56
44.376,11094,483.29
44.380,11095,466.62
44.384,11096,471.39
44.388,11097,471.76
44.392,11098,485.91
44.396,11099,503.67
44.400,11100,520.25
44.404,11101,542.0
44.408,11102,561.8
44.412,11103,566.13
44.416,11104,574.48
44.420,11105,567.4
44.424,11106,565.11
44.428,11107,553.68
44.432,11108,549.39
44.436,11109,531.17
44.440,11110,526.46
44.444,11111,523.48
44.448,11112,523.99
44.452,11113,518.88
44.456,11114,513.04
44.460,11115,506.83
44.464,11116,508.91
44.468,11117,493.67
44.472,11118,488.72
44.476,11119,478.8
44.480,11120,470.17
44.484,11121,472.14
44.488,11122,465.42
44.492,11123,483.2
44.496,11124,499.78
44.500,11125,525.04
44.504,11126,533.06
44.508,11127,555.06
44.512,11128,562.76
44.516,11129,562.64
44.520,11130,565.08
44.524,11131,551.56
44.528,11132,547.72
44.532,11133,543.98
44.536,11134,521.69
44.540,11135,516.24
44.544,11136,515.93
44.548,11137,512.3
44.552,11138,513.15
44.556,11139,512.07
44.560,11140,505.55
44.564,11141,501.39
44.568,11142,490.25
44.572,11143,485.57
44.576,11144,473.84
44.580,11145,463.1
44.584,11146,462.03
44.588,11147,467.05
44.592,11148,476.22
44.596,11149,493.72
44.600,11150,509.26
44.604,11151,535.2
44.608,11152,547.1
44.612,11153,550.49
44.616,11154,557.26
44.620,11155,555.22
44.624,11156,544.09
44.628,11157,547.28
44.632,11158,534.38
44.636,11159,521.56
44.640,11160,511.78
44.644,11161,513.55
44.648,11162,501.45
44.652,11163,508.07
44.656,11164,505.9
44.660,11165,506.14
44.664,11166,491.72
44.668,11167,481.0
44.672,11168,480.8
44.676,11169,464.97
44.680,11170,462.25
44.684,11171,453.92
44.688,11172,456.14
44.692,11173,468.84
44.696,11174,488.92
44.700,11175,515.47
44.704,11176,520.46
44.708,11177,540.83
44.712,11178,546.71
44.716,11179,559.14
44.720,11180,557.55
44.724,11181,546.49
44.728,11182,537.66
44.732,11183,528.54
44.736,11184,503.97
44.740,11185,514.66
44.744,11186,515.7
44.748,11187,504.65
44.752,11188,497.55
44.756,11189,498.34
44.760,11190,496.76
44.764,11191,498.05
44.768,11192,483.54
44.772,11193,473.47
44.776,11194,460.95
44.780,11195,451.95
44.784,11196,454.42
44.788,11197,468.86
44.792,11198,465.27
44.796,11199,482.31
44.800,11200,505.77
44.804,11201,526.5
44.808,11202,536.15
44.812,11203,543.43
44.816,11204,546.63
44.820,11205,554.48
44.824,11206,539.76
44.828,11207,537.7
44.832,11208,523.18
44.836,11209,519.14
44.840,11210,515.6
44.844,11211,510.29
44.848,11212,509.99
44.852,11213,500.81
44.856,11214,498.7
44.860,11215,501.42
44.864,11216,484.14
44.868,11217,486.25
44.872,11218,466.65
44.876,11219,461.92
44.880,11220,457.53
44.884,11221,450.39
44.888,11222,461.4
44.892,11223,469.11
44.896,11224,485.14
44.900,11225,509.95
44.904,11226,521.75
44.908,11227,543.93
44.912,11228,555.28
44.916,11229,563.85
44.920,11230,550.62
44.924,11231,552.65
44.928,11232,543.56
44.932,11233,528.76
44.936,11234,516.86
44.940,11235,509.82
44.944,11236,513.89
44.948,11237,512.97
44.952,11238,513.33
44.956,11239,506.3
44.960,11240,501.56
44.964,11241,486.59
44.968,11242,485.91
44.972,11243,479.94
44.976,11244,463.92
44.980,11245,459.97
44.984,11246,463.97
44.988,11247,467.83
44.992,11248,476.56
44.996,11249,484.79
45.000,11250,509.13
45.004,11251,526.74
45.008,11252,552.17
45.012,11253,552.35
45.016,11254,565.29
45.020,11255,565.38
45.024,11256,557.73
45.028,11257,545.0
45.032,11258,545.04
45.036,11259,524.35
45.040,11260,519.89
45.044,11261,520.65
45.048,11262,518.22
45.052,11263,513.61
45.056,11264,510.78
45.060,11265,510.7
45.064,11266,493.86
45.068,11267,487.27
45.072,11268,487.61
45.076,11269,464.96
45.080,11270,467.11
45.084,11271,467.86
45.088,11272,469.96
45.092,11273,481.74
45.096,11274,502.07
45.100,11275,517.71
45.104,11276,527.72
45.108,11277,556.15
45.112,11278,565.85
45.116,11279,569.78
45.120,11280,564.92
45.124,11281,555.02
45.128,11282,560.85
45.132,11283,542.49
45.136,11284,537.44
45.140,11285,528.87
45.144,11286,522.85
45.148,11287,527.85
45.152,11288,525.59
45.156,11289,523.6
45.160,11290,511.97
45.164,11291,504.36
45.168,11292,503.75
45.172,11293,489.64
45.176,11294,479.03
45.180,11295,469.86
45.184,11296,465.8
45.188,11297,480.97
45.192,11298,487.9
45.196,11299,499.56
45.200,11300,520.98
45.204,11301,535.93
45.208,11302,553.97
45.212,11303,563.92
45.216,11304,573.64
45.220,11305,572.16
45.224,11306,563.52
45.228,11307,562.0
45.232,11308,544.21
45.236,11309,532.98
45.240,11310,530.12
45.244,11311,527.65
45.248,11312,517.36
45.252,11313,528.39
45.256,11314,519.73
45.260,11315,512.22
45.264,11316,512.69
45.268,11317,501.97
45.272,11318,495.86
45.276,11319,482.39
45.280,11320,468.96
45.284,11321,470.51
45.288,11322,474.69
45.292,11323,488.95
45.296,11324,494.66
45.300,11325,522.1
45.304,11326,536.51
45.308,11327,548.85
45.312,11328,558.83
45.316,11329,565.16
45.320,11330,569.26
45.324,11331,563.25
45.328,11332,551.56
45.332,11333,544.07
45.336,11334,528.69
45.340,11335,526.38
45.344,11336,521.82
45.348,11337,516.69
45.352,11338,513.12
45.356,11339,510.63
45.360,11340,506.64
45.364,11341,503.96
45.368,11342,493.02
45.372,11343,476.48
45.376,11344,474.85
45.380,11345,468.75
45.384,11346,460.13
45.388,11347,472.58
45.392,11348,482.1
45.396,11349,495.42
45.400,11350,511.52
45.404,11351,536.58
45.408,11352,546.74
45.412,11353,564.08
45.416,11354,561.73
45.420,11355,547.05
45.424,11356,549.02
45.428,11357,546.91
45.432,11358,534.93
45.436,11359,526.91
45.440,11360,521.01
45.444,11361,518.85
45.448,11362,508.67
45.452,11363,512.39
45.456,11364,509.73
45.460,11365,498.95
45.464,11366,497.74
45.468,11367,490.17
45.472,11368,479.14
45.476,11369,473.11
45.480,11370,468.44
45.484,11371,457.94
45.488,11372,459.64
45.492,11373,475.03
45.496,11374,488.27
45.500,11375,509.31
45.504,11376,525.74
45.508,11377,533.16
45.512,11378,548.55
45.516,11379,552.21
45.520,11380,545.05
45.524,11381,549.17
45.528,11382,543.59
45.532,11383,522.43
45.536,11384,521.27
45.540,11385,504.61
45.544,11386,503.36
45.548,11387,503.74
45.552,11388,504.68
45.556,11389,506.57
45.560,11390,495.32
45.564,11391,490.99
45.568,11392,479.87
45.572,11393,471.43
45.576,11394,455.82
45.580,11395,452.32
45.584,11396,451.97
45.588,11397,448.93
45.592,11398,469.17
45.596,11399,483.37
45.600,11400,499.42
45.604,11401,519.52
45.608,11402,536.3
45.612,11403,553.95
45.616,11404,549.94
45.620,11405,545.24
45.624,11406,544.37
45.628,11407,540.78
45.632,11408,523.23
45.636,11409,515.49
45.640,11410,504.53
45.644,11411,501.3
45.648,11412,504.87
45.652,11413,503.08
45.656,11414,500.57
45.660,11415,494.69
45.664,11416,493.28
45.668,11417,477.42
45.672,11418,472.62
45.676,11419,461.63
45.680,11420,449.69
45.684,11421,450.21
45.688,11422,452.92
45.692,11423,469.89
45.696,11424,485.47
45.700,11425,500.12
45.704,11426,520.58
45.708,11427,536.39
45.712,11428,550.66
45.716,11429,555.44
45.720,11430,554.7
45.724,11431,551.57
45.728,11432,538.54
45.732,11433,531.92
45.736,11434,513.65
45.740,11435,509.69
45.744,11436,509.42
45.748,11437,505.05
45.752,11438,510.95
45.756,11439,499.56
45.760,11440,502.82
45.764,11441,500.68
45.768,11442,481.62
45.772,11443,471.97
45.776,11444,472.34
45.780,11445,459.48
45.784,11446,454.56
45.788,11447,460.53
45.792,11448,476.59
45.796,11449,494.86
45.800,11450,499.71
45.804,11451,527.55
45.808,11452,542.1
45.812,11453,563.4
45.816,11454,560.78
45.820,11455,562.83
45.824,11456,550.29
45.828,11457,542.97
45.832,11458,523.99
45.836,11459,529.39
45.840,11460,523.25
45.844,11461,513.66
45.848,11462,509.08
45.852,11463,522.69
45.856,11464,508.95
45.860,11465,508.04
45.864,11466,505.05
45.868,11467,493.96
45.872,11468,479.14
45.876,11469,481.56
45.880,11470,461.48
45.884,11471,467.66
45.888,11472,468.19
45.892,11473,481.2
45.896,11474,499.15
45.900,11475,510.14
45.904,11476,536.78
45.908,11477,556.4
45.912,11478,560.84
45.916,11479,572.35
45.920,11480,569.4
45.924,11481,562.53
45.928,11482,547.19
45.932,11483,537.79
45.936,11484,533.45
45.940,11485,527.52
45.944,11486,522.53
45.948,11487,513.16
45.952,11488,522.56
45.956,11489,513.19
45.960,11490,519.29
45.964,11491,515.56
45.968,11492,503.96
45.972,11493,487.3
45.976,11494,480.3
45.980,11495,465.56
45.984,11496,469.88
45.988,11497,485.07
45.992,11498,479.08
45.996,11499,504.17
46.000,11500,520.77
46.004,11501,542.33
46.008,11502,554.27
46.012,11503,570.33
46.016,11504,571.74
46.020,11505,566.12
46.024,11506,560.52
46.028,11507,556.42
46.032,11508,538.42
46.036,11509,538.5
46.040,11510,519.72
46.044,11511,530.37
46.048,11512,518.14
46.052,11513,527.19
46.056,11514,526.28
46.060,11515,514.44
46.064,11516,514.92
46.068,11517,500.24
46.072,11518,490.71
46.076,11519,485.63
46.080,11520,471.89
46.084,11521,475.15
46.088,11522,472.96
46.092,11523,493.19
46.096,11524,500.21
46.100,11525,525.6
46.104,11526,540.4
46.108,11527,557.89
46.112,11528,558.09
46.116,11529,570.38
46.120,11530,571.27
46.124,11531,564.17
46.128,11532,550.53
46.132,11533,546.16
46.136,11534,531.91
46.140,11535,521.33
46.144,11536,522.78
46.148,11537,519.27
46.152,11538,514.91
46.156,11539,510.96
46.160,11540,515.77
46.164,11541,502.4
46.168,11542,494.44
46.172,11543,490.25
46.176,11544,473.81
46.180,11545,469.72
46.184,11546,464.66
46.188,11547,468.69
46.192,11548,475.58
46.196,11549,503.98
46.200,11550,517.33
46.204,11551,535.4
46.208,11552,549.58
46.212,11553,556.63
46.216,11554,565.25
46.220,11555,558.78
46.224,11556,557.45
46.228,11557,548.18
46.232,11558,534.87
46.236,11559,528.74
46.240,11560,521.7
46.244,11561,516.43
46.248,11562,506.6
46.252,11563,508.32
46.256,11564,508.81
46.260,11565,509.77
46.264,11566,497.59
46.268,11567,489.14
46.272,11568,477.89
46.276,11569,466.39
46.280,11570,462.55
46.284,11571,453.26
46.288,11572,460.76
46.292,11573,481.63
46.296,11574,493.58
46.300,11575,505.88
46.304,11576,528.57
46.308,11577,540.54
46.312,11578,548.48
46.316,11579,558.17
46.320,11580,552.59
46.324,11581,554.1
46.328,11582,538.24
46.332,11583,525.58
46.336,11584,519.09
46.340,11585,511.25
46.344,11586,510.91
46.348,11587,508.6
46.352,11588,500.84
46.356,11589,505.23
46.360,11590,502.92
46.364,11591,492.74
46.368,11592,486.0
46.372,11593,468.89
46.376,11594,465.96
46.380,11595,455.51
46.384,11596,458.11
46.388,11597,458.98
46.392,11598,470.87
46.396,11599,477.72
46.400,11600,497.73
46.404,11601,521.71
46.408,11602,532.85
46.412,11603,543.08
46.416,11604,542.64
46.420,11605,546.72
46.424,11606,545.45
46.428,11607,530.09
46.432,11608,526.85
46.436,11609,507.9
46.440,11610,516.19
46.444,11611,509.2
46.448,11612,492.87
46.452,11613,493.45
46.456,11614,499.68
46.460,11615,488.78
46.464,11616,485.95
46.468,11617,481.06
46.472,11618,461.53
46.476,11619,462.4
46.480,11620,453.11
46.484,11621,446.34
46.488,11622,462.08
46.492,11623,470.41
46.496,11624,481.16
46.500,11625,506.63
46.504,11626,518.59
46.508,11627,530.23
46.512,11628,547.39
46.516,11629,553.33
46.520,11630,551.28
46.524,11631,545.17
46.528,11632,536.38
46.532,11633,525.14
46.536,11634,517.46
46.540,11635,514.4
46.544,11636,506.26
46.548,11637,507.57
46.552,11638,502.23
46.556,11639,499.02
46.560,11640,492.69
46.564,11641,493.42
46.568,11642,483.56
46.572,11643,467.6
46.576,11644,458.47
46.580,11645,463.82
46.584,11646,457.65
46.588,11647,459.36
46.592,11648,472.59
46.596,11649,485.61
46.600,11650,507.57
46.604,11651,526.91
46.608,11652,536.0
46.612,11653,548.73
46.616,11654,559.25
46.620,11655,552.28
46.624,11656,554.43
46.628,11657,540.79
46.632,11658,530.59
46.636,11659,525.5
46.640,11660,517.27
46.644,11661,515.99
46.648,11662,508.31
46.652,11663,511.82
46.656,11664,511.37
46.660,11665,504.01
46.664,11666,497.32
46.668,11667,491.49
46.672,11668,483.2
46.676,11669,467.97
46.680,11670,466.34
46.684,11671,459.89
46.688,11672,462.06
46.692,11673,481.71
46.696,11674,495.33
46.700,11675,510.58
46.704,11676,529.58
46.708,11677,550.86
46.712,11678,561.78
46.716,11679,569.46
46.720,11680,565.23
46.724,11681,556.74
46.728,11682,553.14
46.732,11683,546.94
46.736,11684,529.81
46.740,11685,521.63
46.744,11686,519.99
46.748,11687,516.27
46.752,11688,512.02
46.756,11689,516.21
46.760,11690,512.07
46.764,11691,502.07
46.768,11692,500.8
46.772,11693,497.29
46.776,11694,478.33
46.780,11695,467.33
46.784,11696,469.61
46.788,11697,476.53
46.792,11698,485.17
46.796,11699,501.79
46.800,11700,521.78
46.804,11701,535.4
46.808,11702,557.56
46.812,11703,563.32
46.816,11704,578.26
46.820,11705,567.23
46.824,11706,556.34
46.828,11707,557.16
46.832,11708,538.75
46.836,11709,550.03
46.840,11710,533.0
46.844,11711,527.04
46.848,11712,518.86
46.852,11713,524.2
46.856,11714,522.55
46.860,11715,514.58
46.864,11716,506.7
46.868,11717,496.84
46.872,11718,491.25
46.876,11719,482.16
46.880,11720,471.45
46.884,11721,471.09
46.888,11722,480.05
46.892,11723,492.57
46.896,11724,503.37
46.900,11725,520.41
46.904,11726,542.97
46.908,11727,548.57
46.912,11728,564.91
46.916,11729,568.32
46.920,11730,568.04
46.924,11731,564.7
46.928,11732,558.27
46.932,11733,551.71
46.936,11734,540.53
46.940,11735,525.79
46.944,11736,524.02
46.948,11737,518.71
46.952,11738,521.22
46.956,11739,516.46
46.960,11740,516.08
46.964,11741,510.69
46.968,11742,495.38
46.972,11743,492.04
46.976,11744,479.7
46.980,11745,468.7
46.984,11746,465.73
46.988,11747,479.55
46.992,11748,479.77
46.996,11749,506.81
47.000,11750,525.8
47.004,11751,537.98
47.008,11752,552.9
47.012,11753,561.83
47.016,11754,563.05
47.020,11755,568.99
47.024,11756,556.19
47.028,11757,548.35
47.032,11758,546.59
47.036,11759,529.43
47.040,11760,531.58
47.044,11761,523.85
47.048,11762,518.63
47.052,11763,516.75
47.056,11764,519.48
47.060,11765,506.54
47.064,11766,498.22
47.068,11767,490.34
47.072,11768,475.65
47.076,11769,466.94
47.080,11770,461.93
47.084,11771,466.06
47.088,11772,468.02
47.092,11773,475.68
47.096,11774,490.31
47.100,11775,507.57
47.104,11776,524.27
47.108,11777,540.46
47.112,11778,548.62
47.116,11779,560.55
47.120,11780,559.47
47.124,11781,549.04
47.128,11782,541.76
47.132,11783,532.81
47.136,11784,523.95
47.140,11785,513.23
47.144,11786,511.54
47.148,11787,508.73
47.152,11788,499.64
47.156,11789,509.13
47.160,11790,502.4
47.164,11791,494.91
47.168,11792,486.06
47.172,11793,478.52
47.176,11794,458.27
47.180,11795,466.23
47.184,11796,452.68
47.188,11797,455.33
47.192,11798,462.89
47.196,11799,482.0
47.200,11800,504.43
47.204,11801,520.6
47.208,11802,533.2
47.212,11803,551.87
47.216,11804,545.44
47.220,11805,547.58
47.224,11806,553.95
47.228,11807,537.65
47.232,11808,524.38
47.236,11809,516.84
47.240,11810,509.96
47.244,11811,507.44
47.248,11812,503.73
47.252,11813,502.73
47.256,11814,500.62
47.260,11815,493.61
47.264,11816,486.78
47.268,11817,484.51
47.272,11818,465.79
47.276,11819,460.26
47.280,11820,448.33
47.284,11821,446.62
47.288,11822,452.78
47.292,11823,465.49
47.296,11824,484.61
47.300,11825,507.46
47.304,11826,518.74
47.308,11827,535.97
47.312,11828,546.21
47.316,11829,558.95
47.320,11830,554.07
47.324,11831,542.8
47.328,11832,537.44
47.332,11833,522.86
47.336,11834,517.31
47.340,11835,504.72
47.344,11836,499.55
47.348,11837,501.64
47.352,11838,500.68
47.356,11839,497.56
47.360,11840,495.47
47.364,11841,490.14
47.368,11842,477.48
47.372,11843,475.41
47.376,11844,463.8
47.380,11845,455.06
47.384,11846,454.9
47.388,11847,463.56
47.392,11848,474.13
47.396,11849,489.57
47.400,11850,502.85
47.404,11851,531.79
47.408,11852,538.57
47.412,11853,555.2
47.416,11854,557.8
47.420,11855,554.79
47.424,11856,551.93
47.428,11857,535.98
47.432,11858,521.8
47.436,11859,526.21
47.440,11860,516.65
47.444,11861,510.28
47.448,11862,510.23
47.452,11863,505.53
47.456,11864,512.81
47.460,11865,503.32
47.464,11866,492.89
47.468,11867,491.59
47.472,11868,481.83
47.476,11869,474.49
47.480,11870,454.78
47.484,11871,459.61
47.488,11872,463.87
47.492,11873,479.13
47.496,11874,497.73
47.500,11875,510.4
47.504,11876,529.63
47.508,11877,548.37
47.512,11878,561.12
47.516,11879,568.16
47.520,11880,556.45
47.524,11881,550.77
47.528,11882,546.78
47.532,11883,534.42
47.536,11884,532.95
47.540,11885,519.41
47.544,11886,519.69
47.548,11887,513.57
47.552,11888,524.72
47.556,11889,511.21
47.560,11890,507.5
47.564,11891,511.74
47.568,11892,502.92
47.572,11893,483.02
47.576,11894,473.12
47.580,11895,469.48
47.584,11896,467.96
47.588,11897,472.77
47.592,11898,483.88
47.596,11899,505.1
47.600,11900,515.43
47.604,11901,546.07
47.608,11902,546.07
47.612,11903,558.22
47.616,11904,573.56
47.620,11905,569.98
47.624,11906,566.83
47.628,11907,558.73
47.632,11908,543.38
47.636,11909,526.46
47.640,11910,529.93
47.644,11911,522.34
47.648,11912,522.82
47.652,11913,514.96
47.656,11914,516.8
47.660,11915,516.61
47.664,11916,509.08
47.668,11917,497.9
47.672,11918,492.09
47.676,11919,478.79
47.680,11920,474.75
47.684,11921,470.49
47.688,11922,475.91
47.692,11923,477.86
47.696,11924,505.84
47.700,11925,525.51
47.704,11926,537.44
47.708,11927,550.5
47.712,11928,569.34
47.716,11929,572.18
47.720,11930,569.89
47.724,11931,565.83
47.728,11932,551.43
47.732,11933,540.9
47.736,11934,533.12
47.740,11935,525.26
47.744,11936,528.71
47.748,11937,526.75
47.752,11938,519.46
47.756,11939,519.39
47.760,11940,523.57
47.764,11941,506.84
47.768,11942,496.95
47.772,11943,490.88
47.776,11944,482.46
47.780,11945,471.66
47.784,11946,471.87
47.788,11947,473.67
47.792,11948,480.42
47.796,11949,502.38
47.800,11950,524.08
47.804,11951,533.83
47.808,11952,555.63
47.812,11953,557.96
47.816,11954,569.24
47.820,11955,569.12
47.824,11956,566.05
47.828,11957,550.78
47.832,11958,537.2
47.836,11959,528.64
47.840,11960,527.89
47.844,11961,515.28
47.848,11962,522.81
47.852,11963,507.35
47.856,11964,508.99
47.860,11965,512.45
47.864,11966,504.88
47.868,11967,490.83
47.872,11968,482.12
47.876,11969,469.67
47.880,11970,466.06
47.884,11971,469.14
47.888,11972,462.14
47.892,11973,483.06
47.896,11974,496.59
47.900,11975,513.08
47.904,11976,537.4
47.908,11977,551.42
47.912,11978,557.91
47.916,11979,566.78
47.920,11980,555.39
47.924,11981,550.42
47.928,11982,549.35
47.932,11983,537.41
47.936,11984,522.37
47.940,11985,511.69
47.944,11986,514.38
47.948,11987,506.88
47.952,11988,499.79
47.956,11989,505.59
47.960,11990,498.38
47.964,11991,499.02
47.968,11992,479.91
47.972,11993,471.46
47.976,11994,470.52
47.980,11995,457.29
47.984,11996,462.11
47.988,11997,466.1
47.992,11998,468.32
47.996,11999,492.34
48.000,12000,509.57
48.004,12001,522.12
48.008,12002,534.93
48.012,12003,554.85
48.016,12004,551.21
48.020,12005,559.37
48.024,12006,550.07
48.028,12007,533.04
48.032,12008,517.29
48.036,12009,515.95
48.040,12010,512.55
48.044,12011,501.02
48.048,12012,505.2
48.052,12013,497.08
48.056,12014,506.03
48.060,12015,497.61
48.064,12016,499.45
48.068,12017,482.05
48.072,12018,477.45
48.076,12019,465.74
48.080,12020,456.02
48.084,12021,446.29
48.088,12022,458.83
48.092,12023,465.36
48.096,12024,485.15
48.100,12025,498.84
48.104,12026,523.73
48.108,12027,536.05
48.112,12028,546.21
48.116,12029,552.5
48.120,12030,538.78
48.124,12031,547.36
48.128,12032,534.08
48.132,12033,531.42
48.136,12034,516.91
48.140,12035,515.1
48.144,12036,501.13
48.148,12037,501.65
48.152,12038,498.66
48.156,12039,502.02
48.160,12040,499.04
48.164,12041,482.21
48.168,12042,482.44
48.172,12043,467.13
48.176,12044,455.67
48.180,12045,449.84
48.184,12046,454.4
48.188,12047,455.3
48.192,12048,469.66
48.196,12049,483.15
48.200,12050,502.55
48.204,12051,516.72
48.208,12052,536.56
48.212,12053,553.75
48.216,12054,555.86
48.220,12055,556.7
48.224,12056,546.26
48.228,12057,543.78
48.232,12058,523.13
48.236,12059,524.29
48.240,12060,517.24
48.244,12061,504.08
48.248,12062,509.95
48.252,12063,504.81
48.256,12064,508.13
48.260,12065,503.76
48.264,12066,499.09
48.268,12067,481.58
48.272,12068,468.63
48.276,12069,463.14
48.280,12070,455.55
48.284,12071,457.35
48.288,12072,462.41
48.292,12073,471.96
48.296,12074,495.15
48.300,12075,512.42
48.304,12076,531.34
48.308,12077,541.72
48.312,12078,555.21
48.316,12079,567.08
48.320,12080,555.68
48.324,12081,552.65
48.328,12082,545.91
48.332,12083,533.33
48.336,12084,532.41
48.340,12085,516.89
48.344,12086,517.74
48.348,12087,511.47
48.352,12088,511.37
48.356,12089,510.59
48.360,12090,511.93
48.364,12091,501.14
48.368,12092,497.14
48.372,12093,483.49
48.376,12094,471.4
48.380,12095,464.04
48.384,12096,458.1
48.388,12097,470.92
48.392,12098,484.8
48.396,12099,497.62
48.400,12100,517.69
48.404,12101,541.41
48.408,12102,551.94
48.412,12103,563.55
48.416,12104,567.93
48.420,12105,567.52
48.424,12106,554.68
48.428,12107,546.27
48.432,12108,536.74
48.436,12109,534.72
48.440,12110,521.84
48.444,12111,520.1
48.448,12112,523.19
48.452,12113,514.96
48.456,12114,511.74
48.460,12115,507.76
48.464,12116,513.77
48.468,12117,497.31
48.472,12118,484.94
48.476,12119,467.71
48.480,12120,473.35
48.484,12121,468.06
48.488,12122,469.96
48.492,12123,493.09
48.496,12124,506.04
48.500,12125,520.15
48.504,12126,533.94
48.508,12127,564.03
48.512,12128,572.36
48.516,12129,577.81
48.520,12130,573.49
48.524,12131,563.83
48.528,12132,552.57
48.532,12133,543.8
48.536,12134,542.09
48.540,12135,527.56
48.544,12136,519.86
48.548,12137,522.31
48.552,12138,518.61
48.556,12139,526.23
48.560,12140,510.45
48.564,12141,504.84
48.568,12142,498.31
48.572,12143,483.44
48.576,12144,468.55
48.580,12145,469.1
48.584,12146,466.33
48.588,12147,477.18
48.592,12148,492.07
48.596,12149,504.38
48.600,12150,516.77
48.604,12151,539.61
48.608,12152,557.59
48.612,12153,565.26
48.616,12154,565.77
48.620,12155,567.05
48.624,12156,565.77
48.628,12157,553.93
48.632,12158,543.62
48.636,12159,531.04
48.640,12160,525.16
48.644,12161,520.23
48.648,12162,518.48
48.652,12163,513.1
48.656,12164,522.21
48.660,12165,509.79
48.664,12166,503.85
48.668,12167,490.95
48.672,12168,482.17
48.676,12169,465.94
48.680,12170,471.19
48.684,12171,466.47
48.688,12172,466.41
48.692,12173,483.24
48.696,12174,495.71
48.700,12175,512.49
48.704,12176,526.62
48.708,12177,546.11
48.712,12178,562.28
48.716,12179,563.86
48.720,12180,557.0
48.724,12181,554.63
48.728,12182,546.13
48.732,12183,536.11
48.736,12184,521.32
48.740,12185,515.13
48.744,12186,513.58
48.748,12187,514.26
48.752,12188,516.77
48.756,12189,508.36
48.760,12190,498.49
48.764,12191,496.6
48.768,12192,487.99
48.772,12193,474.68
48.776,12194,462.46
48.780,12195,457.12
48.784,12196,460.49
48.788,12197,466.11
48.792,12198,471.66
48.796,12199,486.21
48.800,12200,509.58
48.804,12201,527.84
48.808,12202,547.16
48.812,12203,551.11
48.816,12204,561.05
48.820,12205,554.34
48.824,12206,543.72
48.828,12207,542.51
48.832,12208,530.89
48.836,12209,521.9
48.840,12210,515.2
48.844,12211,510.02
48.848,12212,503.62
48.852,12213,496.58
48.856,12214,499.87
48.860,12215,498.24
48.864,12216,488.95
48.868,12217,483.57
48.872,12218,477.02
48.876,12219,461.18
48.880,12220,451.5
48.884,12221,459.11
48.888,12222,457.22
48.892,12223,468.64
48.896,12224,475.56
48.900,12225,495.94
48.904,12226,525.05
48.908,12227,538.58
48.912,12228,552.99
48.916,12229,561.54
48.920,12230,550.66
48.924,12231,544.44
48.928,12232,534.22
48.932,12233,525.15
48.936,12234,519.54
48.940,12235,505.6
48.944,12236,510.8
48.948,12237,494.85
48.952,12238,503.57
48.956,12239,504.76
48.960,12240,496.78
48.964,12241,491.42
48.968,12242,475.13
48.972,12243,476.09
48.976,12244,464.53
48.980,12245,450.69
48.984,12246,444.59
48.988,12247,453.12
48.992,12248,465.62
48.996,12249,475.86
49.000,12250,503.49
49.004,12251,523.25
49.008,12252,537.58
49.012,12253,547.25
49.016,12254,557.81
49.020,12255,552.88
49.024,12256,554.56
49.028,12257,533.54
49.032,12258,527.04
49.036,12259,513.57
49.040,12260,509.27
49.044,12261,510.0
49.048,12262,506.78
49.052,12263,508.24
49.056,12264,505.99
49.060,12265,495.65
49.064,12266,480.91
49.068,12267,474.56
49.072,12268,481.05
49.076,12269,458.96
49.080,12270,461.84
49.084,12271,453.92
49.088,12272,457.72
49.092,12273,475.0
49.096,12274,492.09
49.100,12275,510.58
49.104,12276,524.06
49.108,12277,545.43
49.112,12278,553.83
49.116,12279,565.69
49.120,12280,558.71
49.124,12281,554.78
49.128,12282,536.18
49.132,12283,538.67
49.136,12284,529.27
49.140,12285,512.92
49.144,12286,517.99
49.148,12287,507.76
49.152,12288,511.33
49.156,12289,507.25
49.160,12290,499.25
49.164,12291,497.93
49.168,12292,487.68
49.172,12293,484.16
49.176,12294,466.14
49.180,12295,462.14
49.184,12296,459.28
49.188,12297,471.36
49.192,12298,480.5
49.196,12299,498.92
49.200,12300,511.97
49.204,12301,534.25
49.208,12302,553.5
49.212,12303,559.25
49.216,12304,564.17
49.220,12305,565.19
49.224,12306,560.22
49.228,12307,549.41
49.232,12308,533.97
49.236,12309,528.07
49.240,12310,519.35
49.244,12311,531.62
49.248,12312,519.18
49.252,12313,510.65
49.256,12314,514.29
49.260,12315,507.43
49.264,12316,514.92
49.268,12317,499.1
49.272,12318,484.6
49.276,12319,482.15
49.280,12320,474.97
49.284,12321,466.74
49.288,12322,470.43
49.292,12323,480.56
49.296,12324,500.44
49.300,12325,520.18
49.304,12326,538.38
49.308,12327,557.66
49.312,12328,567.52
49.316,12329,570.79
49.320,12330,573.49
49.324,12331,556.21
49.328,12332,553.69
49.332,12333,538.94
49.336,12334,536.39
49.340,12335,531.51
49.344,12336,521.37
49.348,12337,513.98
49.352,12338,529.28
49.356,12339,525.18
49.360,12340,520.47
49.364,12341,504.87
49.368,12342,502.08
49.372,12343,490.53
49.376,12344,481.36
49.380,12345,478.88
49.384,12346,480.91
49.388,12347,477.49
49.392,12348,489.12
49.396,12349,509.14
49.400,12350,522.17
49.404,12351,540.2
49.408,12352,556.6
49.412,12353,574.28
49.416,12354,577.23
49.420,12355,559.99
49.424,12356,570.97
49.428,12357,553.27
49.432,12358,538.13
49.436,12359,539.6
49.440,12360,529.34
49.444,12361,523.69
49.448,12362,521.2
49.452,12363,525.77
49.456,12364,520.88
49.460,12365,510.79
49.464,12366,499.48
49.468,12367,493.89
49.472,12368,484.88
49.476,12369,475.13
49.480,12370,475.13
49.484,12371,464.24
49.488,12372,472.37
49.492,12373,489.95
49.496,12374,495.93
49.500,12375,519.96
49.504,12376,534.74
49.508,12377,560.32
49.512,12378,564.35
49.516,12379,562.69
49.520,12380,560.68
49.524,12381,555.2
49.528,12382,543.83
49.532,12383,541.87
49.536,12384,523.03
49.540,12385,523.46
49.544,12386,518.29
49.548,12387,520.79
49.552,12388,520.26
49.556,12389,517.36
49.560,12390,504.82
49.564,12391,500.5
49.568,12392,486.35
49.572,12393,488.67
49.576,12394,470.13
49.580,12395,469.67
49.584,12396,465.54
49.588,12397,464.6
49.592,12398,473.69
49.596,12399,491.69
49.600,12400,509.01
49.604,12401,528.25
49.608,12402,550.06
49.612,12403,560.28
49.616,12404,566.93
49.620,12405,551.37
49.624,12406,546.74
49.628,12407,539.78
49.632,12408,539.92
49.636,12409,530.7
49.640,12410,512.36
49.644,12411,510.36
49.648,12412,508.86
49.652,12413,514.01
49.656,12414,507.1
49.660,12415,506.36
49.664,12416,494.18
49.668,12417,480.93
49.672,12418,469.92
49.676,12419,460.54
49.680,12420,460.08
49.684,12421,459.27
49.688,12422,468.56
49.692,12423,472.6
49.696,12424,486.14
49.700,12425,501.72
49.704,12426,523.59
49.708,12427,541.78
49.712,12428,540.25
49.716,12429,549.56
49.720,12430,546.72
49.724,12431,553.68
49.728,12432,539.07
49.732,12433,523.57
49.736,12434,517.76
49.740,12435,514.62
49.744,12436,503.25
49.748,12437,504.53
49.752,12438,501.53
49.756,12439,501.36
49.760,12440,496.95
49.764,12441,491.48
49.768,12442,477.49
49.772,12443,465.84
49.776,12444,460.94
49.780,12445,452.32
49.784,12446,452.09
49.788,12447,461.56
49.792,12448,465.45
49.796,12449,482.61
49.800,12450,503.35
49.804,12451,520.36
49.808,12452,534.91
49.812,12453,543.7
49.816,12454,546.8
49.820,12455,549.66
49.824,12456,548.96
49.828,12457,543.18
49.832,12458,523.25
49.836,12459,517.31
49.840,12460,511.37
49.844,12461,506.94
49.848,12462,499.65
49.852,12463,505.97
49.856,12464,503.42
49.860,12465,490.6
49.864,12466,492.4
49.868,12467,483.24
49.872,12468,467.55
49.876,12469,458.06
49.880,12470,460.69
49.884,12471,456.86
49.888,12472,467.15
49.892,12473,465.26
49.896,12474,484.32
49.900,12475,502.58
49.904,12476,520.74
49.908,12477,537.16
49.912,12478,551.11
49.916,12479,550.08
49.920,12480,552.15
49.924,12481,546.36
49.928,12482,543.89
49.932,12483,529.09
49.936,12484,522.52
49.940,12485,512.9
49.944,12486,506.62
49.948,12487,507.86
49.952,12488,511.43
49.956,12489,510.83
49.960,12490,507.43
49.964,12491,505.48
49.968,12492,495.56
49.972,12493,477.19
49.976,12494,467.47
49.980,12495,462.48
49.984,12496,461.5
49.988,12497,463.65
49.992,12498,470.83
49.996,12499,494.65
50.000,12500,509.23
50.004,12501,530.18
50.008,12502,540.81
50.012,12503,562.66
50.016,12504,557.51
50.020,12505,569.74
50.024,12506,552.32
50.028,12507,548.74
50.032,12508,536.26
50.036,12509,523.51
50.040,12510,518.46
50.044,12511,520.11
50.048,12512,514.22
50.052,12513,518.87
50.056,12514,513.24
50.060,12515,507.3
50.064,12516,504.04
50.068,12517,497.13
50.072,12518,487.28
50.076,12519,482.89
50.080,12520,466.05
50.084,12521,463.18
50.088,12522,476.9
50.092,12523,480.97
50.096,12524,500.36
50.100,12525,514.76
50.104,12526,535.97
50.108,12527,551.56
50.112,12528,566.03
50.116,12529,571.22
50.120,12530,566.54
50.124,12531,559.46
50.128,12532,556.32
50.132,12533,536.72
50.136,12534,532.77
50.140,12535,526.19
50.144,12536,524.29
50.148,12537,526.48
50.152,12538,522.75
50.156,12539,522.11
50.160,12540,512.44
50.164,12541,508.03
50.168,12542,493.45
50.172,12543,491.12
50.176,12544,475.05
50.180,12545,477.05
50.184,12546,470.81
50.188,12547,483.09
50.192,12548,485.31
50.196,12549,502.43
50.200,12550,516.29
50.204,12551,544.65
50.208,12552,557.79
50.212,12553,571.24
50.216,12554,564.15
50.220,12555,572.16
50.224,12556,570.42
50.228,12557,561.32
50.232,12558,540.41
50.236,12559,543.43
50.240,12560,523.14
50.244,12561,519.81
50.248,12562,526.36
50.252,12563,516.7
50.256,12564,519.35
50.260,12565,513.21
50.264,12566,515.95
50.268,12567,499.11
50.272,12568,495.61
50.276,12569,481.1
50.280,12570,468.62
50.284,12571,478.3
50.288,12572,475.57
50.292,12573,487.79
50.296,12574,503.04
50.300,12575,527.17
50.304,12576,532.42
50.308,12577,560.42
50.312,12578,557.94
50.316,12579,565.18
50.320,12580,561.12
50.324,12581,561.58
50.328,12582,550.41
50.332,12583,542.08
50.336,12584,522.9
50.340,12585,520.6
50.344,12586,522.0
50.348,12587,520.87
50.352,12588,510.71
50.356,12589,512.89
50.360,12590,512.51
50.364,12591,506.98
50.368,12592,482.03
50.372,12593,484.81
50.376,12594,469.65
50.380,12595,458.06
50.384,12596,470.22
50.388,12597,467.92
50.392,12598,482.01
50.396,12599,498.39
50.400,12600,513.33
50.404,12601,529.41
50.408,12602,544.26
50.412,12603,560.36
50.416,12604,562.5
50.420,12605,561.08
50.424,12606,550.83
50.428,12607,536.98
50.432,12608,537.98
50.436,12609,521.46
50.440,12610,520.16
50.444,12611,520.07
50.448,12612,519.71
50.452,12613,507.03
50.456,12614,499.07
50.460,12615,499.0
50.464,12616,503.69
50.468,12617,485.26
50.472,12618,477.24
50.476,12619,466.4
50.480,12620,457.54
50.484,12621,460.88
50.488,12622,468.96
50.492,12623,482.31
50.496,12624,489.26
50.500,12625,500.37
50.504,12626,527.92
50.508,12627,539.27
50.512,12628,548.42
50.516,12629,545.79
50.520,12630,558.31
50.524,12631,549.65
50.528,12632,537.44
50.532,12633,526.0
50.536,12634,520.53
50.540,12635,507.75
50.544,12636,510.01
50.548,12637,511.0
50.552,12638,504.1
50.556,12639,503.95
50.560,12640,487.96
50.564,12641,488.76
50.568,12642,471.91
50.572,12643,470.69
50.576,12644,463.3
50.580,12645,454.9
50.584,12646,450.89
50.588,12647,461.13
50.592,12648,466.79
50.596,12649,484.09
50.600,12650,502.18
50.604,12651,513.99
50.608,12652,534.97
50.612,12653,547.82
50.616,12654,550.08
50.620,12655,549.96
50.624,12656,549.72
50.628,12657,533.91
50.632,12658,524.26
50.636,12659,514.39
50.640,12660,502.11
50.644,12661,510.41
50.648,12662,501.9
50.652,12663,502.41
50.656,12664,496.96
50.660,12665,490.5
50.664,12666,485.59
50.668,12667,486.39
50.672,12668,474.2
50.676,12669,454.98
50.680,12670,451.17
50.684,12671,454.93
50.688,12672,463.73
50.692,12673,466.54
50.696,12674,480.39
50.700,12675,502.06
50.704,12676,521.42
50.708,12677,547.16
50.712,12678,550.89
50.716,12679,553.5
50.720,12680,551.32
50.724,12681,543.81
50.728,12682,535.57
50.732,12683,527.3
50.736,12684,521.14
50.740,12685,505.2
50.744,12686,509.4
50.748,12687,507.52
50.752,12688,504.09
50.756,12689,505.74
50.760,12690,502.56
50.764,12691,487.28
50.768,12692,485.31
50.772,12693,474.45
50.776,12694,472.86
50.780,12695,460.08
50.784,12696,462.11
50.788,12697,459.26
50.792,12698,477.58
50.796,12699,495.27
50.800,12700,512.58
50.804,12701,525.21
50.808,12702,549.49
50.812,12703,550.73
50.816,12704,562.36
50.820,12705,560.88
50.824,12706,552.72
50.828,12707,541.7
50.832,12708,534.18
50.836,12709,523.7
50.840,12710,527.14
50.844,12711,520.57
50.848,12712,520.72
50.852,12713,513.04
50.856,12714,511.43
50.860,12715,508.88
50.864,12716,504.24
50.868,12717,493.94
50.872,12718,477.74
50.876,12719,472.15
50.880,12720,470.69
50.884,12721,476.91
50.888,12722,468.64
50.892,12723,480.23
50.896,12724,496.51
50.900,12725,522.65
50.904,12726,536.64
50.908,12727,550.74
50.912,12728,563.11
50.916,12729,568.31
50.920,12730,567.89
50.924,12731,562.87
50.928,12732,554.3
50.932,12733,545.02
50.936,12734,538.25
50.940,12735,524.54
50.944,12736,521.35
50.948,12737,518.63
50.952,12738,520.62
50.956,12739,520.83
50.960,12740,516.15
50.964,12741,507.07
50.968,12742,494.64
50.972,12743,483.96
50.976,12744,474.8
50.980,12745,469.48
50.984,12746,470.08
50.988,12747,479.96
50.992,12748,489.78
50.996,12749,496.97
51.000,12750,515.78
51.004,12751,539.11
51.008,12752,559.13
51.012,12753,566.49
51.016,12754,571.91
51.020,12755,569.03
51.024,12756,567.48
51.028,12757,556.02
51.032,12758,543.7
51.036,12759,529.6
51.040,12760,529.07
51.044,12761,522.91
51.048,12762,523.1
51.052,12763,515.11
51.056,12764,526.13
51.060,12765,516.01
51.064,12766,513.25
51.068,12767,502.28
51.072,12768,492.35
51.076,12769,477.59
51.080,12770,470.44
51.084,12771,465.97
51.088,12772,478.91
51.092,12773,488.08
51.096,12774,504.89
51.100,12775,517.35
51.104,12776,539.31
51.108,12777,550.67
51.112,12778,559.18
51.116,12779,570.54
51.120,12780,563.11
51.124,12781,576.11
51.128,12782,554.57
51.132,12783,547.04
51.136,12784,536.31
51.140,12785,526.76
51.144,12786,517.23
51.148,12787,520.46
51.152,12788,525.06
51.156,12789,512.52
51.160,12790,516.28
51.164,12791,504.13
51.168,12792,499.01
51.172,12793,482.28
51.176,12794,479.3
51.180,12795,473.61
51.184,12796,465.93
51.188,12797,471.59
51.192,12798,484.0
51.196,12799,500.02
51.200,12800,521.33
51.204,12801,533.65
51.208,12802,549.04
51.212,12803,560.57
51.216,12804,566.11
51.220,12805,557.17
51.224,12806,558.63
51.228,12807,551.06
51.232,12808,536.4
51.236,12809,527.83
51.240,12810,517.38
51.244,12811,516.29
51.248,12812,512.25
51.252,12813,512.03
51.256,12814,506.49
51.260,12815,506.99
51.264,12816,502.66
51.268,12817,486.92
51.272,12818,478.33
51.276,12819,472.45
51.280,12820,460.43
51.284,12821,455.2
51.288,12822,466.06
51.292,12823,473.65
51.296,12824,491.36
51.300,12825,508.05
51.304,12826,528.1
51.308,12827,541.88
51.312,12828,550.82
51.316,12829,561.36
51.320,12830,554.87
51.324,12831,551.72
51.328,12832,545.88
51.332,12833,526.01
51.336,12834,518.54
51.340,12835,512.44
51.344,12836,507.06
51.348,12837,508.0
51.352,12838,500.36
51.356,12839,497.99
51.360,12840,496.39
51.364,12841,492.17
51.368,12842,484.14
51.372,12843,473.74
51.376,12844,460.54
51.380,12845,447.91
51.384,12846,455.99
51.388,12847,455.13
51.392,12848,470.18
51.396,12849,484.2
51.400,12850,499.02
51.404,12851,522.8
51.408,12852,538.08
51.412,12853,551.39
51.416,12854,553.41
51.420,12855,559.1
51.424,12856,541.1
51.428,12857,543.14
51.432,12858,531.45
51.436,12859,514.07
51.440,12860,503.55
51.444,12861,502.68
51.448,12862,501.28
51.452,12863,503.77
51.456,12864,502.06
51.460,12865,498.13
51.464,12866,481.71
51.468,12867,471.82
51.472,12868,470.1
51.476,12869,465.23
51.480,12870,454.11
51.484,12871,459.51
51.488,12872,452.41
51.492,12873,468.18
51.496,12874,488.53
51.500,12875,503.07
51.504,12876,526.7
51.508,12877,540.93
51.512,12878,546.98
51.516,12879,551.84
51.520,12880,546.26
51.524,12881,545.69
51.528,12882,543.82
51.532,12883,519.45
51.536,12884,516.37
51.540,12885,514.58
51.544,12886,507.63
51.548,12887,497.76
51.552,12888,503.49
51.556,12889,504.38
51.560,12890,499.21
51.564,12891,490.73
51.568,12892,483.03
51.572,12893,478.45
51.576,12894,460.03
51.580,12895,463.9
51.584,12896,453.87
51.588,12897,461.31
51.592,12898,471.69
51.596,12899,491.78
51.600,12900,512.61
51.604,12901,525.56
51.608,12902,534.92
51.612,12903,551.65
51.616,12904,552.21
51.620,12905,549.19
51.624,12906,549.36
51.628,12907,540.63
51.632,12908,531.06
51.636,12909,516.36
51.640,12910,518.82
51.644,12911,519.44
51.648,12912,509.7
51.652,12913,517.29
51.656,12914,502.25
51.660,12915,508.54
51.664,12916,501.76
51.668,12917,489.99
51.672,12918,480.3
51.676,12919,471.24
51.680,12920,460.45
51.684,12921,457.72
51.688,12922,472.19
51.692,12923,481.55
51.696,12924,497.48
51.700,12925,513.27
51.704,12926,529.82
51.708,12927,545.91
51.712,12928,555.09
51.716,12929,561.95
51.720,12930,567.03
51.724,12931,560.37
51.728,12932,548.11
51.732,12933,545.23
51.736,12934,527.85
51.740,12935,524.33
51.744,12936,526.82
51.748,12937,525.52
51.752,12938,523.19
51.756,12939,521.48
51.760,12940,508.45
51.764,12941,504.31
51.768,12942,494.05
51.772,12943,492.33
51.776,12944,471.81
51.780,12945,469.18
51.784,12946,467.24
51.788,12947,471.39
51.792,12948,482.11
51.796,12949,508.4
51.800,12950,523.63
51.804,12951,539.92
51.808,12952,550.47
51.812,12953,564.16
51.816,12954,572.09
51.820,12955,568.87
51.824,12956,563.01
51.828,12957,551.96
51.832,12958,545.18
51.836,12959,535.3
51.840,12960,530.87
51.844,12961,528.1
51.848,12962,525.05
51.852,12963,520.24
51.856,12964,519.81
51.860,12965,504.83
51.864,12966,506.66
51.868,12967,503.17
51.872,12968,489.36
51.876,12969,475.16
51.880,12970,468.69
51.884,12971,470.55
51.888,12972,474.08
51.892,12973,484.33
51.896,12974,507.44
51.900,12975,527.98
51.904,12976,542.1
51.908,12977,552.15
51.912,12978,573.56
51.916,12979,577.42
51.920,12980,569.85
51.924,12981,566.45
51.928,12982,550.74
51.932,12983,539.38
51.936,12984,541.38
51.940,12985,529.71
51.944,12986,523.26
51.948,12987,522.22
51.952,12988,520.39
51.956,12989,520.65
51.960,12990,518.27
51.964,12991,513.31
51.968,12992,493.78
51.972,12993,486.76
51.976,12994,477.28
51.980,12995,464.45
51.984,12996,475.51
51.988,12997,474.06
51.992,12998,477.94
51.996,12999,499.79
52.000,13000,516.23
52.004,13001,531.47
52.008,13002,557.02
52.012,13003,563.8
52.016,13004,568.27
52.020,13005,570.33
52.024,13006,564.72
52.028,13007,549.0
52.032,13008,534.76
52.036,13009,526.75
52.040,13010,523.53
52.044,13011,515.9
52.048,13012,516.32
52.052,13013,518.63
52.056,13014,517.33
52.060,13015,504.0
52.064,13016,499.31
52.068,13017,495.83
52.072,13018,477.83
52.076,13019,470.21
52.080,13020,465.27
52.084,13021,467.11
52.088,13022,464.5
52.092,13023,479.95
52.096,13024,492.3
52.100,13025,512.76
52.104,13026,528.85
52.108,13027,545.56
52.112,13028,550.58
52.116,13029,556.11
52.120,13030,553.82
52.124,13031,550.86
52.128,13032,541.83
52.132,13033,531.81
52.136,13034,523.49
52.140,13035,508.04
52.144,13036,511.87
52.148,13037,505.95
52.152,13038,500.51
52.156,13039,501.56
52.160,13040,503.13
52.164,13041,487.95
52.168,13042,489.31
52.172,13043,468.31
52.176,13044,462.53
52.180,13045,457.74
52.184,13046,451.42
52.188,13047,455.87
52.192,13048,472.51
52.196,13049,483.85
52.200,13050,500.86
52.204,13051,522.49
52.208,13052,538.92
52.212,13053,551.57
52.216,13054,551.28
52.220,13055,556.11
52.224,13056,544.25
52.228,13057,529.53
52.232,13058,521.48
52.236,13059,517.05
52.240,13060,509.36
52.244,13061,496.04
52.248,13062,497.72
52.252,13063,502.58
52.256,13064,501.61
52.260,13065,490.19
52.264,13066,490.56
52.268,13067,479.22
52.272,13068,469.52
52.276,13069,459.95
52.280,13070,454.67
52.284,13071,452.21
52.288,13072,459.85
52.292,13073,467.76
52.296,13074,487.73
52.300,13075,502.02
52.304,13076,519.3
52.308,13077,526.44
52.312,13078,550.6
52.316,13079,554.43
52.320,13080,544.37
52.324,13081,536.03
52.328,13082,534.84
52.332,13083,520.92
52.336,13084,514.6
52.340,13085,514.77
52.344,13086,504.86
52.348,13087,504.45
52.352,13088,504.09
52.356,13089,502.27
52.360,13090,487.96
52.364,13091,492.79
52.368,13092,490.11
52.372,13093,470.18
52.376,13094,465.92
52.380,13095,459.42
52.384,13096,461.05
52.388,13097,457.09
52.392,13098,477.03
52.396,13099,479.98
52.400,13100,506.05
52.404,13101,525.74
52.408,13102,539.38
52.412,13103,546.83
52.416,13104,560.8
52.420,13105,550.92
52.424,13106,548.63
52.428,13107,540.34
52.432,13108,528.08
52.436,13109,519.94
52.440,13110,513.02
52.444,13111,507.7
52.448,13112,505.6
52.452,13113,510.26
52.456,13114,510.48
52.460,13115,503.62
52.464,13116,493.76
52.468,13117,487.82
52.472,13118,485.75
52.476,13119,468.73
52.480,13120,456.27
52.484,13121,452.3
52.488,13122,470.24
52.492,13123,472.52
52.496,13124,492.56
52.500,13125,509.36
52.504,13126,530.27
52.508,13127,553.0
52.512,13128,560.76
52.516,13129,562.67
52.520,13130,559.43
52.524,13131,549.2
52.528,13132,547.96
52.532,13133,536.68
52.536,13134,520.55
52.540,13135,518.31
52.544,13136,511.85
52.548,13137,513.82
52.552,13138,516.94
52.556,13139,507.57
52.560,13140,509.82
52.564,13141,500.22
52.568,13142,497.83
52.572,13143,486.52
52.576,13144,477.4
52.580,13145,464.52
52.584,13146,461.83
52.588,13147,478.97
52.592,13148,483.18
52.596,13149,495.07
52.600,13150,516.39
52.604,13151,542.84
52.608,13152,549.34
52.612,13153,567.73
52.616,13154,561.78
52.620,13155,576.74
52.624,13156,562.47
52.628,13157,550.64
52.632,13158,538.79
52.636,13159,526.27
52.640,13160,525.25
52.644,13161,519.59
52.648,13162,523.17
52.652,13163,520.17
52.656,13164,518.78
52.660,13165,517.13
52.664,13166,513.44
52.668,13167,496.59
52.672,13168,484.22
52.676,13169,481.04
52.680,13170,469.59
52.684,13171,464.16
52.688,13172,471.58
52.692,13173,494.91
52.696,13174,505.56
52.700,13175,521.74
52.704,13176,537.53
52.708,13177,561.22
52.712,13178,567.09
52.716,13179,564.24
52.720,13180,560.74
52.724,13181,559.19
52.728,13182,556.52
52.732,13183,536.96
52.736,13184,529.0
52.740,13185,532.62
52.744,13186,532.98
52.748,13187,513.78
52.752,13188,516.27
52.756,13189,517.64
52.760,13190,512.13
52.764,13191,506.59
52.768,13192,489.6
52.772,13193,485.23
52.776,13194,478.16
52.780,13195,465.89
52.784,13196,471.44
52.788,13197,470.4
52.792,13198,482.13
52.796,13199,508.05
52.800,13200,513.13
52.804,13201,544.85
52.808,13202,546.45
52.812,13203,563.37
52.816,13204,569.66
52.820,13205,570.93
52.824,13206,555.02
52.828,13207,554.51
52.832,13208,544.77
52.836,13209,534.4
52.840,13210,516.59
52.844,13211,521.79
52.848,13212,519.53
52.852,13213,514.57
52.856,13214,521.12
52.860,13215,509.78
52.864,13216,500.82
52.868,13217,493.21
52.872,13218,483.59
52.876,13219,474.06
52.880,13220,468.94
52.884,13221,463.46
52.888,13222,462.59
52.892,13223,483.54
52.896,13224,493.19
52.900,13225,512.78
52.904,13226,531.92
52.908,13227,546.32
52.912,13228,559.69
52.916,13229,562.5
52.920,13230,563.09
52.924,13231,559.99
52.928,13232,546.57
52.932,13233,534.5
52.936,13234,527.68
52.940,13235,515.37
52.944,13236,509.82
52.948,13237,513.37
52.952,13238,507.74
52.956,13239,503.47
52.960,13240,500.32
52.964,13241,497.14
52.968,13242,481.09
52.972,13243,477.6
52.976,13244,460.02
52.980,13245,459.53
52.984,13246,461.57
52.988,13247,462.74
52.992,13248,475.59
52.996,13249,488.44
53.000,13250,512.22
53.004,13251,525.7
53.008,13252,542.64
53.012,13253,547.75
53.016,13254,553.49
53.020,13255,553.15
53.024,13256,544.84
53.028,13257,532.07
53.032,13258,520.36
53.036,13259,525.89
53.040,13260,509.44
53.044,13261,506.27
53.048,13262,508.66
53.052,13263,504.05
53.056,13264,504.69
53.060,13265,494.25
53.064,13266,488.3
53.068,13267,480.13
53.072,13268,469.1
53.076,13269,454.24
53.080,13270,457.84
53.084,13271,450.35
53.088,13272,457.02
53.092,13273,464.87
53.096,13274,484.67
53.100,13275,502.07
53.104,13276,518.2
53.108,13277,543.0
53.112,13278,549.1
53.116,13279,549.87
53.120,13280,550.14
53.124,13281,544.48
53.128,13282,540.18
53.132,13283,530.09
53.136,13284,516.98
53.140,13285,499.26
53.144,13286,500.07
53.148,13287,504.3
53.152,13288,495.65
53.156,13289,501.29
53.160,13290,489.01
53.164,13291,495.17
53.168,13292,479.48
53.172,13293,468.92
53.176,13294,455.24
53.180,13295,451.05
53.184,13296,444.3
53.188,13297,458.24
53.192,13298,468.14
53.196,13299,487.08
53.200,13300,502.66
53.204,13301,525.82
53.208,13302,540.15
53.212,13303,550.9
53.216,13304,555.71
53.220,13305,550.81
53.224,13306,546.41
53.228,13307,537.57
53.232,13308,528.57
53.236,13309,511.28
53.240,13310,517.62
53.244,13311,504.31
53.248,13312,508.98
53.252,13313,506.4
53.256,13314,500.84
53.260,13315,505.47
53.264,13316,495.5
53.268,13317,482.57
53.272,13318,469.03
53.276,13319,467.75
53.280,13320,461.04
53.284,13321,457.33
53.288,13322,467.51
53.292,13323,479.51
53.296,13324,495.46
53.300,13325,507.82
53.304,13326,524.89
53.308,13327,546.02
53.312,13328,555.49
53.316,13329,559.98
53.320,13330,553.54
53.324,13331,552.5
53.328,13332,543.01
53.332,13333,532.8
53.336,13334,522.15
53.340,13335,519.43
53.344,13336,511.28
53.348,13337,512.16
53.352,13338,515.73
53.356,13339,512.54
53.360,13340,511.17
53.364,13341,499.96
53.368,13342,484.96
53.372,13343,487.42
53.376,13344,479.78
53.380,13345,462.3
53.384,13346,467.39
53.388,13347,472.3
53.392,13348,476.47
53.396,13349,495.4
53.400,13350,504.12
53.404,13351,540.17
53.408,13352,549.62
53.412,13353,565.17
53.416,13354,574.35
53.420,13355,569.58
53.424,13356,562.12
53.428,13357,555.01
53.432,13358,538.39
53.436,13359,531.07
53.440,13360,526.88
53.444,13361,523.52
53.448,13362,519.96
53.452,13363,518.69
53.456,13364,524.13
53.460,13365,516.36
53.464,13366,511.69
53.468,13367,502.03
53.472,13368,487.53
53.476,13369,478.35
53.480,13370,473.9
53.484,13371,469.53
53.488,13372,482.82
53.492,13373,483.05
53.496,13374,503.61
53.500,13375,519.06
53.504,13376,535.71
53.508,13377,556.87
53.512,13378,570.32
53.516,13379,574.18
53.520,13380,567.15
53.524,13381,560.38
53.528,13382,555.36
53.532,13383,542.18
53.536,13384,538.47
53.540,13385,531.81
53.544,13386,525.37
53.548,13387,521.38
53.552,13388,509.65
53.556,13389,518.55
53.560,13390,512.76
53.564,13391,507.5
53.568,13392,499.64
53.572,13393,481.42
53.576,13394,477.64
53.580,13395,475.15
53.584,13396,471.33
53.588,13397,477.45
53.592,13398,479.46
53.596,13399,505.91
53.600,13400,521.23
53.604,13401,538.6
53.608,13402,550.87
53.612,13403,557.83
53.616,13404,566.3
53.620,13405,572.39
53.624,13406,566.77
53.628,13407,547.69
53.632,13408,545.94
53.636,13409,536.68
53.640,13410,527.88
53.644,13411,513.46
53.648,13412,515.41
53.652,13413,512.87
53.656,13414,519.08
53.660,13415,516.4
53.664,13416,503.29
53.668,13417,502.17
53.672,13418,483.97
53.676,13419,475.53
53.680,13420,469.95
53.684,13421,467.4
53.688,13422,472.9
53.692,13423,480.35
53.696,13424,494.92
53.700,13425,512.7
53.704,13426,530.52
53.708,13427,552.36
53.712,13428,563.29
53.716,13429,556.23
53.720,13430,561.23
53.724,13431,560.8
53.728,13432,544.72
53.732,13433,538.72
53.736,13434,530.73
53.740,13435,517.62
53.744,13436,508.74
53.748,13437,518.0
53.752,13438,508.99
53.756,13439,503.43
53.760,13440,509.69
53.764,13441,495.28
53.768,13442,485.55
53.772,13443,473.25
53.776,13444,466.16
53.780,13445,461.47
53.784,13446,455.75
53.788,13447,464.06
53.792,13448,468.8
53.796,13449,489.38
53.800,13450,508.29
53.804,13451,529.82
53.808,13452,541.79
53.812,13453,556.11
53.816,13454,553.83
53.820,13455,555.29
53.824,13456,556.12
53.828,13457,534.25
53.832,13458,525.14
53.836,13459,517.61
53.840,13460,509.52
53.844,13461,514.91
53.848,13462,501.71
53.852,13463,504.05
53.856,13464,502.06
53.860,13465,502.42
53.864,13466,487.59
53.868,13467,476.15
53.872,13468,473.07
53.876,13469,460.3
53.880,13470,455.49
53.884,13471,450.15
53.888,13472,456.57
53.892,13473,465.26
53.896,13474,481.07
53.900,13475,502.02
53.904,13476,523.02
53.908,13477,532.14
53.912,13478,550.92
53.916,13479,558.26
53.920,13480,555.1
53.924,13481,540.5
53.928,13482,536.87
53.932,13483,531.32
53.936,13484,516.51
53.940,13485,506.26
53.944,13486,501.65
53.948,13487,498.82
53.952,13488,501.6
53.956,13489,504.2
53.960,13490,494.93
53.964,13491,494.01
53.968,13492,477.51
53.972,13493,468.86
53.976,13494,457.51
53.980,13495,451.63
53.984,13496,459.29
53.988,13497,455.37
53.992,13498,468.17
53.996,13499,483.75
54.000,13500,505.98
54.004,13501,529.86
54.008,13502,541.12
54.012,13503,546.22
54.016,13504,558.28
54.020,13505,551.38
54.024,13506,544.5
54.028,13507,541.12
54.032,13508,526.23
54.036,13509,518.03
54.040,13510,500.06
54.044,13511,511.38
54.048,13512,500.98
54.052,13513,501.29
54.056,13514,500.66
54.060,13515,499.72
54.064,13516,493.46
54.068,13517,486.34
54.072,13518,473.21
54.076,13519,462.24
54.080,13520,459.15
54.084,13521,453.46
54.088,13522,458.05
54.092,13523,471.25
54.096,13524,490.23
54.100,13525,498.27
54.104,13526,525.02
54.108,13527,539.69
54.112,13528,557.35
54.116,13529,555.07
54.120,13530,560.8
54.124,13531,551.24
54.128,13532,539.5
54.132,13533,529.47
54.136,13534,520.23
54.140,13535,517.63
54.144,13536,508.87
54.148,13537,507.61
54.152,13538,509.83
54.156,13539,513.84
54.160,13540,506.34
54.164,13541,496.73
54.168,13542,486.48
54.172,13543,478.58
54.176,13544,471.89
54.180,13545,471.49
54.184,13546,464.47
54.188,13547,465.85
54.192,13548,472.03
54.196,13549,488.94
54.200,13550,520.01
54.204,13551,536.96
54.208,13552,552.68
54.212,13553,560.27
54.216,13554,563.91
54.220,13555,564.69
54.224,13556,559.96
54.228,13557,546.79
54.232,13558,536.72
54.236,13559,530.74
54.240,13560,524.95
54.244,13561,522.41
54.248,13562,520.6
54.252,13563,519.31
54.256,13564,513.94
54.260,13565,516.99
54.264,13566,502.35
54.268,13567,494.28
54.272,13568,486.89
54.276,13569,478.96
54.280,13570,476.42
54.284,13571,472.79
54.288,13572,468.44
54.292,13573,487.95
54.296,13574,497.52
54.300,13575,524.11
54.304,13576,535.58
54.308,13577,558.63
54.312,13578,565.11
54.316,13579,579.28
54.320,13580,562.72
54.324,13581,563.82
54.328,13582,550.56
54.332,13583,543.27
54.336,13584,529.18
54.340,13585,528.08
54.344,13586,527.01
54.348,13587,517.68
54.352,13588,516.96
54.356,13589,523.96
54.360,13590,510.55
54.364,13591,505.15
54.368,13592,494.6
54.372,13593,494.23
54.376,13594,480.75
54.380,13595,476.72
54.384,13596,469.41
54.388,13597,478.3
54.392,13598,486.72
54.396,13599,506.06
54.400,13600,518.19
54.404,13601,537.72
54.408,13602,565.41
54.412,13603,568.38
54.416,13604,571.82
54.420,13605,576.23
54.424,13606,556.65
54.428,13607,556.0
54.432,13608,540.6
54.436,13609,536.47
54.440,13610,523.81
54.444,13611,526.24
54.448,13612,519.64
54.452,13613,511.18
54.456,13614,520.39
54.460,13615,515.26
54.464,13616,507.21
54.468,13617,501.1
54.472,13618,491.34
54.476,13619,476.98
54.480,13620,474.24
54.484,13621,475.59
54.488,13622,469.92
54.492,13623,479.61
54.496,13624,502.35
54.500,13625,510.69
54.504,13626,540.03
54.508,13627,551.35
54.512,13628,562.59
54.516,13629,565.19
54.520,13630,566.74
54.524,13631,557.61
54.528,13632,548.29
54.532,13633,536.89
54.536,13634,536.78
54.540,13635,526.03
54.544,13636,514.14
54.548,13637,516.14
54.552,13638,515.84
54.556,13639,509.13
54.560,13640,509.85
54.564,13641,498.86
54.568,13642,489.0
54.572,13643,484.68
54.576,13644,470.58
54.580,13645,465.38
54.584,13646,467.41
54.588,13647,468.18
54.592,13648,479.0
54.596,13649,482.74
54.600,13650,513.07
54.604,13651,528.17
54.608,13652,535.5
54.612,13653,552.37
54.616,13654,561.94
54.620,13655,556.09
54.624,13656,552.09
54.628,13657,538.89
54.632,13658,530.39
54.636,13659,519.82
54.640,13660,520.17
54.644,13661,514.38
54.648,13662,508.74
54.652,13663,508.37
54.656,13664,497.81
54.660,13665,501.72
54.664,13666,492.76
54.668,13667,481.45
54.672,13668,475.87
54.676,13669,462.15
54.680,13670,464.57
54.684,13671,455.49
54.688,13672,460.05
54.692,13673,465.45
54.696,13674,490.57
54.700,13675,504.91
54.704,13676,524.74
54.708,13677,539.15
54.712,13678,551.32
54.716,13679,554.34
54.720,13680,557.41
54.724,13681,551.33
54.728,13682,538.43
54.732,13683,520.81
54.736,13684,515.46
54.740,13685,512.1
54.744,13686,505.92
54.748,13687,504.79
54.752,13688,501.97
54.756,13689,505.67
54.760,13690,495.93
54.764,13691,487.59
54.768,13692,479.74
54.772,13693,469.54
54.776,13694,452.95
54.780,13695,455.16
54.784,13696,450.19
54.788,13697,453.06
54.792,13698,463.6
54.796,13699,482.34
54.800,13700,491.91
54.804,13701,519.06
54.808,13702,540.05
54.812,13703,546.16
54.816,13704,547.21
54.820,13705,546.93
54.824,13706,544.45
54.828,13707,528.36
54.832,13708,520.73
54.836,13709,515.09
54.840,13710,504.34
54.844,13711,505.08
54.848,13712,504.35
54.852,13713,499.92
54.856,13714,497.65
54.860,13715,494.66
54.864,13716,488.68
54.868,13717,486.48
54.872,13718,467.8
54.876,13719,463.81
54.880,13720,453.08
54.884,13721,456.75
54.888,13722,459.41
54.892,13723,470.94
54.896,13724,481.07
54.900,13725,507.4
54.904,13726,528.82
54.908,13727,546.47
54.912,13728,552.86
54.916,13729,549.7
54.920,13730,552.94
54.924,13731,546.02
54.928,13732,539.52
54.932,13733,530.14
54.936,13734,521.12
54.940,13735,518.28
54.944,13736,505.84
54.948,13737,509.09
54.952,13738,499.84
54.956,13739,508.13
54.960,13740,498.6
54.964,13741,497.13
54.968,13742,496.5
54.972,13743,480.32
54.976,13744,475.25
54.980,13745,456.42
54.984,13746,460.36
54.988,13747,467.02
54.992,13748,473.07
54.996,13749,493.94
55.000,13750,509.57
55.004,13751,527.42
55.008,13752,544.02
55.012,13753,556.08
55.016,13754,558.72
55.020,13755,561.77
55.024,13756,563.35
55.028,13757,543.51
55.032,13758,533.01
55.036,13759,528.3
55.040,13760,524.5
55.044,13761,526.13
55.048,13762,522.35
55.052,13763,526.03
55.056,13764,517.53
55.060,13765,514.98
55.064,13766,503.39
55.068,13767,495.47
55.072,13768,485.45
55.076,13769,480.0
55.080,13770,473.07
55.084,13771,468.47
55.088,13772,474.15
55.092,13773,479.69
55.096,13774,497.64
55.100,13775,516.58
55.104,13776,542.26
55.108,13777,555.26
55.112,13778,567.89
55.116,13779,572.74
55.120,13780,561.71
55.124,13781,562.76
55.128,13782,559.66
55.132,13783,544.28
55.136,13784,533.0
55.140,13785,521.97
55.144,13786,532.83
55.148,13787,525.83
55.152,13788,524.13
55.156,13789,517.23
55.160,13790,512.66
55.164,13791,504.66
55.168,13792,498.68
55.172,13793,485.86
55.176,13794,485.09
55.180,13795,480.07
55.184,13796,475.05
55.188,13797,478.71
55.192,13798,486.53
55.196,13799,504.06
55.200,13800,518.75
55.204,13801,549.98
55.208,13802,558.24
55.212,13803,572.22
55.216,13804,565.54
55.220,13805,574.29
55.224,13806,567.02
55.228,13807,558.66
55.232,13808,543.88
55.236,13809,543.82
55.240,13810,529.59
55.244,13811,524.05
55.248,13812,524.08
55.252,13813,518.49
55.256,13814,517.49
55.260,13815,515.02
55.264,13816,496.94
55.268,13817,500.91
55.272,13818,492.36
55.276,13819,476.43
55.280,13820,475.84
55.284,13821,472.49
55.288,13822,479.37
55.292,13823,482.33
55.296,13824,509.01
55.300,13825,518.7
55.304,13826,541.1
55.308,13827,552.93
55.312,13828,556.62
55.316,13829,565.92
55.320,13830,568.69
55.324,13831,557.31
55.328,13832,548.37
55.332,13833,536.07
55.336,13834,527.1
55.340,13835,517.25
55.344,13836,514.49
55.348,13837,514.25
55.352,13838,518.55
55.356,13839,507.5
55.360,13840,509.97
55.364,13841,510.07
55.368,13842,490.35
55.372,13843,483.93
55.376,13844,475.99
55.380,13845,464.86
55.384,13846,476.52
55.388,13847,466.7
55.392,13848,484.46
55.396,13849,496.63
55.400,13850,514.24
55.404,13851,528.65
55.408,13852,549.41
55.412,13853,553.15
55.416,13854,563.68
55.420,13855,558.04
55.424,13856,557.93
55.428,13857,542.6
55.432,13858,534.21
55.436,13859,525.18
55.440,13860,512.98
55.444,13861,511.36
55.448,13862,510.0
55.452,13863,504.66
55.456,13864,505.87
55.460,13865,503.83
55.464,13866,497.76
55.468,13867,489.81
55.472,13868,476.62
55.476,13869,464.85
55.480,13870,455.5
55.484,13871,464.8
55.488,13872,454.77
55.492,13873,475.04
55.496,13874,490.32
55.500,13875,509.85
55.504,13876,533.75
55.508,13877,541.91
55.512,13878,552.92
55.516,13879,557.23
55.520,13880,556.97
55.524,13881,543.73
55.528,13882,542.37
55.532,13883,525.3
55.536,13884,510.86
55.540,13885,514.74
55.544,13886,504.96
55.548,13887,509.53
55.552,13888,504.14
55.556,13889,502.95
55.560,13890,494.97
55.564,13891,493.34
55.568,13892,482.02
55.572,13893,470.95
55.576,13894,460.65
55.580,13895,453.45
55.584,13896,447.9
55.588,13897,455.87
55.592,13898,476.7
55.596,13899,489.43
55.600,13900,504.24
55.604,13901,515.35
55.608,13902,536.81
55.612,13903,547.38
55.616,13904,553.02
55.620,13905,552.55
55.624,13906,547.98
55.628,13907,534.28
55.632,13908,521.39
55.636,13909,508.29
55.640,13910,505.2
55.644,13911,508.58
55.648,13912,510.87
55.652,13913,503.79
55.656,13914,499.32
55.660,13915,496.94
55.664,13916,478.95
55.668,13917,474.27
55.672,13918,464.37
55.676,13919,455.67
55.680,13920,455.09
55.684,13921,455.2
55.688,13922,447.94
55.692,13923,476.82
55.696,13924,488.97
55.700,13925,506.91
55.704,13926,518.68
55.708,13927,535.12
55.712,13928,551.03
55.716,13929,551.47
55.720,13930,558.09
55.724,13931,549.0
55.728,13932,537.17
55.732,13933,533.14
55.736,13934,517.89
55.740,13935,510.21
55.744,13936,503.37
55.748,13937,502.75
55.752,13938,513.37
55.756,13939,505.65
55.760,13940,497.22
55.764,13941,488.56
55.768,13942,486.34
55.772,13943,471.37
55.776,13944,462.3
55.780,13945,459.28
55.784,13946,457.19
55.788,13947,459.41
55.792,13948,475.49
55.796,13949,487.86
55.800,13950,512.94
55.804,13951,528.09
55.808,13952,543.2
55.812,13953,558.38
55.816,13954,562.14
55.820,13955,561.49
55.824,13956,558.15
55.828,13957,546.81
55.832,13958,535.63
55.836,13959,526.63
55.840,13960,516.74
55.844,13961,515.92
55.848,13962,519.78
55.852,13963,515.92
55.856,13964,509.29
55.860,13965,502.74
55.864,13966,500.32
55.868,13967,488.07
55.872,13968,486.34
55.876,13969,476.99
55.880,13970,471.57
55.884,13971,463.88
55.888,13972,462.64
55.892,13973,476.88
55.896,13974,499.06
55.900,13975,521.2
55.904,13976,537.98
55.908,13977,552.3
55.912,13978,563.47
55.916,13979,569.28
55.920,13980,574.38
55.924,13981,562.03
55.928,13982,551.18
55.932,13983,543.67
55.936,13984,526.27
55.940,13985,525.68
55.944,13986,516.79
55.948,13987,523.92
55.952,13988,518.31
55.956,13989,519.49
55.960,13990,508.92
55.964,13991,516.43
55.968,13992,495.1
55.972,13993,489.62
55.976,13994,483.08
55.980,13995,469.7
55.984,13996,470.86
55.988,13997,475.38
55.992,13998,488.9
55.996,13999,493.07
56.000,14000,517.52
56.004,14001,542.55
56.008,14002,558.41
56.012,14003,566.93
56.016,14004,574.09
56.020,14005,568.52
56.024,14006,556.12
56.028,14007,548.51
56.032,14008,549.63
56.036,14009,531.62
56.040,14010,522.42
56.044,14011,527.79
56.048,14012,518.25
56.052,14013,516.79
56.056,14014,520.74
56.060,14015,511.84
56.064,14016,513.31
56.068,14017,499.56
56.072,14018,491.2
56.076,14019,475.28
56.080,14020,473.83
56.084,14021,474.92
56.088,14022,472.5
56.092,14023,481.33
56.096,14024,497.63
56.100,14025,520.89
56.104,14026,549.31
56.108,14027,547.11
56.112,14028,561.79
56.116,14029,566.96
56.120,14030,559.95
56.124,14031,566.2
56.128,14032,553.99
56.132,14033,537.9
56.136,14034,531.74
56.140,14035,520.83
56.144,14036,515.05
56.148,14037,517.87
56.152,14038,521.66
56.156,14039,517.1
56.160,14040,507.19
56.164,14041,507.99
56.168,14042,496.65
56.172,14043,480.5
56.176,14044,481.75
56.180,14045,462.04
56.184,14046,471.41
56.188,14047,468.34
56.192,14048,482.18
56.196,14049,500.8
56.200,14050,512.01
56.204,14051,531.66
56.208,14052,547.78
56.212,14053,565.7
56.216,14054,567.4
56.220,14055,563.56
56.224,14056,558.65
56.228,14057,544.58
56.232,14058,535.2
56.236,14059,531.09
56.240,14060,528.69
56.244,14061,517.34
56.248,14062,508.87
56.252,14063,512.57
56.256,14064,500.01
56.260,14065,509.15
56.264,14066,498.84
56.268,14067,485.3
56.272,14068,479.66
56.276,14069,463.25
56.280,14070,457.04
56.284,14071,461.76
56.288,14072,470.63
56.292,14073,472.33
56.296,14074,487.8
56.300,14075,505.68
56.304,14076,525.61
56.308,14077,541.47
56.312,14078,555.6
56.316,14079,557.09
56.320,14080,553.84
56.324,14081,546.09
56.328,14082,541.3
56.332,14083,530.48
56.336,14084,524.22
56.340,14085,511.77
56.344,14086,505.51
56.348,14087,510.22
56.352,14088,506.38
56.356,14089,508.21
56.360,14090,503.3
56.364,14091,494.06
56.368,14092,482.68
56.372,14093,471.11
56.376,14094,466.25
56.380,14095,459.92
56.384,14096,453.17
56.388,14097,463.87
56.392,14098,466.8
56.396,14099,480.81
56.400,14100,505.2
56.404,14101,519.94
56.408,14102,538.11
56.412,14103,549.5
56.416,14104,555.7
56.420,14105,549.61
56.424,14106,539.64
56.428,14107,533.6
56.432,14108,534.88
56.436,14109,520.04
56.440,14110,513.96
56.444,14111,498.86
56.448,14112,505.53
56.452,14113,501.54
56.456,14114,500.87
56.460,14115,488.61
56.464,14116,498.61
56.468,14117,476.15
56.472,14118,472.7
56.476,14119,462.78
56.480,14120,458.44
56.484,14121,456.84
56.488,14122,457.73
56.492,14123,463.45
56.496,14124,488.06
56.500,14125,506.61
56.504,14126,520.91
56.508,14127,538.8
56.512,14128,549.06
56.516,14129,549.37
56.520,14130,549.71
56.524,14131,547.06
56.528,14132,542.06
56.532,14133,523.65
56.536,14134,521.52
56.540,14135,507.27
56.544,14136,513.11
56.548,14137,503.43
56.552,14138,506.23
56.556,14139,502.07
56.560,14140,495.75
56.564,14141,495.94
56.568,14142,481.93
56.572,14143,470.35
56.576,14144,470.23
56.580,14145,456.92
56.584,14146,453.93
56.588,14147,464.0
56.592,14148,467.03
56.596,14149,492.61
56.600,14150,511.0
56.604,14151,528.97
56.608,14152,543.23
56.612,14153,550.78
56.616,14154,560.42
56.620,14155,562.48
56.624,14156,551.99
56.628,14157,535.22
56.632,14158,543.25
56.636,14159,527.99
56.640,14160,517.25
56.644,14161,518.49
56.648,14162,515.12
56.652,14163,507.93
56.656,14164,509.31
56.660,14165,501.18
56.664,14166,496.99
56.668,14167,487.7
56.672,14168,483.98
56.676,14169,471.67
56.680,14170,468.13
56.684,14171,463.33
56.688,14172,477.55
56.692,14173,478.71
56.696,14174,493.11
56.700,14175,511.15
56.704,14176,538.92
56.708,14177,540.52
56.712,14178,561.79
56.716,14179,564.41
56.720,14180,567.5
56.724,14181,553.88
56.728,14182,547.28
56.732,14183,538.3
56.736,14184,533.2
56.740,14185,527.16
56.744,14186,526.34
56.748,14187,518.14
56.752,14188,514.44
56.756,14189,520.55
56.760,14190,519.52
56.764,14191,507.1
56.768,14192,495.18
56.772,14193,489.62
56.776,14194,478.62
56.780,14195,467.92
56.784,14196,470.53
56.788,14197,473.54
56.792,14198,482.44
56.796,14199,511.47
56.800,14200,522.46
56.804,14201,541.56
56.808,14202,553.54
56.812,14203,567.82
56.816,14204,568.88
56.820,14205,573.26
56.824,14206,567.84
56.828,14207,556.26
56.832,14208,546.86
56.836,14209,536.27
56.840,14210,527.78
56.844,14211,524.95
56.848,14212,525.87
56.852,14213,520.89
56.856,14214,517.58
56.860,14215,507.7
56.864,14216,513.77
56.868,14217,497.39
56.872,14218,491.59
56.876,14219,476.77
56.880,14220,475.96
56.884,14221,473.68
56.888,14222,472.4
56.892,14223,494.69
56.896,14224,504.39
56.900,14225,524.34
56.904,14226,541.28
56.908,14227,553.4
56.912,14228,565.69
56.916,14229,579.16
56.920,14230,565.3
56.924,14231,561.95
56.928,14232,558.51
56.932,14233,537.76
56.936,14234,529.1
56.940,14235,525.63
56.944,14236,521.85
56.948,14237,517.93
56.952,14238,516.64
56.956,14239,516.7
56.960,14240,518.91
56.964,14241,502.61
56.968,14242,505.99
56.972,14243,489.05
56.976,14244,471.92
56.980,14245,473.22
56.984,14246,468.59
56.988,14247,474.54
56.992,14248,492.75
56.996,14249,503.59
57.000,14250,516.26
57.004,14251,535.25
57.008,14252,547.39
57.012,14253,563.12
57.016,14254,563.71
57.020,14255,569.05
57.024,14256,558.02
57.028,14257,554.04
57.032,14258,531.51
57.036,14259,525.97
57.040,14260,523.72
57.044,14261,518.52
57.048,14262,512.08
57.052,14263,509.63
57.056,14264,515.42
57.060,14265,503.16
57.064,14266,503.11
57.068,14267,491.13
57.072,14268,479.55
57.076,14269,468.02
57.080,14270,471.33
57.084,14271,459.77
57.088,14272,454.23
57.092,14273,476.14
57.096,14274,497.29
57.100,14275,510.91
57.104,14276,528.03
57.108,14277,551.66
57.112,14278,555.63
57.116,14279,557.08
57.120,14280,556.56
57.124,14281,550.75
57.128,14282,542.8
57.132,14283,536.49
57.136,14284,523.0
57.140,14285,518.83
57.144,14286,507.71
57.148,14287,511.23
57.152,14288,499.11
57.156,14289,499.64
57.160,14290,499.43
57.164,14291,496.09
57.168,14292,484.99
57.172,14293,471.51
57.176,14294,458.32
57.180,14295,459.5
57.184,14296,444.02
57.188,14297,459.72
57.192,14298,468.07
57.196,14299,487.33
57.200,14300,504.26
57.204,14301,524.82
57.208,14302,540.69
57.212,14303,554.34
57.216,14304,557.99
57.220,14305,556.13
57.224,14306,546.22
57.228,14307,536.64
57.232,14308,531.93
57.236,14309,515.93
57.240,14310,508.43
57.244,14311,499.01
57.248,14312,504.96
57.252,14313,503.99
57.256,14314,505.02
57.260,14315,494.57
57.264,14316,485.4
57.268,14317,474.65
57.272,14318,469.77
57.276,14319,459.31
57.280,14320,455.54
57.284,14321,453.65
57.288,14322,460.61
57.292,14323,472.59
57.296,14324,485.17
57.300,14325,494.16
57.304,14326,518.79
57.308,14327,540.21
57.312,14328,544.21
57.316,14329,547.14
57.320,14330,548.33
57.324,14331,545.41
57.328,14332,533.24
57.332,14333,522.74
57.336,14334,510.81
57.340,14335,515.49
57.344,14336,508.87
57.348,14337,498.84
57.352,14338,492.74
57.356,14339,501.37
57.360,14340,494.09
57.364,14341,491.48
57.368,14342,479.14
57.372,14343,472.07
57.376,14344,463.26
57.380,14345,448.09
57.384,14346,454.22
57.388,14347,454.3
57.392,14348,470.81
57.396,14349,488.17
57.400,14350,504.4
57.404,14351,527.17
57.408,14352,543.1
57.412,14353,557.33
57.416,14354,549.45
57.420,14355,556.09
57.424,14356,552.79
57.428,14357,541.26
57.432,14358,528.48
57.436,14359,523.19
57.440,14360,516.45
57.444,14361,517.92
57.448,14362,514.2
57.452,14363,499.21
57.456,14364,505.78
57.460,14365,507.18
57.464,14366,494.2
57.468,14367,488.1
57.472,14368,478.35
57.476,14369,462.37
57.480,14370,453.09
57.484,14371,468.52
57.488,14372,460.32
57.492,14373,475.1
57.496,14374,495.02
57.500,14375,514.49
57.504,14376,528.81
57.508,14377,549.3
57.512,14378,564.72
57.516,14379,567.9
57.520,14380,558.7
57.524,14381,555.62
57.528,14382,545.57
57.532,14383,537.53
57.536,14384,529.66
57.540,14385,520.86
57.544,14386,520.11
57.548,14387,514.27
57.552,14388,515.64
57.556,14389,523.75
57.560,14390,517.13
57.564,14391,500.21
57.568,14392,486.47
57.572,14393,480.4
57.576,14394,480.2
57.580,14395,466.4
57.584,14396,468.18
57.588,14397,472.77
57.592,14398,487.37
57.596,14399,499.09
57.600,14400,516.96
57.604,14401,532.96
57.608,14402,553.54
57.612,14403,564.73
57.616,14404,570.4
57.620,14405,570.28
57.624,14406,559.87
57.628,14407,559.26
57.632,14408,542.66
57.636,14409,540.92
57.640,14410,522.27
57.644,14411,520.35
57.648,14412,516.61
57.652,14413,511.66
57.656,14414,515.38
57.660,14415,513.45
57.664,14416,504.23
57.668,14417,503.05
57.672,14418,491.7
57.676,14419,477.27
57.680,14420,475.51
57.684,14421,468.84
57.688,14422,476.81
57.692,14423,482.53
57.696,14424,499.09
57.700,14425,522.16
57.704,14426,534.96
57.708,14427,554.13
57.712,14428,574.12
57.716,14429,577.18
57.720,14430,571.52
57.724,14431,572.08
57.728,14432,555.71
57.732,14433,548.13
57.736,14434,536.48
57.740,14435,528.07
57.744,14436,519.45
57.748,14437,512.18
57.752,14438,518.91
57.756,14439,519.74
57.760,14440,514.65
57.764,14441,505.19
57.768,14442,501.21
57.772,14443,489.96
57.776,14444,482.12
57.780,14445,469.94
57.784,14446,476.09
57.788,14447,474.59
57.792,14448,492.12
57.796,14449,495.87
57.800,14450,527.26
57.804,14451,543.16
57.808,14452,552.42
57.812,14453,563.3
57.816,14454,568.93
57.820,14455,572.69
57.824,14456,560.4
57.828,14457,541.43
57.832,14458,540.53
57.836,14459,535.39
57.840,14460,523.45
57.844,14461,522.0
57.848,14462,517.78
57.852,14463,509.69
57.856,14464,518.16
57.860,14465,507.68
57.864,14466,509.85
57.868,14467,492.92
57.872,14468,484.04
57.876,14469,471.65
57.880,14470,463.22
57.884,14471,464.31
57.888,14472,468.75
57.892,14473,479.36
57.896,14474,491.84
57.900,14475,504.44
57.904,14476,531.68
57.908,14477,542.02
57.912,14478,561.06
57.916,14479,567.74
57.920,14480,565.54
57.924,14481,552.99
57.928,14482,542.51
57.932,14483,530.9
57.936,14484,524.97
57.940,14485,514.02
57.944,14486,514.77
57.948,14487,510.9
57.952,14488,510.07
57.956,14489,504.33
57.960,14490,502.0
57.964,14491,496.73
57.968,14492,480.63
57.972,14493,477.02
57.976,14494,471.81
57.980,14495,460.05
57.984,14496,456.46
57.988,14497,457.76
57.992,14498,472.43
57.996,14499,480.99
58.000,14500,508.28
58.004,14501,520.84
58.008,14502,537.23
58.012,14503,543.75
58.016,14504,557.36
58.020,14505,556.88
58.024,14506,547.45
58.028,14507,538.16
58.032,14508,530.17
58.036,14509,524.17
58.040,14510,508.9
58.044,14511,507.02
58.048,14512,505.03
58.052,14513,504.24
58.056,14514,497.24
58.060,14515,498.96
58.064,14516,489.15
58.068,14517,478.29
58.072,14518,468.69
58.076,14519,454.33
58.080,14520,457.62
58.084,14521,449.13
58.088,14522,461.39
58.092,14523,464.72
58.096,14524,488.78
58.100,14525,500.92
58.104,14526,518.63
58.108,14527,540.4
58.112,14528,549.95
58.116,14529,547.36
58.120,14530,549.14
58.124,14531,541.82
58.128,14532,532.33
58.132,14533,525.11
58.136,14534,517.42
58.140,14535,504.74
58.144,14536,502.31
58.148,14537,507.69
58.152,14538,508.07
58.156,14539,496.67
58.160,14540,497.31
58.164,14541,487.02
58.168,14542,478.25
58.172,14543,476.56
58.176,14544,458.85
58.180,14545,454.61
58.184,14546,446.69
58.188,14547,454.27
58.192,14548,469.71
58.196,14549,485.73
58.200,14550,503.15
58.204,14551,517.42
58.208,14552,541.56
58.212,14553,545.41
58.216,14554,549.75
58.220,14555,556.64
58.224,14556,545.11
58.228,14557,530.37
58.232,14558,529.79
58.236,14559,519.26
58.240,14560,517.01
58.244,14561,503.12
58.248,14562,506.61
58.252,14563,507.0
58.256,14564,507.24
58.260,14565,496.46
58.264,14566,498.31
58.268,14567,487.18
58.272,14568,479.1
58.276,14569,468.08
58.280,14570,462.05
58.284,14571,460.03
58.288,14572,456.15
58.292,14573,472.2
58.296,14574,495.07
58.300,14575,510.78
58.304,14576,529.58
58.308,14577,542.7
58.312,14578,557.29
58.316,14579,554.76
58.320,14580,561.53
58.324,14581,554.68
58.328,14582,540.35
58.332,14583,535.71
58.336,14584,524.25
58.340,14585,517.68
58.344,14586,515.49
58.348,14587,509.2
58.352,14588,507.62
58.356,14589,499.89
58.360,14590,507.06
58.364,14591,502.04
58.368,14592,493.2
58.372,14593,482.28
58.376,14594,472.53
58.380,14595,466.06
58.384,14596,466.03
58.388,14597,469.74
58.392,14598,478.85
58.396,14599,503.98
58.400,14600,518.71
58.404,14601,530.74
58.408,14602,554.06
58.412,14603,564.23
58.416,14604,569.64
58.420,14605,566.17
58.424,14606,561.54
58.428,14607,546.34
58.432,14608,536.23
58.436,14609,537.21
58.440,14610,525.54
58.444,14611,516.36
58.448,14612,517.85
58.452,14613,507.54
58.456,14614,515.28
58.460,14615,519.29
58.464,14616,508.51
58.468,14617,493.62
58.472,14618,487.16
58.476,14619,481.84
58.480,14620,475.03
58.484,14621,475.24
58.488,14622,479.4
58.492,14623,491.6
58.496,14624,499.61
58.500,14625,520.69
58.504,14626,533.45
58.508,14627,555.2
58.512,14628,571.46
58.516,14629,577.92
58.520,14630,569.14
58.524,14631,569.5
58.528,14632,558.38
58.532,14633,545.33
58.536,14634,539.27
58.540,14635,529.46
58.544,14636,529.74
58.548,14637,523.41
58.552,14638,524.55
58.556,14639,519.59
58.560,14640,515.61
58.564,14641,512.4
58.568,14642,497.42
58.572,14643,492.25
58.576,14644,474.6
58.580,14645,472.47
58.584,14646,467.17
58.588,14647,478.94
58.592,14648,487.02
58.596,14649,504.82
58.600,14650,520.7
58.604,14651,542.39
58.608,14652,552.68
58.612,14653,571.27
58.616,14654,565.58
58.620,14655,574.46
58.624,14656,563.16
58.628,14657,548.83
58.632,14658,548.21
58.636,14659,534.36
58.640,14660,524.83
58.644,14661,520.64
58.648,14662,520.57
58.652,14663,522.17
58.656,14664,519.27
58.660,14665,507.86
58.664,14666,499.72
58.668,14667,490.72
58.672,14668,490.45
58.676,14669,475.71
58.680,14670,462.22
58.684,14671,459.58
58.688,14672,473.44
58.692,14673,480.6
58.696,14674,500.24
58.700,14675,516.93
58.704,14676,535.97
58.708,14677,550.18
58.712,14678,554.27
58.716,14679,569.37
58.720,14680,566.48
58.724,14681,559.71
58.728,14682,545.92
58.732,14683,535.6
58.736,14684,524.01
58.740,14685,516.95
58.744,14686,516.41
58.748,14687,510.73
58.752,14688,515.77
58.756,14689,507.65
58.760,14690,509.22
58.764,14691,495.78
58.768,14692,483.43
58.772,14693,482.39
58.776,14694,466.44
58.780,14695,460.88
58.784,14696,459.15
58.788,14697,466.13
58.792,14698,480.08
58.796,14699,492.45
58.800,14700,505.87
58.804,14701,524.38
58.808,14702,544.72
58.812,14703,557.42
58.816,14704,554.15
58.820,14705,549.92
58.824,14706,546.92
58.828,14707,540.41
58.832,14708,528.72
58.836,14709,523.27
58.840,14710,511.33
58.844,14711,504.14
58.848,14712,505.04
58.852,14713,499.66
58.856,14714,503.2
58.860,14715,501.59
58.864,14716,491.58
58.868,14717,480.28
58.872,14718,476.58
58.876,14719,456.38
58.880,14720,452.14
58.884,14721,464.44
58.888,14722,455.14
58.892,14723,471.15
58.896,14724,484.48
58.900,14725,496.22
58.904,14726,522.23
58.908,14727,536.3
58.912,14728,545.58
58.916,14729,554.21
58.920,14730,549.4
58.924,14731,541.25
58.928,14732,533.57
58.932,14733,521.47
58.936,14734,523.8
58.940,14735,506.26
58.944,14736,506.13
58.948,14737,502.81
58.952,14738,498.52
58.956,14739,502.47
58.960,14740,494.99
58.964,14741,492.13
58.968,14742,473.17
58.972,14743,466.02
58.976,14744,450.97
58.980,14745,453.22
58.984,14746,453.02
58.988,14747,450.48
58.992,14748,464.4
58.996,14749,487.53
59.000,14750,499.98
59.004,14751,521.19
59.008,14752,540.73
59.012,14753,547.76
59.016,14754,557.4
59.020,14755,550.91
59.024,14756,546.08
59.028,14757,534.77
59.032,14758,525.41
59.036,14759,515.78
59.040,14760,509.7
59.044,14761,505.15
59.048,14762,506.52
59.052,14763,501.5
59.056,14764,504.56
59.060,14765,497.03
59.064,14766,492.22
59.068,14767,479.17
59.072,14768,474.25
59.076,14769,460.79
59.080,14770,454.8
59.084,14771,461.87
59.088,14772,458.83
59.092,14773,473.94
59.096,14774,489.47
59.100,14775,508.62
59.104,14776,530.55
59.108,14777,545.22
59.112,14778,547.03
59.116,14779,557.28
59.120,14780,558.34
59.124,14781,546.14
59.128,14782,539.7
59.132,14783,530.09
59.136,14784,518.14
59.140,14785,513.27
59.144,14786,513.6
59.148,14787,513.78
59.152,14788,507.44
59.156,14789,510.78
59.160,14790,506.36
59.164,14791,506.84
59.168,14792,493.7
59.172,14793,474.67
59.176,14794,479.14
59.180,14795,461.95
59.184,14796,459.62
59.188,14797,465.19
59.192,14798,479.62
59.196,14799,492.02
59.200,14800,511.07
59.204,14801,536.25
59.208,14802,545.44
59.212,14803,560.68
59.216,14804,558.14
59.220,14805,561.95
59.224,14806,558.82
59.228,14807,548.76
59.232,14808,542.0
59.236,14809,536.93
59.240,14810,524.62
59.244,14811,519.89
59.248,14812,523.73
59.252,14813,521.78
59.256,14814,517.43
59.260,14815,513.43
59.264,14816,498.11
59.268,14817,491.38
59.272,14818,486.61
59.276,14819,481.05
59.280,14820,464.78
59.284,14821,470.76
59.288,14822,474.29
59.292,14823,488.89
59.296,14824,503.66
59.300,14825,520.18
59.304,14826,538.57
59.308,14827,551.13
59.312,14828,571.81
59.316,14829,571.19
59.320,14830,570.64
59.324,14831,567.18
59.328,14832,554.6
59.332,14833,541.73
59.336,14834,537.94
59.340,14835,529.28
59.344,14836,525.98
59.348,14837,523.21
59.352,14838,514.53
59.356,14839,518.38
59.360,14840,514.4
59.364,14841,513.67
59.368,14842,500.27
59.372,14843,493.31
59.376,14844,472.27
59.380,14845,474.45
59.384,14846,466.16
59.388,14847,473.13
59.392,14848,485.41
59.396,14849,504.6
59.400,14850,520.21
59.404,14851,530.98
59.408,14852,552.44
59.412,14853,564.01
59.416,14854,575.51
59.420,14855,572.01
59.424,14856,561.38
59.428,14857,557.46
59.432,14858,551.21
59.436,14859,539.2
59.440,14860,524.56
59.444,14861,515.65
59.448,14862,519.74
59.452,14863,524.49
59.456,14864,512.25
59.460,14865,517.27
59.464,14866,509.4
59.468,14867,492.36
59.472,14868,487.41
59.476,14869,473.49
59.480,14870,466.4
59.484,14871,468.94
59.488,14872,466.74
59.492,14873,486.68
59.496,14874,505.39
59.500,14875,519.64
59.504,14876,537.81
59.508,14877,553.25
59.512,14878,562.61
59.516,14879,566.17
59.520,14880,567.75
59.524,14881,559.19
59.528,14882,553.56
59.532,14883,537.8
59.536,14884,529.79
59.540,14885,525.41
59.544,14886,518.61
59.548,14887,514.03
59.552,14888,514.45
59.556,14889,510.96
59.560,14890,509.86
59.564,14891,503.95
59.568,14892,488.0
59.572,14893,486.17
59.576,14894,472.39
59.580,14895,465.09
59.584,14896,463.56
59.588,14897,474.67
59.592,14898,472.33
59.596,14899,498.23
59.600,14900,508.2
59.604,14901,528.92
59.608,14902,540.47
59.612,14903,553.19
59.616,14904,562.04
59.620,14905,554.45
59.624,14906,543.16
59.628,14907,538.12
59.632,14908,522.41
59.636,14909,513.34
59.640,14910,515.87
59.644,14911,507.1
59.648,14912,509.78
59.652,14913,506.06
59.656,14914,502.69
59.660,14915,504.94
59.664,14916,496.3
59.668,14917,472.55
59.672,14918,473.83
59.676,14919,459.79
59.680,14920,457.35
59.684,14921,463.01
59.688,14922,465.13
59.692,14923,466.82
59.696,14924,481.85
59.700,14925,503.56
59.704,14926,524.09
59.708,14927,543.99
59.712,14928,547.55
59.716,14929,552.29
59.720,14930,555.13
59.724,14931,547.76
59.728,14932,535.52
59.732,14933,524.61
59.736,14934,518.09
59.740,14935,504.86
59.744,14936,510.31
59.748,14937,502.85
59.752,14938,504.94
59.756,14939,501.27
59.760,14940,487.53
59.764,14941,484.88
59.768,14942,478.87
59.772,14943,465.16
59.776,14944,459.65
59.780,14945,460.67
59.784,14946,447.53
59.788,14947,459.75
59.792,14948,458.95
59.796,14949,479.16
59.800,14950,497.1
59.804,14951,523.34
59.808,14952,539.42
59.812,14953,539.92
59.816,14954,548.06
59.820,14955,544.57
59.824,14956,540.23
59.828,14957,529.79
59.832,14958,524.63
59.836,14959,509.69
59.840,14960,509.6
59.844,14961,497.34
59.848,14962,507.54
59.852,14963,505.08
59.856,14964,505.03
59.860,14965,502.44
59.864,14966,485.31
59.868,14967,478.57
59.872,14968,469.07
59.876,14969,460.83
59.880,14970,452.45
59.884,14971,452.93
59.888,14972,460.34
59.892,14973,461.98
59.896,14974,479.89
59.900,14975,502.16
59.904,14976,530.16
59.908,14977,532.32
59.912,14978,552.67
59.916,14979,554.93
59.920,14980,558.81
59.924,14981,542.61
59.928,14982,540.67
59.932,14983,536.28
59.936,14984,521.2
59.940,14985,509.84
59.944,14986,500.94
59.948,14987,504.74
59.952,14988,513.18
59.956,14989,508.22
59.960,14990,507.69
59.964,14991,496.91
59.968,14992,490.5
59.972,14993,481.97
59.976,14994,464.01
59.980,14995,462.98
59.984,14996,465.19
59.988,14997,462.14
59.992,14998,478.21
59.996,14999,495.56
